ID,Title,Year,Age,Rotten Tomatoes,Netflix,Hulu,Prime Video,Disney+,Type,Genre,Country,Language,IMDb,IMDb_ID,RottenTomatoes_Score,Age_Min,Type_raw,Title_key
1,Breaking Bad,2008,18+,100/100,1,0,0,0,tv_show,"crime television series, drama television series, thriller television series, black comedy",United States,"American English, Spanish language in the Americas",10.0,tt0903747,100,18.0,1,breaking bad
2,Stranger Things,2016,16+,96/100,1,0,0,0,tv_show,"science fiction television program, horror television series, drama television series, fantasy television series",United States,English,9.0,tt4574334,96,16.0,1,stranger things
3,Attack on Titan,2013,18+,95/100,1,1,0,0,tv_show,reality television,United States,English,9.0/10,tt0092400,95,18.0,1,attack on titan
4,Better Call Saul,2015,18+,94/100,1,0,0,0,tv_show,"legal drama, crime television series",United States,English,10.0,tt3032476,94,18.0,1,better call saul
5,Dark,2017,16+,93/100,1,0,0,0,tv_show,"science fiction television program, drama television series, thriller television series, LGBT-related television series",Germany,German,10.0,tt5753856,93,16.0,1,dark
6,Avatar: The Last Airbender,2005,7+,93/100,1,0,1,0,tv_show,"fantasy television series, action television series, drama television series, adventure television series",United States,English,6.0,tt9018736,93,7.0,1,avatar: the last airbender
7,Peaky Blinders,2013,18+,93/100,1,0,0,0,tv_show,"drama television series, historical drama, crime television series",United Kingdom,English,10.0,tt2442560,93,18.0,1,peaky blinders
8,The Walking Dead,2010,18+,93/100,1,0,0,0,tv_show,"horror television series, drama television series, post-apocalyptic television series",United States,English,8.1,tt1520211,93,18.0,1,the walking dead
9,Black Mirror,2011,18+,92/100,1,0,0,0,tv_show,"science fiction television program, drama television series, anthology series, dystopian television series",United Kingdom,English,9.0,tt2085059,92,18.0,1,black mirror
10,The Queen's Gambit,2020,18+,92/100,1,0,0,0,tv_show,reality television,United States,English,8.6/10,tt0092400,92,18.0,1,the queen's gambit
11,Mindhunter,2017,18+,90/100,1,0,0,0,tv_show,"drama television series, thriller television series, LGBT-related television series, crime television series",United States,English,10.0,tt5290382,90,18.0,1,mindhunter
12,Community,2009,7+,90/100,1,1,1,0,tv_show,"sitcom, college life television program",United States,English,9.0,tt1439629,90,7.0,1,community
13,Narcos,2015,18+,90/100,1,0,0,0,tv_show,"drama television series, crime television series, biographical television program",United States,"English, Spanish",9.0,tt2707408,90,18.0,1,narcos
14,Shameless,2011,18+,90/100,1,1,1,0,tv_show,"comedy drama, LGBT-related television series",United States,English,9.0,tt1586680,90,18.0,1,shameless
15,Money Heist,2017,18+,90/100,1,0,0,0,tv_show,"action television series, black comedy, buddy film, buddy cop film",Spain,Spanish,9.0,tt6468322,90,18.0,1,money heist
16,Marvel's Daredevil,2015,18+,90/100,1,0,0,0,tv_show,"action television series, fantasy television series, adventure television series, drama television series",United States,English,8.0,tt3322312,90,18.0,1,marvel's daredevil
17,Lucifer,2016,16+,90/100,1,0,0,0,tv_show,"crime television series, horror television series, comedy drama, fantasy television series","United States, Czech Republic",English,10.0,tt4052886,90,16.0,1,lucifer
18,Supernatural,2005,16+,89/100,1,0,0,0,tv_show,"thriller television series, fantasy television series, action television series, horror television series","Canada, United States",English,10.0,tt0460681,89,16.0,1,supernatural
19,The Witcher,2019,18+,89/100,1,0,0,0,tv_show,"fantasy television series, drama television series, film based on literature","United States, Poland, Hungary",English,8.0,tt5180504,89,18.0,1,the witcher
20,Ozark,2017,18+,89/100,1,0,0,0,tv_show,"drama television series, crime television series",United States,English,9.0,tt5071412,89,18.0,1,ozark
21,The Crown,2016,18+,89/100,1,0,0,0,tv_show,"drama television series, historical television series","United Kingdom, United States",English,9.0,tt4786824,89,18.0,1,the crown
22,Cobra Kai,2018,16+,89/100,1,0,0,0,tv_show,"comedy drama, action television series",United States,English,8.0,tt7221388,89,16.0,1,cobra kai
23,The Blacklist,2013,16+,88/100,1,0,0,0,tv_show,"crime television series, thriller television series, drama television series",United States,English,9.0,tt2741602,88,16.0,1,the blacklist
24,The Flash,2014,16+,88/100,1,0,0,0,tv_show,"science fiction television program, superhero television program, action television series, drama television series",United States,English,7.5,tt3107288,88,16.0,1,the flash
25,Outlander,2014,18+,88/100,1,0,0,0,tv_show,"fantasy television series, drama television series, adventure television series, historical television series","United States, United Kingdom","English, Scottish Gaelic, French",8.0,tt3006802,88,18.0,1,outlander
26,Fullmetal Alchemist: Brotherhood,2009,16+,88/100,1,1,0,0,tv_show,reality television,United States,English,9.1/10,tt0092400,88,16.0,1,fullmetal alchemist: brotherhood
27,The Good Place,2016,16+,88/100,1,0,0,0,tv_show,"fantasy television series, comedy television series",United States,English,10.0,tt4955642,88,16.0,1,the good place
28,House of Cards,2013,18+,88/100,1,0,0,0,tv_show,"political thriller, political drama",United States,English,9.0,tt1856010,88,18.0,1,house of cards
29,Atypical,2017,16+,88/100,1,0,0,0,tv_show,"comedy drama, LGBT-related television series",United States,English,10.0,tt6315640,88,16.0,1,atypical
30,Grey's Anatomy,2005,16+,87/100,1,1,0,0,tv_show,medical drama,United States,English,8.0,tt0413573,87,16.0,1,grey's anatomy
31,Arrested Development,2003,16+,87/100,1,1,0,0,tv_show,reality television,United States,English,8.7/10,tt0092400,87,16.0,1,arrested development
32,Lupin,2021,18+,87/100,1,0,0,0,tv_show,"crime television series, mystery television series",France,French,7.0,tt2531336,87,18.0,1,lupin
33,The Umbrella Academy,2019,16+,87/100,1,0,0,0,tv_show,"action television series, drama television series, superhero television program, television adaptation",United States,English,7.0,tt1312171,87,16.0,1,the umbrella academy
34,Orange Is the New Black,2013,18+,87/100,1,0,0,0,tv_show,"comedy drama, LGBT-related television series, crime television series",United States,American English,8.0,tt2372162,87,18.0,1,orange is the new black
35,The Vampire Diaries,2009,16+,86/100,1,0,0,0,tv_show,"fantasy television series, horror television series, drama television series, youth series",United States,English,10.0,tt1405406,86,16.0,1,the vampire diaries
36,Demon Slayer: Kimetsu no Yaiba,2019,18+,86/100,1,1,0,0,tv_show,reality television,United States,English,8.7/10,tt0092400,86,18.0,1,demon slayer: kimetsu no yaiba
37,The Last Dance,2020,16+,86/100,1,0,0,0,tv_show,television documentary,United States,English,10.0,tt8420184,86,16.0,1,the last dance
38,American Horror Story,2011,18+,86/100,1,1,1,0,tv_show,"anthology series, horror television series",United States,English,7.0,tt1844624,86,18.0,1,american horror story
39,Elite,2018,18+,86/100,1,0,0,0,tv_show,"thriller television series, teen drama television, LGBT-related television series",Spain,Spanish,7.0,tt7134908,86,18.0,1,elite
40,BoJack Horseman,2014,18+,86/100,1,0,0,0,tv_show,reality television,United States,English,8.7/10,tt0092400,86,18.0,1,bojack horseman
41,Star Trek: The Next Generation,1987,7+,86/100,1,1,1,0,tv_show,"science fiction television program, adventure television series",United States,English,8.7,tt0092455,86,7.0,1,star trek: the next generation
42,Broadchurch,2013,18+,86/100,1,0,0,0,tv_show,"thriller television series, police television drama",United Kingdom,English,9.0,tt2249364,86,18.0,1,broadchurch
43,The IT Crowd,2006,16+,86/100,1,0,0,0,tv_show,sitcom,United Kingdom,English,10.0,tt0487831,86,16.0,1,the it crowd
44,When They See Us,2019,18+,86/100,1,0,0,0,tv_show,reality television,United States,English,8.9/10,tt0092400,86,18.0,1,when they see us
45,"Love, Death & Robots",2019,18+,86/100,1,0,0,0,tv_show,reality television,United States,English,8.5/10,tt0092400,86,18.0,1,"love, death & robots"
46,Schitt's Creek,2015,16+,86/100,1,0,0,0,tv_show,"sitcom, LGBT-related television series",Canada,English,10.0,tt3526078,86,16.0,1,schitt's creek
47,Marvel's Agents of S.H.I.E.L.D.,2013,16+,86/100,1,0,0,0,tv_show,"science fiction television program, fantasy television series, action television series, adventure television series",United States,English,7.0,tt2364582,86,16.0,1,marvel's agents of s.h.i.e.l.d.
48,Never Have I Ever,2020,16+,86/100,1,0,0,0,tv_show,"comedy drama, teen drama television, LGBT-related television series",United States,English,7.0,tt10062292,86,16.0,1,never have i ever
49,The 100,2014,16+,86/100,1,0,0,0,tv_show,"post-apocalyptic television series, science fiction television program, speculative fiction, LGBT-related television series",United States,English,8.0,tt2661044,86,16.0,1,the 100
50,American Crime Story,2016,18+,85/100,1,0,0,0,tv_show,"anthology series, crime television series, drama television series",United States,English,8.0,tt2788432,85,18.0,1,american crime story
51,The Last Kingdom,2015,18+,85/100,1,0,0,0,tv_show,"historical drama, television series based on a novel",United Kingdom,English,9.0,tt4179452,85,18.0,1,the last kingdom
52,The End of the F***ing World,2017,18+,85/100,1,0,0,0,tv_show,"teen drama television, black comedy, coming-of-age television program",United Kingdom,English,8.0,tt6257970,85,18.0,1,the end of the f***ing world
53,New Girl,2011,16+,85/100,1,0,0,0,tv_show,sitcom,United States,English,8.0,tt1826940,85,16.0,1,new girl
54,Penny Dreadful,2014,18+,85/100,1,0,1,0,tv_show,"horror television series, thriller television series, drama television series, LGBT-related television series","United Kingdom, United States",English,7.0,tt2628232,85,18.0,1,penny dreadful
55,One Piece,1999,7+,85/100,1,1,0,0,tv_show,reality television,United States,English,8.8/10,tt0092400,85,7.0,1,one piece
56,Marvel's The Punisher,2017,18+,85/100,1,0,0,0,tv_show,"action television series, crime television series, adventure television series, thriller television series",United States,English,9.0,tt5675620,85,18.0,1,marvel's the punisher
57,Evil,2019,18+,85/100,1,0,0,0,tv_show,thriller television series,United States,English,7.0,tt9055008,85,18.0,1,evil
58,YOU,2018,18+,85/100,1,0,0,0,tv_show,"thriller television series, television series based on a novel",United States,English,8.0,tt7335184,85,18.0,1,you
59,Sense8,2015,18+,84/100,1,0,0,0,tv_show,"science fiction television program, drama television series, LGBT-related television series",United States,English,8.0,tt2431438,84,18.0,1,sense8
60,Making a Murderer,2015,16+,84/100,1,0,0,0,tv_show,documentary film,United States,English,10.0,tt5189670,84,16.0,1,making a murderer
61,Unbelievable,2019,18+,84/100,1,0,0,0,tv_show,reality television,United States,English,8.4/10,tt0092400,84,18.0,1,unbelievable
62,Arrow,2012,16+,84/100,1,0,0,0,tv_show,"science fiction television program, action television series, superhero fiction, crime television series",United States,"English, Spanish, Russian",7.0,tt2193021,84,16.0,1,arrow
63,Sex Education,2019,18+,84/100,1,0,0,0,tv_show,"teen drama television, LGBT-related television series, coming-of-age television program, comedy drama",United Kingdom,English,10.0,tt7767422,84,18.0,1,sex education
64,Marvel's Jessica Jones,2015,18+,84/100,1,0,0,0,tv_show,"action television series, fantasy television series, crime television series, thriller television series",United States,English,9.0,tt2357547,84,18.0,1,marvel's jessica jones
65,Sweet Tooth,2021,16+,84/100,1,0,0,0,tv_show,"fantasy television series, drama television series, post-apocalyptic television series",United States,English,7.7,tt12809988,84,16.0,1,sweet tooth
66,Good Girls,2018,16+,84/100,1,1,0,0,tv_show,comedy drama,United States,English,9.0,tt6474378,84,16.0,1,good girls
67,Death Note,2006,16+,84/100,1,1,0,0,tv_show,reality television,United States,English,9.0/10,tt0092400,84,16.0,1,death note
68,Gilmore Girls,2000,16+,84/100,1,0,0,0,tv_show,"comedy drama, youth series",United States,English,8.2,tt0238784,84,16.0,1,gilmore girls
69,The Legend of Korra,2012,7+,83/100,1,0,0,0,tv_show,reality television,United States,English,8.4/10,tt0092400,83,7.0,1,the legend of korra
70,How to Get Away with Murder,2014,16+,83/100,1,1,0,0,tv_show,"legal drama, mystery television series, thriller television series, LGBT-related television series",United States,English,10.0,tt3205802,83,16.0,1,how to get away with murder
71,Master of None,2015,18+,83/100,1,0,0,0,tv_show,comedy television series,United States,English,10.0,tt4635276,83,18.0,1,master of none
72,Chappelle's Show,2003,18+,83/100,1,0,0,0,tv_show,comedy film,United States,English,8.8,tt0353049,83,18.0,1,chappelle's show
73,One-Punch Man,2015,7+,83/100,1,1,0,0,tv_show,reality television,United States,English,8.8/10,tt0092400,83,7.0,1,one-punch man
74,Downton Abbey,2010,16+,83/100,1,0,1,0,tv_show,"historical drama, drama television series, historical television series",United Kingdom,English,10.0,tt1606375,83,16.0,1,downton abbey
75,Gotham,2014,16+,83/100,1,0,0,0,tv_show,"fantasy television series, drama television series, crime television series, LGBT-related television series",United States,English,9.0,tt3749900,83,16.0,1,gotham
76,Pose,2018,18+,83/100,1,0,0,0,tv_show,reality television,United States,English,8.6/10,tt0092400,83,18.0,1,pose
77,Bodyguard,2018,18+,83/100,1,0,0,0,tv_show,drama,United Kingdom,English,9.0,tt7493974,83,18.0,1,bodyguard
78,Altered Carbon,2018,18+,83/100,1,0,0,0,tv_show,"cyberpunk, action television series, crime television series, science fiction television program",United States,English,9.0,tt2261227,83,18.0,1,altered carbon
79,Ash vs Evil Dead,2015,18+,83/100,1,0,0,0,tv_show,"comedy horror, fantasy television series",United States,English,9.0,tt4189022,83,18.0,1,ash vs evil dead
80,The Sinner,2017,16+,83/100,1,0,0,0,tv_show,"thriller television series, LGBT-related television series, television series based on a novel",United States,English,7.8,tt6048596,83,16.0,1,the sinner
81,Our Planet,2019,all,82/100,1,0,0,0,tv_show,documentary film,United Kingdom,English,10.0,tt9253866,82,16.0,1,our planet
82,Narcos: Mexico,2018,18+,82/100,1,0,0,0,tv_show,"drama film, telenarconovela","United States, Mexico",English,9.0,tt8714904,82,18.0,1,narcos: mexico
83,Shadow and Bone,2021,16+,82/100,1,0,0,0,tv_show,"fantasy television series, adventure television series, television series based on a novel, teen drama television",United States,English,6.0,tt2403776,82,16.0,1,shadow and bone
84,Castlevania,2017,18+,82/100,1,0,0,0,tv_show,reality television,United States,English,8.3/10,tt0092400,82,18.0,1,castlevania
85,Star Trek,1966,7+,82/100,1,1,1,0,tv_show,"adventure television series, science fiction television program",United States,English,9.0,tt0060028,82,7.0,1,star trek
86,The Kominsky Method,2018,18+,82/100,1,0,0,0,tv_show,comedy drama,United States,English,10.0,tt7255502,82,18.0,1,the kominsky method
87,Hunter x Hunter,2011,16+,82/100,1,1,0,0,tv_show,reality television,United States,English,9.0/10,tt0092400,82,16.0,1,hunter x hunter
88,Dead to Me,2019,18+,82/100,1,0,0,0,tv_show,comedy drama,United States,English,10.0,tt8064302,82,18.0,1,dead to me
89,The Haunting of Hill House,2018,18+,82/100,1,0,0,0,tv_show,reality television,United States,English,8.6/10,tt0092400,82,18.0,1,the haunting of hill house
90,Russian Doll,2019,18+,82/100,1,0,0,0,tv_show,comedy television series,United States,English,10.0,tt7520794,82,18.0,1,russian doll
91,Kingdom,2019,18+,82/100,1,1,0,0,tv_show,reality television,United States,English,8.4/10,tt0092400,82,18.0,1,kingdom
92,Neon Genesis Evangelion,1995,16+,82/100,1,0,0,0,tv_show,reality television,United States,English,8.5/10,tt0092400,82,16.0,1,neon genesis evangelion
93,Naruto,2002,7+,81/100,1,1,0,0,tv_show,reality television,United States,English,8.3/10,tt0092400,81,7.0,1,naruto
94,NCIS,2003,16+,81/100,1,0,0,0,tv_show,"police procedural, action television series, drama television series",United States,English,7.8,tt0364845,81,16.0,1,ncis
95,Manifest,2018,16+,81/100,1,1,0,0,tv_show,drama film,United States,English,7.0,tt8421350,81,16.0,1,manifest
96,Halt and Catch Fire,2014,16+,81/100,1,0,0,0,tv_show,"drama television series, historical drama, LGBT-related television series",United States,English,9.0,tt2543312,81,16.0,1,halt and catch fire
97,Monty Python's Flying Circus,1969,16+,81/100,1,0,0,0,tv_show,comedy television series,United Kingdom,English,8.8,tt0063929,81,16.0,1,monty python's flying circus
98,After Life,2019,18+,81/100,1,0,0,0,tv_show,black comedy,United Kingdom,English,9.0,tt8398600,81,18.0,1,after life
99,Riverdale,2017,16+,81/100,1,1,0,0,tv_show,"drama television series, youth series, LGBT-related television series, romance television series",United States,English,7.0,tt5420376,81,16.0,1,riverdale
100,Big Mouth,2017,18+,81/100,1,0,0,0,tv_show,"hardboiled, film noir, crime television series, action television series",South Korea,Korean,9.0,tt21195490,81,18.0,1,big mouth
101,I Think You Should Leave with Tim Robinson,2019,18+,81/100,1,0,0,0,tv_show,sketch comedy,United States,English,8.0,tt10050772,81,18.0,1,i think you should leave with tim robinson
102,Derry Girls,2018,16+,81/100,1,0,0,0,tv_show,sitcom,United Kingdom,English,9.0,tt7120662,81,16.0,1,derry girls
103,The Promised Neverland,2019,18+,81/100,1,1,0,0,tv_show,reality television,United States,English,8.5/10,tt0092400,81,18.0,1,the promised neverland
104,Lost in Space,2018,7+,80/100,1,1,0,0,tv_show,"science fiction television program, adventure science fiction",United States,English,8.0,tt0058824,80,7.0,1,lost in space
105,Star Trek: Deep Space Nine,1993,7+,80/100,1,1,1,0,tv_show,"science fiction television program, adventure television series",United States,English,9.0,tt0106145,80,7.0,1,star trek: deep space nine
106,Jane the Virgin,2014,16+,80/100,1,0,0,0,tv_show,"comedy drama, soap opera, romantic comedy",United States,"English, Spanish",9.0,tt3566726,80,16.0,1,jane the virgin
107,Godless,2017,18+,80/100,1,0,0,0,tv_show,"Westerns on television, drama television series",United States,English,9.0,tt5516154,80,18.0,1,godless
108,The OA,2016,18+,80/100,1,0,0,0,tv_show,"drama television series, mystery television series, science fiction television program, LGBT-related television series",United States,English,8.0,tt4635282,80,18.0,1,the oa
109,DC's Legends of Tomorrow,2016,16+,80/100,1,0,0,0,tv_show,"action television series, superhero television program, science fiction television program, LGBT-related television series",United States,English,7.0,tt4532368,80,16.0,1,dc's legends of tomorrow
110,Sacred Games,2018,18+,80/100,1,0,0,0,tv_show,"crime television series, thriller television series, LGBT-related television series, television series based on a novel",India,Hindi,10.0,tt6077448,80,18.0,1,sacred games
111,iZombie,2015,16+,80/100,1,0,0,0,tv_show,"comedy drama, television adaptation, zombie television program, crime television series",United States,English,8.0,tt3501584,80,16.0,1,izombie
112,Longmire,2012,16+,80/100,1,0,0,0,tv_show,"drama television series, television series based on a novel, Westerns on television",United States,English,8.0,tt1836037,80,16.0,1,longmire
113,Happy Endings,2011,16+,80/100,1,1,0,0,tv_show,"romantic comedy, American television sitcom, sitcom, LGBT-related television series",United States,English,8.0,tt1587678,80,16.0,1,happy endings
114,Into the Badlands,2015,16+,80/100,1,0,0,0,tv_show,"action television series, post-apocalyptic television series",United States,English,8.0,tt3865236,80,16.0,1,into the badlands
115,The Originals,2013,16+,80/100,1,0,0,0,tv_show,"teen drama television, vampire television program, werewolf television program, fantasy television series",United States,English,9.0,tt2632424,80,16.0,1,the originals
116,Anne with an E,2017,all,80/100,1,0,0,0,tv_show,"drama television series, television series based on a novel",Canada,English,10.0,tt5421602,80,16.0,1,anne with an e
117,Grace and Frankie,2015,18+,80/100,1,0,0,0,tv_show,"sitcom, comedy television series, LGBT-related television series",United States,English,8.2,tt3609352,80,18.0,1,grace and frankie
118,Chilling Adventures of Sabrina,2018,16+,80/100,1,0,0,0,tv_show,"drama television series, paranormal television program, horror television series, LGBT-related television series",United States,English,9.0,tt7569592,80,16.0,1,chilling adventures of sabrina
119,Queen of the South,2016,16+,79/100,1,0,0,0,tv_show,"thriller television series, television series based on a novel",United States,English,10.0,tt1064899,79,16.0,1,queen of the south
120,A Series of Unfortunate Events,2017,7+,79/100,1,0,0,0,tv_show,"black comedy, drama television series, television series based on a novel",United States,English,7.0,tt4834206,79,7.0,1,a series of unfortunate events
121,Bridgerton,2020,16+,79/100,1,0,0,0,tv_show,"television series based on a novel, alternate history television series, historical drama, romantic fiction",United States,English,7.0,tt8740790,79,16.0,1,bridgerton
122,Unorthodox,2020,18+,79/100,1,0,0,0,tv_show,reality television,United States,English,8.0/10,tt0092400,79,18.0,1,unorthodox
123,Stargate SG-1,1997,13+,79/100,1,1,0,0,tv_show,"science fiction television program, adventure television series, action television series","United States, Canada",English,8.4,tt0118480,79,13.0,1,stargate sg-1
124,Outer Banks,2020,18+,79/100,1,0,0,0,tv_show,"action television series, teen drama television, adventure television series, mystery television series",United States,English,7.0,tt10293938,79,18.0,1,outer banks
125,13 Reasons Why,2017,18+,79/100,1,0,0,0,tv_show,"drama television series, thriller television series, youth series",United States,English,8.0,tt1837492,79,18.0,1,13 reasons why
126,Unbreakable Kimmy Schmidt,2015,16+,79/100,1,0,0,0,tv_show,"comedy television series, sitcom, LGBT-related television series",United States,English,7.0,tt3339966,79,16.0,1,unbreakable kimmy schmidt
127,Marvel's Luke Cage,2016,18+,79/100,1,0,0,0,tv_show,"science fiction television program, crime television series, superhero television program",United States,English,7.0,tt3322314,79,18.0,1,marvel's luke cage
128,GLOW,2017,18+,79/100,1,0,0,0,tv_show,"drama television series, comedy television series, LGBT-related television series",United States,English,8.0,tt5770786,79,18.0,1,glow
129,Borgen,2010,18+,79/100,1,0,0,0,tv_show,"crime television series, political drama",Denmark,Danish,10.0,tt1526318,79,18.0,1,borgen
130,The 4400,2004,7+,79/100,1,0,0,0,tv_show,"science fiction television program, mystery television series, drama television series",United States,English,8.0,tt0389564,79,7.0,1,the 4400
131,Alias Grace,2017,18+,79/100,1,0,0,0,tv_show,reality television,United States,English,7.7/10,tt0092400,79,18.0,1,alias grace
132,All American,2018,16+,79/100,1,0,0,0,tv_show,drama television series,United States,English,3.0,tt7414406,79,16.0,1,all american
133,Santa Clarita Diet,2017,18+,79/100,1,0,0,0,tv_show,comedy horror,United States,English,9.0,tt5580540,79,18.0,1,santa clarita diet
134,Reign,2013,16+,78/100,1,0,0,0,tv_show,"period drama film, historical drama",United States,English,7.4,tt2710394,78,16.0,1,reign
135,Maniac,2018,18+,78/100,1,0,0,0,tv_show,black comedy,United States,English,8.0,tt5580146,78,18.0,1,maniac
136,Dark Matter,2015,18+,78/100,1,0,1,0,tv_show,"space opera, drama television series, science fiction television program","Canada, United States",English,9.0,tt4159076,78,18.0,1,dark matter
137,Star Trek: Voyager,1995,7+,78/100,1,1,1,0,tv_show,"science fiction television program, adventure television series",United States,English,8.0,tt0112178,78,7.0,1,star trek: voyager
138,"Tiger King: Murder, Mayhem and Madness",2020,18+,78/100,1,0,0,0,tv_show,"television documentary, true crime",United States,English,7.0,tt11823076,78,18.0,1,"tiger king: murder, mayhem and madness"
139,Call the Midwife,2012,16+,78/100,1,0,0,0,tv_show,"medical drama, drama television series, film based on book, historical drama",United Kingdom,English,10.0,tt1983079,78,16.0,1,call the midwife
140,Queer Eye,2018,16+,78/100,1,0,0,0,tv_show,"reality television, LGBT-related television series, makeover reality television series",United States,American English,10.0,tt7259746,78,16.0,1,queer eye
141,American Vandal,2017,16+,78/100,1,0,0,0,tv_show,mockumentary,United States,English,10.0,tt6877772,78,16.0,1,american vandal
142,Wynonna Earp,2016,16+,78/100,1,0,0,0,tv_show,"dark fantasy, drama television series, thriller television series, Westerns on television","Canada, United States",English,9.0,tt4878326,78,16.0,1,wynonna earp
143,Marvel's The Defenders,2017,18+,78/100,1,0,0,0,tv_show,"action television series, fantasy television series, adventure television series, drama television series",United States,English,6.0,tt4230076,78,18.0,1,marvel's the defenders
144,HAPPY!,2017,18+,77/100,1,0,0,0,tv_show,fantasy television series,United States,English,8.0,tt2452242,77,18.0,1,happy!
145,Haikyu!!,2014,16+,77/100,1,1,0,0,tv_show,reality television,United States,English,8.7/10,tt0092400,77,16.0,1,haikyu!!
146,Colony,2016,16+,77/100,1,0,0,0,tv_show,reality television,United States,English,7.4/10,tt0092400,77,16.0,1,colony
147,Heartland,2007,7+,77/100,1,0,1,0,tv_show,drama television series,Canada,English,9.0,tt1094229,77,7.0,1,heartland
148,Alone,2015,16+,77/100,1,1,0,0,tv_show,reality television,United States,English,8.4/10,tt0092400,77,16.0,1,alone
149,Marco Polo,2014,18+,77/100,1,0,1,0,tv_show,"drama film, historical fantasy",United States,English,8.0,tt2189461,77,18.0,1,marco polo
150,Wild Wild Country,2018,16+,77/100,1,0,0,0,tv_show,television documentary,United States,English,7.0,tt7768848,77,16.0,1,wild wild country
151,The Dragon Prince,2018,7+,77/100,1,0,0,0,tv_show,reality television,United States,English,8.4/10,tt0092400,77,7.0,1,the dragon prince
152,Locke & Key,2020,16+,77/100,1,0,0,0,tv_show,"fantasy television series, teen drama television, adventure television series",United States,English,7.0,tt3007572,77,16.0,1,locke & key
153,Love,2016,18+,77/100,1,0,0,0,tv_show,reality television,United States,English,7.7/10,tt0092400,77,18.0,1,love
154,One Day at a Time,2017,7+,77/100,1,0,0,0,tv_show,"sitcom, LGBT-related television series",United States,English,10.0,tt5339440,77,7.0,1,one day at a time
155,Feel Good,2020,18+,77/100,1,0,0,0,tv_show,comedy drama,United Kingdom,English,10.0,tt10098620,77,18.0,1,feel good
156,Fauda,2015,16+,77/100,1,0,0,0,tv_show,"political thriller, thriller television series, action television series, drama television series",Israel,"Hebrew, Arabic",9.0,tt4565380,77,16.0,1,fauda
157,The Dark Crystal: Age of Resistance,2019,7+,77/100,1,0,0,0,tv_show,"fantasy television series, dark fantasy television program","United Kingdom, United States",English,8.0,tt6905598,77,7.0,1,the dark crystal: age of resistance
158,Top Boy,2011,18+,77/100,1,0,0,0,tv_show,drama television series,United Kingdom,English,10.0,tt1830379,77,18.0,1,top boy
159,I Am Not Okay with This,2020,18+,77/100,1,0,0,0,tv_show,"comedy drama, fantasy television series",United States,English,8.0,tt9446688,77,18.0,1,i am not okay with this
160,Supergirl,2015,16+,77/100,1,0,0,0,tv_show,"action television series, drama television series, superhero television program, adventure television series",United States,English,8.0,tt4016454,77,16.0,1,supergirl
161,The Shannara Chronicles,2016,16+,77/100,1,0,0,0,tv_show,"post-apocalyptic television series, television series based on a novel, fantasy television series",United States,English,6.0,tt1051220,77,16.0,1,the shannara chronicles
162,Designated Survivor,2016,7+,77/100,1,0,0,0,tv_show,political drama,United States,English,8.0,tt5296406,77,7.0,1,designated survivor
163,Travelers,2016,16+,77/100,1,0,0,0,tv_show,"science fiction television program, time-travel television program, science fiction","Canada, United States",English,8.0,tt5651844,77,16.0,1,travelers
164,StartUp,2016,18+,77/100,1,0,0,0,tv_show,drama television series,United States,English,8.0,tt5028002,77,18.0,1,startup
165,Ripper Street,2012,18+,77/100,1,0,0,0,tv_show,"drama television series, mystery television series, historical fiction",United Kingdom,English,9.0,tt2183641,77,18.0,1,ripper street
166,Episodes,2011,18+,77/100,1,0,0,0,tv_show,"sitcom, LGBT-related television series","United Kingdom, United States",English,9.0,tt1582350,77,18.0,1,episodes
167,Crazy Ex-Girlfriend,2015,16+,76/100,1,0,0,0,tv_show,"comedy drama, LGBT-related television series, musical, romantic comedy",United States,English,10.0,tt4094300,76,16.0,1,crazy ex-girlfriend
168,Bloodline,2015,18+,76/100,1,0,0,0,tv_show,"drama television series, thriller television series",United States,English,8.0,tt3520702,76,18.0,1,bloodline
169,Black Summer,2019,18+,76/100,1,0,0,0,tv_show,"drama television series, post-apocalyptic television series",United States,English,6.6,tt8923854,76,18.0,1,black summer
170,The Borgias,2011,18+,76/100,1,0,0,0,tv_show,"historical television series, thriller television series",Canada,English,8.0,tt1582457,76,18.0,1,the borgias
171,Glee,2009,16+,76/100,1,0,1,0,tv_show,"comedy drama, musical, youth series, LGBT-related television series",United States,English,8.0,tt1327801,76,16.0,1,glee
172,The Stranger,2020,18+,76/100,1,0,0,0,tv_show,reality television,United States,English,7.3/10,tt0092400,76,18.0,1,the stranger
173,Virgin River,2019,16+,76/100,1,0,0,0,tv_show,"romance film, drama television series, television series based on a novel",United States,English,7.0,tt9077530,76,16.0,1,virgin river
174,Lilyhammer,2012,18+,76/100,1,0,0,0,tv_show,"comedy drama, crime television series","Norway, United States","Norwegian, English",8.0,tt1958961,76,18.0,1,lilyhammer
175,Dirty John,2018,18+,76/100,1,0,0,0,tv_show,true crime,United States,English,10.0,tt7945720,76,18.0,1,dirty john
176,TURN: Washington's Spies,2014,16+,76/100,1,0,0,0,tv_show,"historical drama, film based on book",United States,English,9.0,tt2543328,76,16.0,1,turn: washington's spies
177,Star Trek: Enterprise,2001,7+,76/100,1,1,1,0,tv_show,"science fiction television program, action television series, military science fiction, adventure television series",United States,"English, Klingon",7.0,tt0244365,76,7.0,1,star trek: enterprise
178,She-Ra and the Princesses of Power,2018,all,75/100,1,0,0,0,tv_show,reality television,United States,English,7.9/10,tt0092400,75,16.0,1,she-ra and the princesses of power
179,Merlin,2008,7+,75/100,1,1,1,0,tv_show,"fantasy television series, adventure television series, drama television series",United Kingdom,English,7.9,tt1199099,75,7.0,1,merlin
180,The Magicians,2015,16+,75/100,1,0,0,0,tv_show,"fantasy television series, LGBT-related television series, television series based on a novel, college life television program",United States,English,8.0,tt4254242,75,16.0,1,the magicians
181,Ginny & Georgia,2021,16+,75/100,1,0,0,0,tv_show,reality television,United States,English,9.0,tt10813940,75,16.0,1,ginny & georgia
182,The Spy,2019,18+,75/100,1,0,0,0,tv_show,"drama television series, film based on book",France,English,8.0,tt5952634,75,18.0,1,the spy
183,On My Block,2018,16+,75/100,1,0,0,0,tv_show,coming-of-age fiction,United States,"English, Spanish",7.0,tt7879820,75,16.0,1,on my block
184,The Movies That Made Us,2019,18+,75/100,1,0,0,0,tv_show,television documentary,United States,English,5.0,tt10681222,75,18.0,1,the movies that made us
185,Chef's Table,2015,all,75/100,1,0,0,0,tv_show,television documentary,United States,English,8.0,tt4295140,75,16.0,1,chef's table
186,Biohackers,2020,18+,75/100,1,0,0,0,tv_show,"techno-thriller, science fiction television program, drama film",Germany,German,7.0,tt9849210,75,18.0,1,biohackers
187,The Seven Deadly Sins,2014,16+,75/100,1,0,0,0,tv_show,reality television,United States,English,8.0/10,tt0092400,75,16.0,1,the seven deadly sins
188,The Keepers,2017,16+,75/100,1,0,0,0,tv_show,reality television,United States,English,8.0,tt6792200,75,16.0,1,the keepers
189,F is for Family,2015,18+,74/100,1,0,0,0,tv_show,reality television,United States,English,8.0/10,tt0092400,74,18.0,1,f is for family
190,The Midnight Gospel,2020,18+,74/100,1,0,0,0,tv_show,reality television,United States,English,8.2/10,tt0092400,74,18.0,1,the midnight gospel
191,Ragnarok,2020,18+,74/100,1,0,1,0,tv_show,"fantasy television series, drama television series, speculative fiction","Norway, Denmark","Norwegian, Old Norse, English",9.0,tt9251798,74,18.0,1,ragnarok
192,Legacies,2018,16+,74/100,1,0,0,0,tv_show,"drama television series, horror television series, fantasy television series, youth series",United States,English,6.0,tt8103070,74,16.0,1,legacies
193,The Order,2019,18+,74/100,1,0,0,0,tv_show,reality television,United States,English,6.8/10,tt0092400,74,18.0,1,the order
194,Disenchantment,2018,16+,74/100,1,0,0,0,tv_show,reality television,United States,English,7.2/10,tt0092400,74,16.0,1,disenchantment
195,Dead Set,2008,18+,74/100,1,0,0,0,tv_show,zombie film,United Kingdom,English,8.0,tt1285482,74,18.0,1,dead set
196,Dirty Money,2018,16+,74/100,1,0,0,0,tv_show,documentary film,United States,English,10.0,tt7889220,74,16.0,1,dirty money
197,The Staircase,2005,16+,74/100,1,0,0,0,tv_show,reality television,United States,English,7.9/10,tt0092400,74,16.0,1,the staircase
198,Soul Eater,2008,16+,74/100,1,1,0,0,tv_show,reality television,United States,English,7.8/10,tt0092400,74,16.0,1,soul eater
199,Into the Night,2020,18+,74/100,1,0,0,0,tv_show,"post-apocalyptic television series, science fiction television program, drama television series, thriller television series",Belgium,"French, Dutch, English",6.0,tt10919486,74,18.0,1,into the night
200,The Haunting of Bly Manor,2020,16+,74/100,1,0,0,0,tv_show,reality television,United States,English,7.4/10,tt0092400,74,16.0,1,the haunting of bly manor
201,Julie and the Phantoms,2020,7+,74/100,1,0,0,0,tv_show,reality television,United States,English,10.0,tt10183988,74,7.0,1,julie and the phantoms
202,Leyla ile Mecnun,2011,7+,74/100,1,0,0,0,tv_show,reality television,Turkey,Turkish,10.0,tt1831164,74,7.0,1,leyla ile mecnun
203,Living with Yourself,2019,18+,74/100,1,0,0,0,tv_show,"comedy, romantic comedy, black comedy",United States,English,7.0,tt8880894,74,18.0,1,living with yourself
204,Young Royals,2021,16+,74/100,1,0,0,0,tv_show,teen drama television,Sweden,Swedish,10.0,tt14664414,74,16.0,1,young royals
205,Hilda,2018,7+,74/100,1,0,0,0,tv_show,reality television,United States,English,8.6/10,tt0092400,74,7.0,1,hilda
206,The Mechanism,2018,18+,74/100,1,0,0,0,tv_show,political drama,Brazil,Brazilian Portuguese,8.0,tt6873658,74,18.0,1,the mechanism
207,ERASED,2016,16+,74/100,1,1,0,0,tv_show,"drama television series, mystery television series",Japan,Japanese,9.0,tt7573686,74,16.0,1,erased
208,Formula 1: Drive to Survive,2019,16+,74/100,1,0,0,0,tv_show,television documentary,United Kingdom,English,10.0,tt8289930,74,16.0,1,formula 1: drive to survive
209,Don't F**k with Cats: Hunting an Internet Killer,2019,18+,74/100,1,0,0,0,tv_show,"true crime, television documentary, drama television series",United States,English,9.0,tt11318602,74,18.0,1,don't f**k with cats: hunting an internet killer
210,Kim's Convenience,2016,16+,73/100,1,0,0,0,tv_show,sitcom,Canada,English,8.0,tt5912064,73,16.0,1,kim's convenience
211,The Society,2019,18+,73/100,1,0,0,0,tv_show,"mystery television series, LGBT-related television series",United States,English,7.0,tt8778064,73,18.0,1,the society
212,Imposters,2017,16+,73/100,1,0,0,0,tv_show,"black comedy, LGBT-related television series",United States,English,8.0,tt5212822,73,16.0,1,imposters
213,Frequency,2016,7+,73/100,1,0,1,0,tv_show,"drama television series, police television drama, science fiction television program",United States,English,7.4,tt5531470,73,7.0,1,frequency
214,Wentworth,2013,18+,73/100,1,0,0,0,tv_show,reality television,United States,English,8.6/10,tt0092400,73,18.0,1,wentworth
215,Marvel's Iron Fist,2017,18+,73/100,1,0,0,0,tv_show,"action television series, fantasy television series, superhero television program",United States,English,8.0,tt3322310,73,18.0,1,marvel's iron fist
216,Bleach,2004,18+,73/100,1,1,0,0,tv_show,reality television,United States,English,8.1/10,tt0092400,73,18.0,1,bleach
217,Quantico,2015,16+,73/100,1,0,0,0,tv_show,"thriller television series, drama television series, LGBT-related television series",United States,English,7.0,tt4428122,73,16.0,1,quantico
218,Shooter,2016,16+,73/100,1,0,0,0,tv_show,reality television,United States,English,7.5/10,tt0092400,73,16.0,1,shooter
219,Pokémon,1997,7+,73/100,1,1,1,0,tv_show,reality television,United States,English,7.5/10,tt0092400,73,7.0,1,pokémon
220,Hollywood,2020,18+,73/100,1,0,0,0,tv_show,reality television,United States,English,7.5/10,tt0092400,73,18.0,1,hollywood
221,Madam Secretary,2014,16+,73/100,1,0,0,0,tv_show,drama television series,United States,English,9.0,tt3501074,73,16.0,1,madam secretary
222,Last Tango in Halifax,2012,16+,73/100,1,0,0,0,tv_show,"comedy drama, LGBT-related television series",United Kingdom,English,9.0,tt2216156,73,16.0,1,last tango in halifax
223,Safe,2018,18+,73/100,1,1,0,0,tv_show,reality television,United States,English,7.3/10,tt0092400,73,18.0,1,safe
224,Resurrection: Ertugrul,2014,16+,73/100,1,0,0,0,tv_show,"adventure television series, historical television series",Turkey,Turkish,9.0,tt4320258,73,16.0,1,resurrection: ertugrul
225,Versailles,2015,18+,73/100,1,0,0,0,tv_show,reality television,United States,English,7.9/10,tt0092400,73,18.0,1,versailles
226,Sex/Life,2021,18+,73/100,1,0,0,0,tv_show,"comedy drama, television series based on a novel",United States,English,7.0,tt10839422,73,18.0,1,sex/life
227,Fullmetal Alchemist,2003,16+,73/100,1,0,0,0,tv_show,reality television,United States,English,8.5/10,tt0092400,73,16.0,1,fullmetal alchemist
228,Marianne,2019,18+,73/100,1,0,0,0,tv_show,horror television series,France,French,8.0,tt10875696,73,18.0,1,marianne
229,Five Came Back,2017,16+,73/100,1,0,0,0,tv_show,documentary film,United States,English,9.0,tt6587094,73,16.0,1,five came back
230,Miraculous: Tales of Ladybug & Cat Noir,2015,7+,73/100,1,0,0,0,tv_show,reality television,United States,English,7.7/10,tt0092400,73,7.0,1,miraculous: tales of ladybug & cat noir
231,Abstract: The Art of Design,2017,16+,73/100,1,0,0,0,tv_show,"television documentary, documentary film",United States,English,10.0,tt6333098,73,16.0,1,abstract: the art of design
232,Teenage Bounty Hunters,2020,18+,72/100,1,0,0,0,tv_show,drama film,United States,English,8.0,tt10584608,72,18.0,1,teenage bounty hunters
233,Documentary Now!,2015,18+,72/100,1,0,0,0,tv_show,mockumentary,United States,English,10.0,tt4677934,72,18.0,1,documentary now!
234,Special,2019,18+,72/100,1,0,0,0,tv_show,reality television,United States,English,7.6/10,tt0092400,72,18.0,1,special
235,JoJo's Bizarre Adventure,2012,18+,72/100,1,1,0,0,tv_show,reality television,United States,English,8.4/10,tt0092400,72,18.0,1,jojo's bizarre adventure
236,Manhunt,2017,16+,72/100,1,0,0,0,tv_show,detective fiction,United States,English,7.0,tt0052488,72,16.0,1,manhunt
237,Your Lie in April,2014,7+,72/100,1,1,0,0,tv_show,reality television,United States,English,8.6/10,tt0092400,72,7.0,1,your lie in april
238,Code Geass: Lelouch of the Rebellion,2006,18+,72/100,1,0,0,0,tv_show,reality television,United States,English,8.7/10,tt0092400,72,18.0,1,code geass: lelouch of the rebellion
239,Middleditch & Schwartz,2020,18+,72/100,1,0,0,0,tv_show,reality television,United States,English,9.0,tt12027034,72,18.0,1,middleditch & schwartz
240,Zoo,2015,16+,72/100,1,0,0,0,tv_show,drama,Spain,Catalan,4.2,tt1149587,72,16.0,1,zoo
241,Jupiters Legacy,2021,18+,72/100,1,0,0,0,tv_show,reality television,United States,English,6.7/10,tt0092400,72,18.0,1,jupiters legacy
242,Ratched,2020,18+,72/100,1,0,0,0,tv_show,horror television series,United States,English,6.0,tt7423538,72,18.0,1,ratched
243,Babylon Berlin,2017,18+,72/100,1,0,0,0,tv_show,"thriller television series, historical drama, television series based on a novel, period drama film",Germany,"German, Russian",8.4,tt4378376,72,18.0,1,babylon berlin
244,Better Than Us,2018,16+,72/100,1,0,0,0,tv_show,"science fiction television program, drama television series, dystopian television series",Russia,Russian,9.0,tt8285216,72,16.0,1,better than us
245,Everything Sucks!,2018,16+,72/100,1,0,0,0,tv_show,"comedy drama, LGBT-related television series",United States,English,8.0,tt7078710,72,16.0,1,everything sucks!
246,Evil Genius,2018,18+,72/100,1,0,0,0,tv_show,reality television,United States,English,7.5/10,tt0092400,72,18.0,1,evil genius
247,Doctor Foster,2015,16+,72/100,1,0,0,0,tv_show,drama film,United Kingdom,English,8.0,tt4602768,72,16.0,1,doctor foster
248,Marcella,2016,18+,72/100,1,0,0,0,tv_show,reality television,United States,English,7.4/10,tt0092400,72,18.0,1,marcella
249,Survivor,2000,7+,72/100,1,1,1,0,tv_show,reality television,United States,English,7.6,tt0239195,72,7.0,1,survivor
250,Derek,2013,7+,72/100,1,0,0,0,tv_show,reality television,United States,English,8.0/10,tt0092400,72,7.0,1,derek
251,Flowers,2016,16+,72/100,1,0,0,0,tv_show,reality television,United States,English,8.2/10,tt0092400,72,16.0,1,flowers
252,3%,2016,18+,72/100,1,0,0,0,tv_show,"science fiction television program, dystopian television series",Brazil,Portuguese,9.0,tt4922804,72,18.0,1,3%
253,Tuca & Bertie,2019,18+,72/100,1,0,0,0,tv_show,reality television,United States,English,7.4/10,tt0092400,72,18.0,1,tuca & bertie
254,Kuroko's Basketball,2012,16+,72/100,1,0,0,0,tv_show,reality television,United States,English,8.3/10,tt0092400,72,16.0,1,kuroko's basketball
255,Parasyte -the maxim-,2014,18+,72/100,1,1,0,0,tv_show,reality television,United States,English,8.3/10,tt0092400,72,18.0,1,parasyte -the maxim-
256,Last Chance U,2016,16+,71/100,1,0,0,0,tv_show,"sport film, documentary film",United States,English,8.0,tt5863126,71,16.0,1,last chance u
257,Trailer Park Boys,2001,18+,71/100,1,0,0,0,tv_show,"comedy television series, mockumentary, raunchy comedy television program",Canada,Canadian English,10.0,tt0290988,71,18.0,1,trailer park boys
258,Black Lightning,2018,16+,71/100,1,0,0,0,tv_show,"superhero film, LGBT-related television series",United States,English,7.0,tt6045840,71,16.0,1,black lightning
259,Chicago Med,2015,16+,71/100,1,1,0,0,tv_show,medical drama,United States,English,7.0,tt4655480,71,16.0,1,chicago med
260,How to Sell Drugs Online (Fast),2019,18+,71/100,1,0,0,0,tv_show,drama film,Germany,German,8.0,tt9184994,71,18.0,1,how to sell drugs online (fast)
261,Secret City,2016,18+,71/100,1,0,0,0,tv_show,"drama film, television series based on a novel, political thriller",Australia,English,7.0,tt4976512,71,18.0,1,secret city
262,Dynasty,2017,16+,71/100,1,0,0,0,tv_show,soap opera,United States,English,6.4,tt0081856,71,16.0,1,dynasty
263,Dracula,2020,18+,71/100,1,0,0,0,tv_show,reality television,United States,English,6.8/10,tt0092400,71,18.0,1,dracula
264,Delhi Crime,2019,16+,71/100,1,0,0,0,tv_show,reality television,India,English,9.0,tt9398466,71,16.0,1,delhi crime
265,Space Force,2020,18+,71/100,1,0,0,0,tv_show,comedy television series,United States,English,8.0,tt9612516,71,18.0,1,space force
266,Pretend It's a City,2021,16+,71/100,1,0,0,0,tv_show,television documentary,United States,English,10.0,tt13660958,71,16.0,1,pretend it's a city
267,Masters of the Universe: Revelation,2021,7+,71/100,1,0,0,0,tv_show,reality television,United States,English,4.9/10,tt0092400,71,7.0,1,masters of the universe: revelation
268,iCarly,2007,all,71/100,1,0,0,0,tv_show,sitcom,United States,English,7.0,tt13657062,71,16.0,1,icarly
269,Who Killed Sara?,2021,18+,71/100,1,0,0,0,tv_show,reality television,Mexico,Spanish,7.0,tt11937816,71,18.0,1,who killed sara?
270,Sword Art Online,2012,18+,71/100,1,1,0,0,tv_show,science fiction television program,United States,English,7.6/10,tt5936660,71,18.0,1,sword art online
271,Paranormal,2020,7+,71/100,1,0,0,0,tv_show,"mystery television series, thriller television series, psychological horror, fiction",Egypt,Arabic,10.0,tt12411074,71,7.0,1,paranormal
273,Frontier,2016,18+,71/100,1,0,0,0,tv_show,reality television,United States,English,7.2/10,tt0092400,71,18.0,1,frontier
274,The Politician,2019,16+,71/100,1,0,0,0,tv_show,"comedy drama, musical comedy, LGBT-related television series",United States,American English,7.0,tt7971476,71,16.0,1,the politician
275,Raising Dion,2019,7+,71/100,1,0,0,0,tv_show,"science fiction television program, drama television series",United States,English,5.0,tt7826108,71,7.0,1,raising dion
276,Food Wars! Shokugeki no Soma,2015,18+,71/100,1,1,0,0,tv_show,reality television,United States,English,8.2/10,tt0092400,71,18.0,1,food wars! shokugeki no soma
277,Crash Landing on You,2019,16+,71/100,1,0,0,0,tv_show,"romantic comedy, drama",South Korea,Korean,9.0,tt11178330,71,16.0,1,crash landing on you
278,Seven Seconds,2018,18+,71/100,1,0,0,0,tv_show,crime,United States,English,10.0,tt6297682,71,18.0,1,seven seconds
279,The Great British Bake Off,2010,7+,70/100,1,0,0,0,tv_show,cooking show,United Kingdom,English,9.0,tt1877368,70,7.0,1,the great british bake off
280,Wizards: Tales of Arcadia,2020,7+,70/100,1,0,0,0,tv_show,reality television,United States,English,8.2/10,tt0092400,70,7.0,1,wizards: tales of arcadia
281,Conversations with a Killer: The Ted Bundy Tapes,2019,18+,70/100,1,0,0,0,tv_show,television documentary,United States,English,10.0,tt9425132,70,18.0,1,conversations with a killer: the ted bundy tapes
282,Lenox Hill,2020,16+,70/100,1,0,0,0,tv_show,television documentary,United States,English,10.0,tt12190580,70,16.0,1,lenox hill
283,Fate: The Winx Saga,2021,18+,70/100,1,0,0,0,tv_show,"teen drama television, fantasy television series","Italy, United Kingdom",English,9.0,tt8179402,70,18.0,1,fate: the winx saga
284,The Circle,2020,18+,70/100,1,0,1,0,tv_show,reality television,United States,English,8.0,tt9581768,70,18.0,1,the circle
285,Cheer,2020,16+,70/100,1,0,0,0,tv_show,television documentary,United States,English,8.0,tt11426660,70,16.0,1,cheer
286,Hemlock Grove,2013,18+,70/100,1,0,0,0,tv_show,"science fiction television program, television series based on a novel, horror television series, thriller television series",United States,English,7.0,tt2309295,70,18.0,1,hemlock grove
287,Transformers: War for Cybertron: Siege,2020,16+,70/100,1,0,0,0,tv_show,reality television,United States,English,7.4/10,tt0092400,70,16.0,1,transformers: war for cybertron: siege
288,Explained,2018,16+,70/100,1,0,0,0,tv_show,television documentary,United States,English,5.0,tt8005374,70,16.0,1,explained
289,Messiah,2020,18+,70/100,1,0,0,0,tv_show,reality television,United States,English,7.6/10,tt0092400,70,18.0,1,messiah
290,Sky Rojo,2021,18+,70/100,1,0,0,0,tv_show,"crime television series, action thriller",Spain,Spanish,8.0,tt8690776,70,18.0,1,sky rojo
291,Bonding,2019,18+,70/100,1,0,0,0,tv_show,"black comedy film, LGBT-related television series",United States,English,8.0,tt7718088,70,18.0,1,bonding
292,I'm Sorry,2017,7+,70/100,1,0,0,0,tv_show,comedy television series,United States,English,7.0,tt5987254,70,7.0,1,i'm sorry
293,Katla,2021,18+,70/100,1,0,0,0,tv_show,"Nordic noir, thriller television series",Iceland,"Icelandic, English, Swedish",8.0,tt11102190,70,18.0,1,katla
294,It's Okay to Not Be Okay,2020,16+,70/100,1,0,0,0,tv_show,"romance, drama film",South Korea,Korean,10.0,tt12451520,70,16.0,1,it's okay to not be okay
295,Forensic Files,1996,16+,70/100,1,1,1,0,tv_show,reality television,United States,English,8.0,tt11840612,70,16.0,1,forensic files
296,Workin' Moms,2017,18+,70/100,1,0,0,0,tv_show,comedy drama,Canada,English,7.0,tt6143796,70,18.0,1,workin' moms
297,The Toys That Made Us,2017,16+,70/100,1,0,0,0,tv_show,television documentary,United States,English,6.0,tt7053920,70,16.0,1,the toys that made us
298,The Devil Next Door,2019,18+,70/100,1,0,0,0,tv_show,television documentary,United States,English,10.0,tt11165002,70,18.0,1,the devil next door
299,Kipo and the Age of Wonderbeasts,2020,7+,70/100,1,0,0,0,tv_show,reality television,United States,English,8.4/10,tt0092400,70,7.0,1,kipo and the age of wonderbeasts
300,"Roswell, New Mexico",2019,16+,70/100,1,0,0,0,tv_show,"drama television series, science fiction television program, television series based on a novel",United States,English,6.0,tt7588054,70,16.0,1,"roswell, new mexico"
301,Night Stalker: The Hunt For a Serial Killer,2021,18+,70/100,1,0,0,0,tv_show,true crime,United States,English,9.0,tt13651632,70,18.0,1,night stalker: the hunt for a serial killer
302,Glitch,2015,16+,70/100,1,0,0,0,tv_show,"drama film, paranormal reality television",Australia,English,7.0,tt4192782,70,16.0,1,glitch
303,Great Pretender,2020,18+,69/100,1,0,0,0,tv_show,reality television,United States,English,8.0,tt0318891,69,18.0,1,great pretender
304,InuYasha,2000,16+,69/100,1,1,0,0,tv_show,reality television,United States,English,7.9/10,tt0092400,69,16.0,1,inuyasha
305,In the Dark,2019,16+,69/100,1,0,0,0,tv_show,LGBT-related television series,United States,English,7.0,tt7772602,69,16.0,1,in the dark
306,GHOUL,2018,18+,69/100,1,0,0,0,tv_show,reality television,United States,English,7.1/10,tt0092400,69,18.0,1,ghoul
307,Nailed It!,2018,7+,69/100,1,0,0,0,tv_show,reality television,United States,English,8.0,tt6987788,69,7.0,1,nailed it!
308,Voltron: Legendary Defender,2016,7+,69/100,1,0,0,0,tv_show,reality television,United States,English,8.1/10,tt0092400,69,7.0,1,voltron: legendary defender
309,Trollhunters: Tales of Arcadia,2016,7+,69/100,1,0,0,0,tv_show,reality television,United States,English,8.4/10,tt0092400,69,7.0,1,trollhunters: tales of arcadia
310,Sweet Magnolias,2020,16+,69/100,1,0,0,0,tv_show,"drama television series, television series based on a novel",United States,English,7.0,tt9077540,69,16.0,1,sweet magnolias
311,Medici: Masters of Florence,2016,7+,69/100,1,0,0,0,tv_show,period drama film,"United Kingdom, Italy",English,8.0,tt5057130,69,7.0,1,medici: masters of florence
312,The Innocent,2021,16+,69/100,1,0,0,0,tv_show,"television series based on a novel, thriller television series",Spain,Spanish,8.0,tt10147644,69,16.0,1,the innocent
313,Aggretsuko,2018,16+,69/100,1,0,0,0,tv_show,reality television,United States,English,8.1/10,tt0092400,69,16.0,1,aggretsuko
314,Jurassic World: Camp Cretaceous,2020,7+,69/100,1,0,0,0,tv_show,reality television,United States,English,7.5/10,tt0092400,69,7.0,1,jurassic world: camp cretaceous
315,Rake,2010,16+,69/100,1,1,1,0,tv_show,reality television,United States,English,8.5/10,tt0092400,69,16.0,1,rake
316,The Serpent,2021,16+,69/100,1,0,0,0,tv_show,reality television,United States,English,7.6/10,tt0092400,69,16.0,1,the serpent
317,The Gift,2019,18+,69/100,1,1,0,0,tv_show,reality television,United States,English,7.2/10,tt0092400,69,18.0,1,the gift
318,Violet Evergarden,2018,16+,69/100,1,0,0,0,tv_show,reality television,United States,English,8.5/10,tt0092400,69,16.0,1,violet evergarden
319,3Below: Tales of Arcadia,2018,7+,69/100,1,0,0,0,tv_show,reality television,United States,English,7.7/10,tt0092400,69,7.0,1,3below: tales of arcadia
320,Jeffrey Epstein: Filthy Rich,2020,18+,69/100,1,0,0,0,tv_show,reality television,United States,English,7.1/10,tt0092400,69,18.0,1,jeffrey epstein: filthy rich
321,Dawson's Creek,1998,7+,69/100,1,1,0,0,tv_show,"youth series, drama television series, LGBT-related television series, romance television series",United States,English,6.0,tt0118300,69,7.0,1,dawson's creek
322,Private Practice,2007,16+,69/100,1,1,0,0,tv_show,medical drama,United States,English,6.8,tt0972412,69,16.0,1,private practice
323,Beauty and the Beast,2012,7+,69/100,1,0,0,1,tv_show,reality television,United States,English,7.0/10,tt0092400,69,7.0,1,beauty and the beast
324,Daybreak,2019,18+,69/100,1,0,0,0,tv_show,reality television,United States,English,6.7/10,tt0092400,69,18.0,1,daybreak
325,Easy,2016,18+,69/100,1,0,0,0,tv_show,reality television,United States,English,6.9/10,tt0092400,69,18.0,1,easy
326,Behind Her Eyes,2021,18+,68/100,1,0,0,0,tv_show,reality television,United States,English,7.2/10,tt0092400,68,18.0,1,behind her eyes
327,Collateral,2018,18+,68/100,1,0,0,0,tv_show,reality television,United States,English,6.8/10,tt0092400,68,18.0,1,collateral
328,Knightfall,2017,16+,68/100,1,0,0,0,tv_show,"historical drama, action television series, adventure television series, drama television series","United States, Czech Republic",English,8.0,tt4555364,68,16.0,1,knightfall
329,The Confession Killer,2019,16+,68/100,1,0,0,0,tv_show,reality television,United States,English,7.4/10,tt0092400,68,16.0,1,the confession killer
330,Sophie: A Murder In West Cork,2021,18+,68/100,1,0,0,0,tv_show,reality television,Ireland,English,5.0,tt14681732,68,18.0,1,sophie: a murder in west cork
331,Call My Agent!,2015,16+,68/100,1,0,0,0,tv_show,"comedy drama, LGBT-related television series",France,French,10.0,tt4277922,68,16.0,1,call my agent!
332,My Little Pony: Friendship Is Magic,2010,7+,68/100,1,1,0,0,tv_show,reality television,United States,English,7.6/10,tt0092400,68,7.0,1,my little pony: friendship is magic
333,Leah Remini: Scientology and the Aftermath,2016,16+,68/100,1,1,0,0,tv_show,reality television,United States,English,8.9,tt6244192,68,16.0,1,leah remini: scientology and the aftermath
334,Containment,2016,16+,68/100,1,0,0,0,tv_show,drama television series,United States,English,9.0,tt4421578,68,16.0,1,containment
335,Z Nation,2014,16+,68/100,1,0,0,0,tv_show,"horror television series, drama television series, science fiction television program, action television series",United States,English,7.0,tt3843168,68,16.0,1,z nation
336,Emily in Paris,2020,18+,68/100,1,0,0,0,tv_show,"comedy drama, romance television series",United States,English,6.0,tt8962124,68,18.0,1,emily in paris
337,Victorious,2010,7+,68/100,1,0,0,0,tv_show,"teen sitcom, music television",United States,English,8.0,tt1604099,68,7.0,1,victorious
338,Scream: The TV Series,2015,16+,68/100,1,0,0,0,tv_show,"horror television series, drama television series, mystery television series, LGBT-related television series",United States,English,5.0,tt3921180,68,16.0,1,scream: the tv series
339,Akame ga Kill!,2014,18+,68/100,1,1,0,0,tv_show,reality television,United States,English,7.8/10,tt0092400,68,18.0,1,akame ga kill!
340,Warrior Nun,2020,18+,68/100,1,0,0,0,tv_show,"fantasy television series, teen drama television, action television series, adventure television series",United States,English,10.0,tt9059350,68,18.0,1,warrior nun
341,Bad Blood,2017,18+,68/100,1,0,0,0,tv_show,"drama film, film based on book","United States, Canada",English,10.0,tt6423364,68,18.0,1,bad blood
342,Young & Hungry,2014,16+,68/100,1,0,0,0,tv_show,"comedy film, American television sitcom, LGBT-related television series",United States,English,7.0,tt2084712,68,16.0,1,young & hungry
343,Caliphate,2020,18+,68/100,1,0,0,0,tv_show,"drama television series, thriller television series",Sweden,"Swedish, Arabic",10.0,tt11398870,68,18.0,1,caliphate
344,'Allo 'Allo!,1984,16+,68/100,1,0,0,0,tv_show,comedy television series,United Kingdom,English,8.4,tt0086659,68,16.0,1,'allo 'allo!
345,Good Witch,2015,7+,68/100,1,0,0,0,tv_show,"comedy drama, fantasy television series",United States,English,10.0,tt3906732,68,7.0,1,good witch
346,Gilmore Girls: A Year in the Life,2016,16+,68/100,1,0,0,0,tv_show,comedy drama,United States,English,5.0,tt5435008,68,16.0,1,gilmore girls: a year in the life
347,Aquarius,2015,16+,68/100,1,0,0,0,tv_show,reality television,United States,English,7.1/10,tt0092400,68,16.0,1,aquarius
348,Firefly Lane,2021,18+,67/100,1,0,0,0,tv_show,"television series based on a novel, drama film",United States,English,9.0,tt9012876,67,18.0,1,firefly lane
349,White Gold,2017,18+,67/100,1,0,0,0,tv_show,comedy,United Kingdom,English,8.0,tt6010920,67,18.0,1,white gold
350,Hyperdrive,2019,7+,67/100,1,0,1,0,tv_show,reality television,United States,English,10.0,tt8911552,67,7.0,1,hyperdrive
351,Reply 1988,2015,16+,67/100,1,0,0,0,tv_show,"comedy, melodrama, comedy film, drama film",South Korea,Korean,10.0,tt5182866,67,16.0,1,reply 1988
352,Ninjago: Masters of Spinjitzu,2012,all,67/100,1,0,1,0,tv_show,reality television,United States,English,7.2/10,tt0092400,67,16.0,1,ninjago: masters of spinjitzu
353,Spotless,2015,16+,67/100,1,0,0,0,tv_show,drama,France,English,7.0,tt3834000,67,16.0,1,spotless
354,Devilman: Crybaby,2018,16+,67/100,1,0,0,0,tv_show,reality television,United States,English,7.6/10,tt0092400,67,16.0,1,devilman: crybaby
355,BEASTARS,2019,18+,67/100,1,0,0,0,tv_show,reality television,United States,English,7.8/10,tt0092400,67,18.0,1,beastars
356,Kill la Kill,2013,18+,67/100,1,0,0,0,tv_show,reality television,United States,English,7.9/10,tt0092400,67,18.0,1,kill la kill
357,Down to Earth with Zac Efron,2020,7+,67/100,1,0,0,0,tv_show,television documentary,United States,English,8.0,tt12585152,67,7.0,1,down to earth with zac efron
358,Ancient Aliens,2010,7+,67/100,1,1,1,0,tv_show,television documentary,United States,English,6.0,tt1643266,67,7.0,1,ancient aliens
359,Slasher,2016,18+,67/100,1,0,0,0,tv_show,"thriller television series, LGBT-related television series",Canada,English,9.0,tt4667888,67,18.0,1,slasher
360,Ray,2021,16+,67/100,1,0,0,0,tv_show,reality television,United States,English,7.3/10,tt0092400,67,16.0,1,ray
361,Time: The Kalief Browder Story,2017,16+,67/100,1,0,0,0,tv_show,reality television,United States,English,9.0,tt6133034,67,16.0,1,time: the kalief browder story
362,Away,2020,16+,67/100,1,0,0,0,tv_show,reality television,United States,English,6.6/10,tt0092400,67,16.0,1,away
363,No Tomorrow,2016,7+,67/100,1,0,0,0,tv_show,science fiction film,United States,English,10.0,tt5595688,67,7.0,1,no tomorrow
364,Locked Up,2015,18+,67/100,1,0,0,0,tv_show,reality television,United States,English,8.2/10,tt0092400,67,18.0,1,locked up
365,The Frankenstein Chronicles,2015,16+,67/100,1,0,0,0,tv_show,science fiction television program,United Kingdom,English,6.0,tt4206804,67,16.0,1,the frankenstein chronicles
366,The Ranch,2016,16+,67/100,1,0,0,0,tv_show,sitcom,United States,English,7.0,tt4998212,67,16.0,1,the ranch
367,Cursed,2020,18+,67/100,1,0,0,0,tv_show,"fantasy television series, teen drama television, television series based on a novel, adventure television series",United States,English,5.0,tt8210856,67,18.0,1,cursed
368,Wu Assassins,2019,18+,67/100,1,0,0,0,tv_show,"action television series, fantasy television series",United States,English,8.0,tt8652642,67,18.0,1,wu assassins
369,Mr. Sunshine,2018,18+,67/100,1,0,0,0,tv_show,"action television series, drama television series, romance television series",South Korea,Korean,10.0,tt7094780,67,18.0,1,mr. sunshine
370,The Unicorn,2019,7+,67/100,1,1,0,0,tv_show,sitcom,United States,English,8.0,tt10329028,67,7.0,1,the unicorn
371,Anohana: The Flower We Saw That Day,2011,16+,67/100,1,0,0,0,tv_show,reality television,United States,English,8.2/10,tt0092400,67,16.0,1,anohana: the flower we saw that day
372,Alice in Borderland,2020,16+,67/100,1,0,0,0,tv_show,psychological thriller,Japan,Japanese,9.0,tt10795658,67,16.0,1,alice in borderland
373,The Challenge,1998,16+,67/100,1,1,1,0,tv_show,reality television,United States,English,7.0,tt0176095,67,16.0,1,the challenge
374,Gypsy,2017,18+,67/100,1,0,0,0,tv_show,reality television,United States,English,6.8/10,tt0092400,67,18.0,1,gypsy
375,Fuller House,2016,7+,67/100,1,0,0,0,tv_show,American television sitcom,United States,English,6.0,tt3986586,67,7.0,1,fuller house
376,How to Become a Tyrant,2021,16+,67/100,1,0,0,0,tv_show,"television documentary, documentary film",United States,English,7.0,tt14832996,67,16.0,1,how to become a tyrant
377,Killer Inside: The Mind of Aaron Hernandez,2020,18+,67/100,1,0,0,0,tv_show,"documentary, true crime, sport film",United States,English,8.0,tt11475228,67,18.0,1,killer inside: the mind of aaron hernandez
378,RESIDENT EVIL: Infinite Darkness,2021,18+,67/100,1,0,0,0,tv_show,reality television,United States,English,5.8/10,tt0092400,67,18.0,1,resident evil: infinite darkness
379,1983,2018,18+,67/100,1,0,0,0,tv_show,reality television,United States,English,6.8/10,tt0092400,67,18.0,1,1983
380,Wet Hot American Summer: First Day of Camp,2015,16+,67/100,1,0,0,0,tv_show,sitcom,United States,English,8.0,tt4341500,67,16.0,1,wet hot american summer: first day of camp
381,The Baker and the Beauty,2020,16+,67/100,1,0,1,0,tv_show,comedy television series,United States,English,10.0,tt9164986,67,16.0,1,the baker and the beauty
382,Spinning Out,2020,18+,67/100,1,0,0,0,tv_show,teen drama television,United States,English,8.0,tt9117054,67,18.0,1,spinning out
383,Trinkets,2019,18+,67/100,1,0,0,0,tv_show,"teen drama television, LGBT-related television series, television series based on a novel",United States,English,7.0,tt9134194,67,18.0,1,trinkets
384,Insatiable,2018,18+,67/100,1,0,0,0,tv_show,"black comedy film, drama film",United States,English,8.0,tt6487482,67,18.0,1,insatiable
385,The Chalet,2018,18+,67/100,1,0,0,0,tv_show,slasher film,France,French,7.0,tt8168678,67,18.0,1,the chalet
386,We Bare Bears,2015,7+,67/100,1,1,0,0,tv_show,reality television,United States,English,7.9/10,tt0092400,67,7.0,1,we bare bears
387,Gurren Lagann,2007,16+,66/100,1,0,0,0,tv_show,reality television,United States,English,8.3/10,tt0092400,66,16.0,1,gurren lagann
388,Friends from College,2017,18+,66/100,1,0,0,0,tv_show,"comedy television series, LGBT-related television series",United States,English,9.0,tt5565334,66,18.0,1,friends from college
389,Jericho,2006,16+,66/100,1,0,0,0,tv_show,"post-apocalyptic television series, drama television series, action television series",United States,English,9.0,tt0805663,66,16.0,1,jericho
390,Tidelands,2018,18+,66/100,1,0,0,0,tv_show,"romance television series, fantasy television series",Australia,English,6.8,tt6898970,66,18.0,1,tidelands
391,Dear White People,2017,18+,66/100,1,1,0,0,tv_show,"satire, comedy drama, LGBT-related television series, college life television program",United States,English,8.0,tt5707802,66,18.0,1,dear white people
392,Dare Me,2019,18+,66/100,1,0,0,0,tv_show,television series based on a novel,United States,English,7.0,tt2983222,66,18.0,1,dare me
393,Ouran High School Host Club,2006,16+,66/100,1,1,0,0,tv_show,reality television,United States,English,8.2/10,tt0092400,66,16.0,1,ouran high school host club
394,Scooby-Doo! Mystery Incorporated,2010,7+,66/100,1,0,0,0,tv_show,reality television,United States,English,8.0/10,tt0092400,66,7.0,1,scooby-doo! mystery incorporated
395,The Untamed,2019,16+,66/100,1,0,0,0,tv_show,"Xianxia, fantasy television series, Chinese television drama, Danmei",People's Republic of China,Mandarin,10.0,tt10554898,66,16.0,1,the untamed
396,Stranger,2017,18+,66/100,1,0,0,0,tv_show,"science fiction television program, horror television series, drama television series, fantasy television series",United States,English,9.0,tt4574334,66,18.0,1,stranger
397,El Chapo,2017,18+,66/100,1,0,0,0,tv_show,"drama television series, telenarconovela",United States,Spanish,7.8,tt6692188,66,18.0,1,el chapo
398,Great News,2017,7+,66/100,1,0,0,0,tv_show,sitcom,United States,English,8.0,tt4955480,66,7.0,1,great news
399,The Get Down,2016,16+,66/100,1,0,0,0,tv_show,"drama television series, musical",United States,English,9.0,tt4592410,66,16.0,1,the get down
400,The Naked Director,2019,18+,66/100,1,0,0,0,tv_show,"comedy drama, television series based on a novel",Japan,Japanese,7.6,tt10477528,66,18.0,1,the naked director
401,Rise of Empires: Ottoman,2020,18+,66/100,1,0,0,0,tv_show,drama television series,Turkey,English,8.0,tt9244578,66,18.0,1,rise of empires: ottoman
402,Club de Cuervos,2015,18+,66/100,1,0,0,0,tv_show,comedy drama,Mexico,Spanish,10.0,tt4680240,66,18.0,1,club de cuervos
403,My Mister,2018,16+,66/100,1,0,0,0,tv_show,"psychological drama, tragedy",South Korea,Korean,10.0,tt7923710,66,16.0,1,my mister
404,Toradora!,2008,16+,66/100,1,0,1,0,tv_show,reality television,United States,English,8.0/10,tt0092400,66,16.0,1,toradora!
405,The Baby-Sitters Club,2020,7+,66/100,1,0,1,0,tv_show,"teen television program, television series based on a novel, comedy drama, family television series",United States,English,8.0,tt8690518,66,7.0,1,the baby-sitters club
406,Carole & Tuesday,2019,7+,66/100,1,0,0,0,tv_show,reality television,United States,English,7.9/10,tt0092400,66,7.0,1,carole & tuesday
407,Van Helsing,2016,16+,66/100,1,0,0,0,tv_show,"drama television series, horror television series, post-apocalyptic television series, fantasy television series",United States,English,6.0,tt5197820,66,16.0,1,van helsing
408,Vincenzo,2021,16+,66/100,1,0,0,0,tv_show,reality television,United States,English,8.5/10,tt0092400,66,16.0,1,vincenzo
409,The Night Shift,2014,16+,66/100,1,0,0,0,tv_show,"LGBT-related television series, drama television series",United States,English,7.0,tt2477230,66,16.0,1,the night shift
410,"Pablo Escobar, The Drug Lord",2012,18+,66/100,1,0,0,0,tv_show,"drama television series, telenarconovela",Colombia,Spanish,8.0,tt2187850,66,18.0,1,"pablo escobar, the drug lord"
411,No Game No Life,2014,16+,66/100,1,0,0,0,tv_show,reality television,United States,English,7.8/10,tt0092400,66,16.0,1,no game no life
412,The King: Eternal Monarch,2020,16+,66/100,1,0,0,0,tv_show,"Korean drama, fantasy television series, alternate history television series, mystery television series",South Korea,Korean,8.0,tt11228748,66,16.0,1,the king: eternal monarch
413,Eden,2021,7+,65/100,1,0,1,0,tv_show,reality television,United States,English,6.7/10,tt0092400,65,7.0,1,eden
414,Stateless,2020,16+,65/100,1,0,0,0,tv_show,"drama film, drama television series",Australia,English,8.0,tt4878488,65,16.0,1,stateless
415,High Score,2020,16+,65/100,1,0,0,0,tv_show,television documentary,United States,English,6.0,tt12759400,65,16.0,1,high score
416,Hospital Playlist,2020,16+,65/100,1,0,0,0,tv_show,"Korean drama, medical drama, comedy, comedy film",South Korea,Korean,10.0,tt11769304,65,16.0,1,hospital playlist
417,Dash & Lily,2020,7+,65/100,1,0,0,0,tv_show,"romantic comedy, television series based on a novel",United States,English,7.0,tt1758589,65,7.0,1,dash & lily
418,The Confession Tapes,2017,16+,65/100,1,0,0,0,tv_show,documentary film,United States,English,9.0,tt7349602,65,16.0,1,the confession tapes
419,Black Butler,2008,18+,65/100,1,1,0,0,tv_show,reality television,United States,English,7.8/10,tt0092400,65,18.0,1,black butler
420,The Rain,2018,18+,65/100,1,0,0,0,tv_show,"post-apocalyptic television series, drama television series, psychological thriller, science fiction television program","Denmark, United States","Danish, Swedish",6.0,tt6656238,65,18.0,1,the rain
421,Love Is Blind,2020,18+,65/100,1,0,1,0,tv_show,"reality television, dating game show",United States,English,7.0,tt11704040,65,18.0,1,love is blind
422,Trial by Media,2020,16+,65/100,1,0,0,0,tv_show,true crime,United States,English,8.0,tt11963042,65,16.0,1,trial by media
423,Wormwood,2017,16+,65/100,1,0,0,0,tv_show,reality television,United States,English,7.0/10,tt0092400,65,16.0,1,wormwood
424,Fear City: New York vs The Mafia,2020,18+,65/100,1,0,0,0,tv_show,reality television,United States,English,7.1/10,tt0092400,65,18.0,1,fear city: new york vs the mafia
425,Sorjonen,2016,18+,65/100,1,0,0,0,tv_show,"crime television series, drama fiction, Nordic noir",Finland,Finnish,8.0,tt4937942,65,18.0,1,sorjonen
426,Crashing,2016,16+,65/100,1,0,0,0,tv_show,LGBT-related television series,United Kingdom,English,8.0,tt5295524,65,16.0,1,crashing
427,Forged in Fire,2015,7+,65/100,1,1,1,0,tv_show,reality television,United States,English,9.0,tt4680444,65,7.0,1,forged in fire
428,Baby,2018,18+,65/100,1,0,0,0,tv_show,reality television,United States,English,6.8/10,tt0092400,65,18.0,1,baby
429,Sweet Home,2020,16+,65/100,1,0,0,0,tv_show,"survival film, thriller television series, fantasy television series",South Korea,Korean,5.0,tt11612120,65,16.0,1,sweet home
430,The Disastrous Life of Saiki K.,2016,16+,65/100,1,0,0,0,tv_show,reality television,United States,English,8.3/10,tt0092400,65,16.0,1,the disastrous life of saiki k.
431,The Innocence Files,2020,18+,65/100,1,0,0,0,tv_show,television documentary,United States,English,10.0,tt11958922,65,18.0,1,the innocence files
432,BNA,2020,16+,65/100,1,0,0,0,tv_show,reality television,United States,English,7.2/10,tt0092400,65,16.0,1,bna
433,The Mist,2017,16+,65/100,1,0,0,0,tv_show,"science fiction television program, film based on literature, science fiction horror",United States,English,6.0,tt5639976,65,16.0,1,the mist
434,Halston,2021,18+,65/100,1,0,1,0,tv_show,reality television,United States,English,7.5/10,tt0092400,65,18.0,1,halston
435,Shaun the Sheep,2007,all,65/100,1,0,1,0,tv_show,reality television,United States,English,8.2/10,tt0092400,65,16.0,1,shaun the sheep
436,The Universe,2007,16+,65/100,1,0,1,0,tv_show,documentary film,United States,English,8.6,tt1051155,65,16.0,1,the universe
437,Self Made: Inspired by the Life of Madam C.J. Walker,2020,18+,65/100,1,0,0,0,tv_show,reality television,United States,English,7.3/10,tt0092400,65,18.0,1,self made: inspired by the life of madam c.j. walker
438,Shtisel,2013,16+,65/100,1,0,0,0,tv_show,drama television series,Israel,Hebrew,9.0,tt3069894,65,16.0,1,shtisel
439,The Boss Baby: Back in Business,2018,7+,65/100,1,0,0,0,tv_show,reality television,United States,English,6.5/10,tt0092400,65,7.0,1,the boss baby: back in business
440,Puella Magi Madoka Magica,2011,16+,65/100,1,1,0,0,tv_show,reality television,United States,English,8.3/10,tt0092400,65,16.0,1,puella magi madoka magica
441,Masameer County,2021,16+,65/100,1,0,0,0,tv_show,reality television,United States,English,8.3/10,tt0092400,65,16.0,1,masameer county
442,Sinatra: All or Nothing at All,2015,7+,65/100,1,0,0,0,tv_show,reality television,United States,English,8.0/10,tt0092400,65,7.0,1,sinatra: all or nothing at all
443,Comedians in Cars Getting Coffee,2012,16+,65/100,1,0,0,0,tv_show,reality television,United States,English,8.1/10,tt0092400,65,16.0,1,comedians in cars getting coffee
444,Senora Acero,2014,16+,65/100,1,1,0,0,tv_show,LGBT-related television series,Mexico,Spanish,9.0,tt3904068,65,16.0,1,senora acero
445,Dark Tourist,2018,18+,65/100,1,0,0,0,tv_show,television documentary,United States,English,7.0,tt8725166,65,18.0,1,dark tourist
446,Criminal: UK,2019,18+,65/100,1,0,0,0,tv_show,"anthology series, police procedural",United Kingdom,English,7.0,tt9348692,65,18.0,1,criminal: uk
447,Heist,2021,16+,65/100,1,0,0,0,tv_show,reality television,United States,English,6.8/10,tt0092400,65,16.0,1,heist
448,The Bureau of Magical Things,2018,7+,65/100,1,0,0,0,tv_show,"adventure television series, fantasy television series",Australia,English,8.0,tt7153034,65,7.0,1,the bureau of magical things
449,Cleverman,2016,16+,65/100,1,0,0,0,tv_show,science fiction television program,"Australia, United States, New Zealand","English, Kumbainggar",9.0,tt4649420,65,16.0,1,cleverman
450,The Innocent Man,2018,18+,65/100,1,0,0,0,tv_show,"melodrama, romance television series",South Korea,Korean,8.0,tt2593336,65,18.0,1,the innocent man
451,Norsemen,2016,18+,65/100,1,0,0,0,tv_show,comedy television series,Norway,"Norwegian, English",9.0,tt5905354,65,18.0,1,norsemen
452,Word of Honor,2021,16+,65/100,1,0,0,0,tv_show,reality television,People's Republic of China,Putonghua,10.0,tt12458172,65,16.0,1,word of honor
453,Pawn Stars,2009,7+,65/100,1,1,1,0,tv_show,reality television,United States,English,8.0,tt1492088,65,7.0,1,pawn stars
454,Inside Bill's Brain: Decoding Bill Gates,2019,16+,65/100,1,0,0,0,tv_show,reality television,United States,English,7.9/10,tt0092400,65,16.0,1,inside bill's brain: decoding bill gates
455,Damnation,2017,18+,65/100,1,0,0,0,tv_show,drama television series,United States,English,8.0,tt6106704,65,18.0,1,damnation
456,From Dusk Till Dawn: The Series,2014,18+,64/100,1,0,0,0,tv_show,"anthology series, drama television series, horror television series, vampire television program",United States,English,7.0,tt3337194,64,18.0,1,from dusk till dawn: the series
457,Lovesick,2014,18+,64/100,1,0,0,0,tv_show,romantic comedy,United Kingdom,English,8.0,tt4051832,64,18.0,1,lovesick
458,Flint Town,2018,18+,64/100,1,0,0,0,tv_show,television documentary,United States,English,8.0,tt8004578,64,18.0,1,flint town
459,Watership Down,2018,7+,64/100,1,0,0,0,tv_show,reality television,United States,English,7.2/10,tt0092400,64,7.0,1,watership down
460,Undercover,2019,18+,64/100,1,0,1,0,tv_show,drama film,Bulgaria,Bulgarian,10.0,tt1909015,64,18.0,1,undercover
461,Rita,2012,16+,64/100,1,0,0,0,tv_show,reality television,United States,English,8.1/10,tt0092400,64,16.0,1,rita
462,Dorohedoro,2020,18+,64/100,1,0,0,0,tv_show,reality television,United States,English,8.2/10,tt0092400,64,18.0,1,dorohedoro
463,Maid Sama!,2010,16+,64/100,1,1,0,0,tv_show,reality television,United States,English,8.0/10,tt0092400,64,16.0,1,maid sama!
464,Mystery Science Theater 3000: The Return,2017,16+,64/100,1,0,0,0,tv_show,reality television,United States,English,8.0/10,tt0092400,64,16.0,1,mystery science theater 3000: the return
465,Is It Wrong to Try to Pick Up Girls in a Dungeon?,2015,16+,64/100,1,1,0,0,tv_show,reality television,United States,English,7.4/10,tt0092400,64,16.0,1,is it wrong to try to pick up girls in a dungeon?
466,Surviving R. Kelly,2019,18+,64/100,1,0,0,0,tv_show,television documentary,United States,English,9.0,tt8385496,64,18.0,1,surviving r. kelly
467,Saint Seiya,1986,7+,64/100,1,0,1,0,tv_show,reality television,United States,English,8.5/10,tt0092400,64,7.0,1,saint seiya
468,Flaked,2016,18+,64/100,1,0,0,0,tv_show,comedy,United States,English,7.0,tt4973548,64,18.0,1,flaked
469,Fate/Zero,2011,18+,64/100,1,0,0,0,tv_show,reality television,United States,English,8.3/10,tt0092400,64,18.0,1,fate/zero
470,Crazyhead,2016,16+,64/100,1,0,0,0,tv_show,comedy horror,United Kingdom,English,9.0,tt6038584,64,16.0,1,crazyhead
471,The Five,2016,7+,64/100,1,0,0,0,tv_show,"talk show, news program",United States,English,6.0,tt1981471,64,7.0,1,the five
472,Signal,2016,16+,64/100,1,0,0,0,tv_show,reality television,United States,English,8.6/10,tt0092400,64,16.0,1,signal
473,H2O: Just Add Water,2006,all,64/100,1,1,0,0,tv_show,"fantasy television series, youth series",Australia,English,8.0,tt0491603,64,16.0,1,h2o: just add water
474,Requiem,2018,18+,64/100,1,0,0,0,tv_show,reality television,United States,English,6.5/10,tt0092400,64,18.0,1,requiem
475,The Valhalla Murders,2019,18+,64/100,1,0,0,0,tv_show,reality television,Iceland,"Icelandic, English, German",8.0,tt9100822,64,18.0,1,the valhalla murders
476,Cardcaptor Sakura,1998,7+,64/100,1,0,0,0,tv_show,reality television,United States,English,8.0/10,tt0092400,64,7.0,1,cardcaptor sakura
477,Black Earth Rising,2018,16+,64/100,1,0,0,0,tv_show,drama,United Kingdom,English,7.0,tt7660730,64,16.0,1,black earth rising
478,W/ Bob & David,2015,18+,64/100,1,0,0,0,tv_show,comedy,United States,English,7.3,tt4574708,64,18.0,1,w/ bob & david
479,The Trials of Gabriel Fernandez,2020,18+,64/100,1,0,0,0,tv_show,reality television,United States,English,8.1/10,tt0092400,64,18.0,1,the trials of gabriel fernandez
480,She's Gotta Have It,2017,18+,64/100,1,0,0,0,tv_show,LGBT-related television series,United States,English,5.0,tt3713588,64,18.0,1,she's gotta have it
481,Save Me,2018,16+,64/100,1,0,0,0,tv_show,"thriller television series, mystery film, thriller film",South Korea,Korean,10.0,tt7020532,64,16.0,1,save me
482,Giri/Haji,2019,16+,64/100,1,0,0,0,tv_show,detective fiction,United Kingdom,English,9.0,tt8001106,64,16.0,1,giri/haji
484,The Curse of Oak Island,2014,7+,64/100,1,1,0,0,tv_show,reality television,United States,English,7.0,tt3455408,64,7.0,1,the curse of oak island
485,Black,2017,16+,63/100,1,0,0,0,tv_show,reality television,United States,English,8.0/10,tt0092400,63,16.0,1,black
486,Losers,2019,16+,63/100,1,0,0,0,tv_show,television documentary,United States,English,8.0,tt9817218,63,16.0,1,losers
487,Ajin,2016,18+,63/100,1,0,0,0,tv_show,reality television,United States,English,7.6/10,tt0092400,63,18.0,1,ajin
488,Ink Master,2012,16+,63/100,1,0,0,0,tv_show,reality television,United States,English,7.0,tt1865740,63,16.0,1,ink master
489,The Innocents,2018,16+,63/100,1,0,0,0,tv_show,reality television,United States,English,6.3/10,tt0092400,63,16.0,1,the innocents
490,Goosebumps,1995,all,63/100,1,0,0,0,tv_show,"children's television series, horror television series, anthology series",Canada,English,7.6,tt0111987,63,16.0,1,goosebumps
491,Vampire Knight,2008,16+,63/100,1,1,0,0,tv_show,reality television,United States,English,7.4/10,tt0092400,63,16.0,1,vampire knight
492,Angel Beats!,2010,16+,63/100,1,0,0,0,tv_show,reality television,United States,English,7.7/10,tt0092400,63,16.0,1,angel beats!
493,Green Eggs and Ham,2019,7+,63/100,1,0,0,0,tv_show,reality television,United States,English,8.2/10,tt0092400,63,7.0,1,green eggs and ham
494,The Hollow,2018,7+,63/100,1,0,0,0,tv_show,reality television,United States,English,7.2/10,tt0092400,63,7.0,1,the hollow
495,Dogs,2018,all,63/100,1,0,0,0,tv_show,reality television,United States,English,8.1/10,tt0092400,63,16.0,1,dogs
496,November 13: Attack on Paris,2018,18+,63/100,1,0,0,0,tv_show,reality television,United States,English,8.3/10,tt0092400,63,18.0,1,november 13: attack on paris
497,It's Bruno!,2019,7+,63/100,1,0,0,0,tv_show,comedy drama,United States,English,7.0,tt10186846,63,7.0,1,it's bruno!
498,Wanted,2016,16+,63/100,1,0,0,0,tv_show,reality television,Australia,English,10.0,tt5193358,63,16.0,1,wanted
499,Masum,2017,16+,63/100,1,0,0,0,tv_show,"crime television series, mystery television series",Turkey,Turkish,7.0,tt6478318,63,16.0,1,masum
500,Cable Girls,2017,18+,63/100,1,0,0,0,tv_show,"drama fiction, LGBT-related television series",Spain,Spanish,7.0,tt5674718,63,18.0,1,cable girls
501,Lady Dynamite,2016,16+,63/100,1,0,0,0,tv_show,sitcom,United States,English,8.0,tt4789300,63,16.0,1,lady dynamite
502,Power Rangers,1993,7+,63/100,1,0,1,0,tv_show,tokusatsu,United States,English,10.0,tt3521854,63,7.0,1,power rangers
503,The Mire,2018,18+,63/100,1,0,0,0,tv_show,reality television,Poland,English,8.0,tt8855592,63,18.0,1,the mire
504,Tabula Rasa,2017,18+,63/100,1,0,0,0,tv_show,reality television,United States,English,8.0/10,tt0092400,63,18.0,1,tabula rasa
505,Ethos,2020,16+,63/100,1,0,0,0,tv_show,drama film,Turkey,Turkish,10.0,tt11301642,63,16.0,1,ethos
506,Clannad,2007,7+,63/100,1,1,0,0,tv_show,reality television,United States,English,7.9/10,tt0092400,63,7.0,1,clannad
507,Ugly Delicious,2018,18+,63/100,1,0,0,0,tv_show,"documentary, cooking show",United States,English,9.0,tt7907916,63,18.0,1,ugly delicious
508,Generation 56k,2021,16+,63/100,1,0,0,0,tv_show,romance television series,Italy,Italian,8.0,tt13524842,63,16.0,1,generation 56k
509,Fate/stay night [Unlimited Blade Works],2014,18+,63/100,1,1,0,0,tv_show,reality television,United States,English,8.0/10,tt0092400,63,18.0,1,fate/stay night [unlimited blade works]
510,Man with a Plan,2016,7+,63/100,1,0,0,0,tv_show,sitcom,United States,English,7.0,tt5734308,63,7.0,1,man with a plan
511,Rilakkuma and Kaoru,2019,7+,63/100,1,0,0,0,tv_show,reality television,United States,English,8.3/10,tt0092400,63,7.0,1,rilakkuma and kaoru
512,World War II In HD Colour,2009,7+,63/100,1,0,0,0,tv_show,documentary film,United Kingdom,English,10.0,tt2069688,63,7.0,1,world war ii in hd colour
513,Boys Over Flowers,2009,16+,63/100,1,1,0,0,tv_show,romantic comedy,South Korea,Korean,8.0,tt1370334,63,16.0,1,boys over flowers
514,Meteor Garden,2018,16+,63/100,1,0,0,0,tv_show,"romantic comedy, Chinese television drama",People's Republic of China,Putonghua,10.0,tt8690890,63,16.0,1,meteor garden
515,"What's New, Scooby-Doo?",2002,7+,63/100,1,0,0,0,tv_show,reality television,United States,English,7.3/10,tt0092400,63,7.0,1,"what's new, scooby-doo?"
516,The Letdown,2017,16+,63/100,1,0,0,0,tv_show,comedy television series,Australia,English,7.0,tt7320300,63,16.0,1,the letdown
517,Sick Note,2017,18+,63/100,1,0,0,0,tv_show,comedy television series,United Kingdom,English,9.0,tt5770788,63,18.0,1,sick note
518,Big Time Rush,2009,all,63/100,1,1,1,0,tv_show,"teen sitcom, comedy television series, sitcom, musical film",United States,English,10.0,tt1131746,63,16.0,1,big time rush
519,Girlboss,2017,18+,63/100,1,0,0,0,tv_show,"comedy television series, film based on book",United States,English,8.0,tt5706996,63,18.0,1,girlboss
520,Quicksand,2019,18+,63/100,1,0,0,0,tv_show,"crime television series, television series based on a novel",Sweden,Swedish,9.0,tt8686106,63,18.0,1,quicksand
521,Rotten,2018,18+,63/100,1,0,0,0,tv_show,reality television,United States,English,7.2/10,tt0092400,63,18.0,1,rotten
522,The Irregulars,2021,18+,63/100,1,0,0,0,tv_show,"crime television series, drama television series",United Kingdom,English,7.0,tt10893694,63,18.0,1,the irregulars
523,The Mantis,2017,16+,63/100,1,0,0,0,tv_show,"crime television series, mystery television series, thriller",South Korea,Korean,10.0,tt35934396,63,16.0,1,the mantis
524,College Romance,2018,18+,63/100,1,0,0,0,tv_show,reality television,India,English,8.8/10,nm8809646,63,18.0,1,college romance
525,Elite Short Stories: Carla Samuel,2021,18+,63/100,1,0,0,0,tv_show,reality television,United States,English,7.0/10,tt0092400,63,18.0,1,elite short stories: carla samuel
526,Bard of Blood,2019,18+,63/100,1,0,0,0,tv_show,"thriller television series, television series based on a novel",India,Hindi,7.0,tt8069036,63,18.0,1,bard of blood
527,Charmed,2018,16+,62/100,1,0,0,0,tv_show,"paranormal television program, comedy drama, fantasy television series",United States,English,6.0,tt0158552,62,16.0,1,charmed
528,The New Legends of Monkey,2018,7+,62/100,1,0,0,0,tv_show,"adventure television series, children's television series, comedy television series, fantasy television series",Australia,English,7.0,tt6807662,62,7.0,1,the new legends of monkey
529,Nevertheless,2021,16+,62/100,1,0,0,0,tv_show,"drama film, romance film",South Korea,Korean,10.0,tt14518284,62,16.0,1,nevertheless
530,"The Mind, Explained",2019,16+,62/100,1,0,0,0,tv_show,"docu-soap, television documentary",United States,English,10.0,tt10810430,62,16.0,1,"the mind, explained"
531,Fast & Furious Spy Racers,2019,7+,62/100,1,0,0,0,tv_show,reality television,United States,English,5.5/10,tt0092400,62,7.0,1,fast & furious spy racers
532,Itaewon Class,2020,16+,62/100,1,0,0,0,tv_show,"drama film, romance film",South Korea,Korean,8.0,tt11239552,62,16.0,1,itaewon class
533,Occupied,2015,16+,62/100,1,0,0,0,tv_show,political thriller,Norway,"Norwegian, English, Russian",7.0,tt4192998,62,16.0,1,occupied
534,The Magic School Bus,1994,all,62/100,1,0,0,0,tv_show,reality television,United States,English,7.8/10,tt0092400,62,16.0,1,the magic school bus
535,Toast of London,2013,16+,62/100,1,0,0,0,tv_show,sitcom,United Kingdom,English,10.0,tt2432604,62,16.0,1,toast of london
536,Patriot Act with Hasan Minhaj,2018,18+,62/100,1,0,0,0,tv_show,"variety show, comedy television series",United States,English,10.0,tt8080054,62,18.0,1,patriot act with hasan minhaj
537,Greatest Events of World War II in Colour,2019,16+,62/100,1,0,0,0,tv_show,reality television,United States,English,8.7/10,tt0092400,62,16.0,1,greatest events of world war ii in colour
538,Offspring,2010,16+,62/100,1,0,0,0,tv_show,drama television series,Australia,English,8.0,tt1530541,62,16.0,1,offspring
539,Blown Away,2019,7+,62/100,1,0,0,0,tv_show,reality television,United States,English,7.1/10,tt0092400,62,7.0,1,blown away
540,60 Days In,2016,16+,62/100,1,1,1,0,tv_show,reality television,United States,English,8.0,tt5564124,62,16.0,1,60 days in
541,Trese,2021,18+,62/100,1,0,0,0,tv_show,reality television,United States,English,7.1/10,tt0092400,62,18.0,1,trese
542,Move to Heaven,2021,16+,62/100,1,0,0,0,tv_show,reality television,South Korea,Korean,10.0,tt11052470,62,16.0,1,move to heaven
543,Hot Girls Wanted: Turned On,2017,18+,62/100,1,0,0,0,tv_show,documentary film,United States,English,6.6,tt6333104,62,18.0,1,hot girls wanted: turned on
544,The Heirs,2013,16+,62/100,1,0,0,0,tv_show,"romance television series, comedy television series, drama television series, youth series","South Korea, United States","Korean, English",8.0,tt3243098,62,16.0,1,the heirs
545,The Curious Creations of Christine McConnell,2018,7+,62/100,1,0,0,0,tv_show,"cooking show, comedy television series",United States,English,9.0,tt8773080,62,7.0,1,the curious creations of christine mcconnell
546,Alexa & Katie,2018,all,62/100,1,0,0,0,tv_show,sitcom,United States,English,8.0,tt6916746,62,16.0,1,alexa & katie
547,Sailor Moon Crystal,2014,16+,62/100,1,1,0,0,tv_show,reality television,United States,English,8.0/10,tt0092400,62,16.0,1,sailor moon crystal
548,Blood of Zeus,2020,16+,62/100,1,0,0,0,tv_show,reality television,United States,English,7.5/10,tt0092400,62,16.0,1,blood of zeus
549,La Reina del Sur,2011,18+,62/100,1,0,0,0,tv_show,telenovela,United States,Spanish,10.0,tt1704637,62,18.0,1,la reina del sur
550,Barbarians,2020,16+,62/100,1,0,0,0,tv_show,"historical television series, historical drama",Germany,"German, Latin",8.0,tt9184986,62,16.0,1,barbarians
551,Pine Gap,2018,16+,62/100,1,0,0,0,tv_show,political thriller,Australia,English,8.0,tt7371868,62,16.0,1,pine gap
552,To the Lake,2019,16+,62/100,1,0,0,0,tv_show,"television series based on a novel, drama television series, horror television series, science fiction television program",Russia,Russian,8.0,tt9151230,62,16.0,1,to the lake
553,Suburra: Blood on Rome,2017,18+,62/100,1,0,0,0,tv_show,television series based on a novel,Italy,English,8.0,tt7197684,62,18.0,1,suburra: blood on rome
554,Taco Chronicles,2019,18+,62/100,1,0,0,0,tv_show,reality television,United States,English,9.0,tt10242848,62,18.0,1,taco chronicles
555,She,2020,18+,62/100,1,0,0,0,tv_show,reality television,United States,English,6.5/10,tt0092400,62,18.0,1,she
556,Between,2015,16+,62/100,1,0,0,0,tv_show,science fiction television program,Canada,English,4.0,tt4132692,62,16.0,1,between
557,Velvet,2014,16+,62/100,1,0,0,0,tv_show,reality television,United States,English,8.1/10,tt0092400,62,16.0,1,velvet
558,Bobby Kennedy for President,2018,16+,62/100,1,0,0,0,tv_show,television documentary,United States,English,6.0,tt8200004,62,16.0,1,bobby kennedy for president
559,Durarara!!,2010,16+,62/100,1,1,0,0,tv_show,reality television,United States,English,7.9/10,tt0092400,62,16.0,1,durarara!!
560,Yu-Gi-Oh!,1998,16+,62/100,1,1,1,0,tv_show,reality television,United States,English,7.9/10,tt0092400,62,16.0,1,yu-gi-oh!
561,Hostages,2013,16+,62/100,1,0,0,0,tv_show,drama television series,United States,English,7.0,tt2647258,62,16.0,1,hostages
562,Rhythm + Flow,2019,18+,62/100,1,0,0,0,tv_show,reality television,United States,English,7.0,tt9278032,62,18.0,1,rhythm + flow
563,Blue Exorcist,2011,16+,62/100,1,1,0,0,tv_show,reality television,United States,English,7.4/10,tt0092400,62,16.0,1,blue exorcist
564,L.A.'s Finest,2019,16+,62/100,1,0,0,0,tv_show,"police procedural, LGBT-related television series",United States,English,7.0,tt7555294,62,16.0,1,l.a.'s finest
565,Vagabond,2019,16+,62/100,1,0,0,0,tv_show,reality television,United States,English,8.3/10,tt0092400,62,16.0,1,vagabond
566,Thomas & Friends,1984,all,62/100,1,0,1,0,tv_show,reality television,United States,English,6.6/10,tt0092400,62,16.0,1,thomas & friends
567,The Protector,2018,18+,61/100,1,0,0,0,tv_show,"science fiction television program, fantasy television series, action thriller, television series based on a novel",Turkey,Turkish,6.4,tt7668518,61,18.0,1,the protector
568,Unsolved Mysteries,1987,7+,61/100,1,1,1,0,tv_show,crime television series,United States,English,8.3,tt0094574,61,7.0,1,unsolved mysteries
569,Too Hot to Handle,2020,18+,61/100,1,0,0,0,tv_show,"reality television, dating game show",United Kingdom,English,4.0,tt12004280,61,18.0,1,too hot to handle
570,AJ and the Queen,2020,16+,61/100,1,0,0,0,tv_show,"comedy drama, LGBT-related television series",United States,English,9.0,tt8404094,61,16.0,1,aj and the queen
571,Are You The One?,2014,16+,61/100,1,1,0,0,tv_show,reality television,United States,English,5.0,tt3484274,61,16.0,1,are you the one?
572,Little Things,2016,18+,61/100,1,0,0,0,tv_show,reality television,United States,English,8.3/10,tt0092400,61,18.0,1,little things
573,Still Game,2002,16+,61/100,1,0,0,0,tv_show,sitcom,United Kingdom,English,8.9,tt0281491,61,16.0,1,still game
574,Transformers: Prime,2010,7+,61/100,1,0,0,0,tv_show,reality television,United States,English,7.9/10,tt0092400,61,7.0,1,transformers: prime
575,Henry Danger,2014,all,61/100,1,0,0,0,tv_show,"teen sitcom, American television sitcom, comedy television series, science fiction television program",United States,English,10.0,tt3596174,61,16.0,1,henry danger
576,Tidying Up with Marie Kondo,2019,7+,61/100,1,0,0,0,tv_show,reality television,United States,"English, Japanese",9.0,tt8115560,61,7.0,1,tidying up with marie kondo
577,Nightflyers,2018,18+,61/100,1,0,0,0,tv_show,"science fiction television program, space opera, horror television series, film based on literature",United States,English,4.0,tt6903284,61,18.0,1,nightflyers
578,Love 101,2020,18+,61/100,1,0,0,0,tv_show,"comedy television series, romance television series",Turkey,Turkish,10.0,tt10516352,61,18.0,1,love 101
579,Car Masters: Rust to Riches,2018,7+,61/100,1,0,0,0,tv_show,reality television,United States,English,8.0,tt8893550,61,7.0,1,car masters: rust to riches
580,WHAT / IF,2019,18+,61/100,1,0,0,0,tv_show,thriller television series,United States,English,6.3,tt8860450,61,18.0,1,what / if
581,Total Drama Island,2007,7+,61/100,1,0,0,0,tv_show,reality television,United States,English,7.2/10,tt0092400,61,7.0,1,total drama island
582,Roman Empire,2016,16+,61/100,1,0,0,0,tv_show,"drama television series, television documentary, sword-and-sandal film, biographical film",United States,English,5.0,tt6233538,61,16.0,1,roman empire
583,Beyond Evil,2021,16+,61/100,1,0,0,0,tv_show,"psychological thriller, procedural",South Korea,Korean,8.0,tt13634872,61,16.0,1,beyond evil
584,Deadwind,2018,18+,61/100,1,0,0,0,tv_show,"crime television series, drama television series, Nordic noir",Finland,Finnish,7.0,tt6616260,61,18.0,1,deadwind
585,People Just Do Nothing,2014,18+,61/100,1,0,0,0,tv_show,"sitcom, mockumentary",United Kingdom,English,9.0,tt3762198,61,18.0,1,people just do nothing
586,B: The Beginning,2018,18+,61/100,1,0,0,0,tv_show,reality television,United States,English,7.2/10,tt0092400,61,18.0,1,b: the beginning
587,Somebody Feed Phil,2018,16+,61/100,1,0,0,0,tv_show,travel documentary,United States,English,10.0,tt7752034,61,16.0,1,somebody feed phil
588,Girl from Nowhere,2018,18+,61/100,1,0,0,0,tv_show,"fantasy television series, thriller television series, teen drama television, paranormal television program",Thailand,"Thai, English",10.0,tt8824648,61,18.0,1,girl from nowhere
589,Cocaine Coast,2018,18+,61/100,1,0,0,0,tv_show,reality television,United States,English,7.9/10,tt0092400,61,18.0,1,cocaine coast
590,The Liberator,2020,7+,61/100,1,0,0,0,tv_show,reality television,United States,English,7.6/10,tt0092400,61,7.0,1,the liberator
591,The Irregular at Magic High School,2014,16+,61/100,1,0,0,0,tv_show,reality television,United States,English,7.2/10,tt0092400,61,16.0,1,the irregular at magic high school
592,Norm Macdonald Has a Show,2018,16+,61/100,1,0,0,0,tv_show,reality television,United States,English,10.0,tt8139862,61,16.0,1,norm macdonald has a show
593,Hap and Leonard,2016,18+,61/100,1,0,0,0,tv_show,"drama television series, LGBT-related television series",United States,English,9.0,tt3729898,61,18.0,1,hap and leonard
594,Dark Desire,2020,18+,61/100,1,0,0,0,tv_show,"thriller, drama film, erotic thriller",Mexico,Spanish,7.0,tt12540080,61,18.0,1,dark desire
595,Seis Manos,2019,18+,61/100,1,0,0,0,tv_show,"martial arts film, adult animation",United States,English,7.0,tt10106108,61,18.0,1,seis manos
596,Control Z,2020,18+,61/100,1,0,0,0,tv_show,fiction television program,Mexico,Spanish,7.0,tt11937662,61,18.0,1,control z
597,Kengan Ashura,2019,16+,61/100,1,0,0,0,tv_show,reality television,United States,English,8.0/10,tt0092400,61,16.0,1,kengan ashura
598,Black Money Love,2014,16+,61/100,1,0,0,0,tv_show,"drama television series, crime television series, action television series",Turkey,Turkish,7.6,tt3565486,61,16.0,1,black money love
599,Dave Chappelle,2017,16+,61/100,1,0,0,0,tv_show,reality television,United States,English,8.7/10,tt0092400,61,16.0,1,dave chappelle
600,The House of Flowers,2018,18+,61/100,1,0,0,0,tv_show,"thriller, black comedy, comedy drama, telenovela",Mexico,Spanish,8.0,tt8387348,61,18.0,1,the house of flowers
601,Fatma,2021,16+,61/100,1,0,0,0,tv_show,psychological drama film,Turkey,Turkish,9.0,tt11961378,61,16.0,1,fatma
602,America's Next Top Model,2003,7+,61/100,1,1,1,0,tv_show,talent show,United States,English,8.0,tt0363307,61,7.0,1,america's next top model
603,Tribes of Europa,2021,18+,61/100,1,0,0,0,tv_show,"science fiction television program, dystopian television series, post-apocalyptic television series",Germany,"German, English",8.0,tt9184982,61,18.0,1,tribes of europa
604,Grand Army,2020,16+,61/100,1,0,0,0,tv_show,drama film,United States,English,9.0,tt10473150,61,16.0,1,grand army
605,Somos.,2021,18+,61/100,1,0,0,0,tv_show,reality television,Mexico,Spanish,10.0,tt14719590,61,18.0,1,somos.
606,The Great Heist,2020,18+,61/100,1,0,0,0,tv_show,reality television,United States,English,7.3/10,tt0092400,61,18.0,1,the great heist
607,The One,2021,18+,61/100,1,0,0,0,tv_show,reality television,United States,English,6.6/10,tt0092400,61,18.0,1,the one
608,Carmen Sandiego,2019,7+,61/100,1,0,0,0,tv_show,reality television,United States,English,7.9/10,tt0092400,61,7.0,1,carmen sandiego
609,The Chef Show,2019,18+,61/100,1,0,0,0,tv_show,reality television,United States,English,9.0,tt10359446,61,18.0,1,the chef show
610,Traitors,2019,18+,61/100,1,0,0,0,tv_show,"drama television series, thriller television series",United Kingdom,English,6.6,tt7371896,61,18.0,1,traitors
611,Wet Hot American Summer: Ten Years Later,2017,16+,61/100,1,0,0,0,tv_show,comedy,United States,English,10.0,tt5669272,61,16.0,1,wet hot american summer: ten years later
612,The Neighbor,2019,18+,60/100,1,0,0,0,tv_show,reality television,United States,English,6.6/10,tt0092400,60,18.0,1,the neighbor
613,Salt Fat Acid Heat,2018,16+,60/100,1,0,0,0,tv_show,"film based on book, cooking show",United States,English,7.7,tt8772088,60,16.0,1,salt fat acid heat
614,Billy on the Street,2011,16+,60/100,1,1,0,0,tv_show,"reality television series, game show, comedy television series",United States,English,10.0,tt2191991,60,16.0,1,billy on the street
615,October Faction,2020,18+,60/100,1,0,0,0,tv_show,"science fiction television program, fantasy television series",United States,English,5.0,tt8826128,60,18.0,1,october faction
616,Start-Up,2020,16+,60/100,1,0,0,0,tv_show,"romantic comedy, comedy television series, drama television series, romance television series",South Korea,Korean,6.0,tt12867810,60,16.0,1,start-up
617,Night on Earth,2020,7+,60/100,1,0,0,0,tv_show,documentary film,United Kingdom,English,10.0,tt11497922,60,7.0,1,night on earth
618,DOTA: Dragon's Blood,2021,18+,60/100,1,0,0,0,tv_show,reality television,United States,English,8.0/10,tt0092400,60,18.0,1,dota: dragon's blood
619,The Break,2016,18+,60/100,1,0,0,0,tv_show,police procedural,Belgium,French,8.0,tt4792480,60,18.0,1,the break
620,The Letter for the King,2020,7+,60/100,1,0,0,0,tv_show,"fantasy television series, drama television series, adventure television series, family television series",United Kingdom,English,6.0,tt8741648,60,7.0,1,the letter for the king
621,Osmosis,2019,16+,60/100,1,0,0,0,tv_show,"science fiction television program, LGBT-related television series",France,French,2.0,tt7043380,60,16.0,1,osmosis
622,Another Life,2019,18+,60/100,1,0,0,0,tv_show,"science fiction television program, drama television series, adventure television series",United States,English,7.0,tt8369840,60,18.0,1,another life
623,Ju-On: Origins,2020,18+,60/100,1,0,0,0,tv_show,horror television series,Japan,Japanese,7.0,tt12313914,60,18.0,1,ju-on: origins
624,Diagnosis,2019,18+,60/100,1,0,0,0,tv_show,reality television,United States,English,7.7/10,tt0092400,60,18.0,1,diagnosis
625,Zone Blanche,2017,16+,60/100,1,0,0,0,tv_show,thriller television series,France,English,7.0,tt6519410,60,16.0,1,zone blanche
626,The Eddy,2020,18+,60/100,1,0,0,0,tv_show,musical film,"United States, United Kingdom, Germany",English,8.0,tt7322210,60,18.0,1,the eddy
627,Magi,2012,16+,60/100,1,1,0,0,tv_show,reality television,United States,English,7.8/10,tt0092400,60,16.0,1,magi
628,Elite Short Stories: Guzmán Caye Rebe,2021,18+,60/100,1,0,0,0,tv_show,reality television,United States,English,7.5/10,tt0092400,60,18.0,1,elite short stories: guzmán caye rebe
629,Memories of the Alhambra,2018,16+,60/100,1,0,0,0,tv_show,"drama, romantic drama, science fiction film",South Korea,Korean,8.0,tt8236556,60,16.0,1,memories of the alhambra
630,Pacific Rim: The Black,2021,16+,60/100,1,0,0,0,tv_show,reality television,United States,English,7.1/10,tt0092400,60,16.0,1,pacific rim: the black
631,V Wars,2019,18+,60/100,1,0,0,0,tv_show,"science fiction television program, horror television series, fantasy television series, vampire television program",Canada,English,8.0,tt7403736,60,18.0,1,v wars
632,The Windsors,2016,18+,60/100,1,0,0,0,tv_show,sitcom,United Kingdom,English,7.0,tt5692740,60,18.0,1,the windsors
633,The Sons of Sam: A Descent Into Darkness,2021,18+,60/100,1,0,0,0,tv_show,"television documentary, crime television series",United States,English,8.0,tt13156316,60,18.0,1,the sons of sam: a descent into darkness
634,Sunderland 'Til I Die,2018,18+,60/100,1,0,0,0,tv_show,television documentary,United Kingdom,English,10.0,tt8914684,60,18.0,1,sunderland 'til i die
635,Rebellion,2016,16+,60/100,1,0,0,0,tv_show,reality television,United States,English,7.2/10,tt0092400,60,16.0,1,rebellion
636,The Pharmacist,2020,16+,60/100,1,0,0,0,tv_show,true crime,United States,English,9.0,tt11600174,60,16.0,1,the pharmacist
637,The A List,2018,7+,60/100,1,0,0,0,tv_show,thriller television series,United Kingdom,English,6.0,tt9185110,60,7.0,1,the a list
638,Tales of the City,2019,16+,60/100,1,0,0,0,tv_show,reality television,United States,English,7.4/10,tt0092400,60,16.0,1,tales of the city
639,Disjointed,2017,18+,60/100,1,0,0,0,tv_show,sitcom,United States,English,8.0,tt5884792,60,18.0,1,disjointed
640,Medical Police,2020,16+,60/100,1,0,0,0,tv_show,thriller television series,United States,English,7.0,tt9850952,60,16.0,1,medical police
641,Gentefied,2020,16+,60/100,1,0,0,0,tv_show,reality television,United States,English,9.0,tt10037034,60,16.0,1,gentefied
642,Wanderlust,2018,16+,60/100,1,0,0,0,tv_show,reality television,United States,English,7.1/10,tt0092400,60,16.0,1,wanderlust
643,Murder Among the Mormons,2021,16+,60/100,1,0,0,0,tv_show,documentary film,United States,English,6.0,tt13987620,60,16.0,1,murder among the mormons
644,Home for Christmas,2019,18+,60/100,1,0,0,0,tv_show,reality television,United States,English,7.7/10,tt0092400,60,18.0,1,home for christmas
645,Paradise PD,2018,18+,60/100,1,0,0,0,tv_show,reality television,United States,English,6.9/10,tt0092400,60,18.0,1,paradise pd
646,The Bachelorette,2003,16+,60/100,1,1,0,0,tv_show,"dating game show, reality television",United States,English,1.0,tt0348894,60,16.0,1,the bachelorette
647,Cold Case Files,1999,18+,60/100,1,1,1,0,tv_show,television documentary,United States,English,10.0,tt0426666,60,18.0,1,cold case files
648,Little Witch Academia,2017,7+,60/100,1,0,0,0,tv_show,reality television,United States,English,7.9/10,tt0092400,60,7.0,1,little witch academia
649,El marginal,2016,18+,60/100,1,0,0,0,tv_show,reality television,Argentina,English,7.0,tt5820976,60,18.0,1,el marginal
650,Teasing Master Takagi-san,2018,7+,60/100,1,0,0,0,tv_show,reality television,Japan,Japanese,9.0,tt29307607,60,7.0,1,teasing master takagi-san
651,Kakegurui,2017,16+,60/100,1,0,0,0,tv_show,reality television,Japan,Japanese,6.0,tt7691766,60,16.0,1,kakegurui
652,Attenborough's Life in Colour,2021,7+,60/100,1,0,0,0,tv_show,reality television,United States,English,8.3/10,tt0092400,60,7.0,1,attenborough's life in colour
653,Mortel,2019,18+,60/100,1,0,0,0,tv_show,"science fiction television program, fantasy television series",France,French,9.0,tt8403570,60,18.0,1,mortel
654,Kath & Kim,2002,7+,60/100,1,0,0,0,tv_show,sitcom,Australia,English,9.0,tt0272397,60,7.0,1,kath & kim
655,Charité,2017,7+,59/100,1,0,0,0,tv_show,"drama television series, medical drama",Germany,German,10.0,tt5337806,59,7.0,1,charité
656,Hoarders,2009,7+,59/100,1,1,0,0,tv_show,"reality television, television documentary",United States,English,10.0,tt1497563,59,7.0,1,hoarders
657,Unsolved: The Murders of Tupac and The Notorious B.I.G.,2018,18+,59/100,1,0,0,0,tv_show,reality television,United States,English,7.9/10,tt0092400,59,18.0,1,unsolved: the murders of tupac and the notorious b.i.g.
658,My Next Guest Needs No Introduction With David Letterman,2018,18+,59/100,1,0,0,0,tv_show,talk show,United States,English,7.8,tt7829834,59,18.0,1,my next guest needs no introduction with david letterman
659,The Repair Shop,2017,16+,59/100,1,0,0,0,tv_show,"television documentary, reality television",United Kingdom,English,9.0,tt6685272,59,16.0,1,the repair shop
660,Record of Ragnarok,2021,18+,59/100,1,0,0,0,tv_show,reality television,United States,English,6.2/10,tt0092400,59,18.0,1,record of ragnarok
661,White Lines,2020,18+,59/100,1,0,0,0,tv_show,thriller television series,Spain,Spanish,7.0,tt9073958,59,18.0,1,white lines
662,A Korean Odyssey,2017,16+,59/100,1,0,0,0,tv_show,"drama television series, television series based on a novel",South Korea,Korean,9.0,tt7099334,59,16.0,1,a korean odyssey
663,Snabba Cash,2021,16+,59/100,1,0,0,0,tv_show,"drama television series, action television series, crime television series",Sweden,Swedish,8.0,tt10540276,59,16.0,1,snabba cash
664,Luis Miguel: The Series,2018,16+,59/100,1,0,0,0,tv_show,"biography, drama television series, music television",United States,Spanish,8.0,tt8045690,59,16.0,1,luis miguel: the series
665,Black Space,2020,16+,59/100,1,0,0,0,tv_show,"crime television series, drama television series, fiction",Israel,Hebrew,6.7,tt13660638,59,16.0,1,black space
666,"Love, Chunibyo & Other Delusions",2012,16+,59/100,1,0,0,0,tv_show,reality television,United States,English,7.4/10,tt0092400,59,16.0,1,"love, chunibyo & other delusions"
667,Kabaneri of the Iron Fortress,2016,18+,59/100,1,0,0,0,tv_show,reality television,United States,English,7.2/10,tt0092400,59,18.0,1,kabaneri of the iron fortress
668,"Sister, Sister",1994,7+,59/100,1,1,0,0,tv_show,teen sitcom,United States,English,6.3,tt0108927,59,7.0,1,"sister, sister"
669,Greenhouse Academy,2017,7+,59/100,1,0,0,0,tv_show,science fiction television program,"United States, Israel",English,7.0,tt6076336,59,7.0,1,greenhouse academy
670,Mr. Iglesias,2019,16+,59/100,1,0,0,0,tv_show,sitcom,United States,English,6.0,tt8403536,59,16.0,1,mr. iglesias
671,Paranoid,2016,16+,59/100,1,0,0,0,tv_show,reality television,United States,English,6.7/10,tt0092400,59,16.0,1,paranoid
672,Hip Hop Evolution,2016,16+,59/100,1,0,0,0,tv_show,television documentary,Canada,English,10.0,tt4130418,59,16.0,1,hip hop evolution
673,The Game,2006,16+,59/100,1,1,1,0,tv_show,comedy drama,United States,English,7.0,tt0772137,59,16.0,1,the game
674,Love on the Spectrum,2019,all,59/100,1,0,0,0,tv_show,reality television,Australia,English,9.0,tt11904786,59,16.0,1,love on the spectrum
675,Greenleaf,2016,18+,59/100,1,0,0,0,tv_show,reality television,United States,English,7.4/10,tt0092400,59,18.0,1,greenleaf
676,Naomi Osaka,2021,16+,59/100,1,0,0,0,tv_show,television documentary,United States,English,10.0,tt11898920,59,16.0,1,naomi osaka
677,Oh My Ghost,2015,16+,59/100,1,0,0,0,tv_show,"comedy television series, drama television series",Thailand,Thai,1.0,tt9048794,59,16.0,1,oh my ghost
678,The Final Table,2018,all,59/100,1,0,0,0,tv_show,cooking show,United States,English,7.0,tt7619858,59,16.0,1,the final table
679,Life Sentence,2018,16+,59/100,1,0,0,0,tv_show,comedy drama,United States,English,6.0,tt6088922,59,16.0,1,life sentence
680,Penguin Town,2021,16+,59/100,1,0,0,0,tv_show,"documentary film, reality television",South Africa,English,9.0,tt14677850,59,16.0,1,penguin town
681,Dogs of Berlin,2018,16+,59/100,1,0,0,0,tv_show,"drama television series, crime television series",Germany,German,9.0,tt6839788,59,16.0,1,dogs of berlin
682,Yasuke,2021,18+,59/100,1,0,0,0,tv_show,reality television,United States,English,6.2/10,tt0092400,59,18.0,1,yasuke
683,Alma Matters: Inside the IIT Dream,2021,16+,59/100,1,0,0,0,tv_show,television documentary,India,Hindi,8.0,tt14512938,59,16.0,1,alma matters: inside the iit dream
684,Playing with Fire,2019,18+,59/100,1,1,0,0,tv_show,reality television,United States,English,5.9/10,tt0092400,59,18.0,1,playing with fire
685,"Hello, My Twenties!",2016,16+,59/100,1,0,0,0,tv_show,drama,South Korea,English,10.0,tt5858892,59,16.0,1,"hello, my twenties!"
686,Sam & Cat,2013,7+,59/100,1,0,0,0,tv_show,teen sitcom,United States,English,5.7,tt2487090,59,7.0,1,sam & cat
687,Girls from Ipanema,2019,16+,59/100,1,0,0,0,tv_show,"romance television series, LGBT-related television series",Brazil,Brazilian Portuguese,9.0,tt8001788,59,16.0,1,girls from ipanema
688,Elite Short Stories: Omar Ander Alexis,2021,18+,59/100,1,0,0,0,tv_show,reality television,United States,English,7.4/10,tt0092400,59,18.0,1,elite short stories: omar ander alexis
689,MEGALOBOX,2018,16+,59/100,1,1,0,0,tv_show,reality television,United States,English,7.8/10,tt0092400,59,16.0,1,megalobox
690,High on the Hog: How African American Cuisine Transformed America,2021,16+,59/100,1,0,0,0,tv_show,documentary film,United States,English,10.0,tt14540468,59,16.0,1,high on the hog: how african american cuisine transformed america
691,So Not Worth It,2021,16+,59/100,1,0,0,0,tv_show,sitcom,South Korea,Korean,10.0,tt13186480,59,16.0,1,so not worth it
692,K-ON!,2009,16+,59/100,1,1,0,0,tv_show,reality television,United States,English,7.7/10,tt0092400,59,16.0,1,k-on!
693,The Family,2019,16+,59/100,1,0,0,0,tv_show,reality television,United States,English,6.4/10,tt0092400,59,16.0,1,the family
694,Challenger: The Final Flight,2020,16+,59/100,1,0,0,0,tv_show,television documentary,United States,English,9.0,tt12930534,59,16.0,1,challenger: the final flight
695,Sexify,2021,16+,58/100,1,0,0,0,tv_show,reality television,Poland,Polish,8.0,tt14315542,58,16.0,1,sexify
696,The Good Cop,2018,16+,58/100,1,0,0,0,tv_show,"police procedural, comedy television series",United States,English,7.0,tt7183074,58,16.0,1,the good cop
697,The Uncanny Counter,2020,16+,58/100,1,0,0,0,tv_show,"fantasy television series, thriller television series, action television series",South Korea,Korean,9.0,tt13273826,58,16.0,1,the uncanny counter
698,Law School,2021,16+,58/100,1,0,0,0,tv_show,reality television,South Korea,English,8.0,tt13885336,58,16.0,1,law school
699,This is a Robbery: The World's Biggest Art Heist,2021,18+,58/100,1,0,0,0,tv_show,reality television,United States,English,6.4/10,tt0092400,58,18.0,1,this is a robbery: the world's biggest art heist
700,The English Game,2020,16+,58/100,1,0,0,0,tv_show,"historical television series, sport film, drama television series",United Kingdom,English,10.0,tt8403664,58,16.0,1,the english game
701,Chambers,2019,16+,58/100,1,0,0,0,tv_show,reality television,United States,English,6.5/10,tt0092400,58,16.0,1,chambers
702,Selena: The Series,2020,7+,58/100,1,0,0,0,tv_show,biographical film,United States,English,5.0,tt9421868,58,7.0,1,selena: the series
703,BAKI,2018,18+,58/100,1,0,0,0,tv_show,reality television,United States,English,6.7/10,tt0092400,58,18.0,1,baki
704,Cells at Work!,2018,16+,58/100,1,0,0,0,tv_show,reality television,United States,English,7.6/10,tt0092400,58,16.0,1,cells at work!
705,Reckoning,2019,18+,58/100,1,0,0,0,tv_show,reality television,United States,English,6.6/10,tt0092400,58,18.0,1,reckoning
706,The Mole,2001,16+,58/100,1,0,0,0,tv_show,"reality television, game show",Belgium,English,10.0,tt0236911,58,16.0,1,the mole
707,The Ripper,2020,16+,58/100,1,0,0,0,tv_show,true crime,United Kingdom,English,8.0,tt13492374,58,16.0,1,the ripper
708,Queen Sono,2020,18+,58/100,1,0,0,0,tv_show,reality television,United States,English,5.9/10,tt0092400,58,18.0,1,queen sono
709,WWII in HD,2009,18+,58/100,1,0,0,0,tv_show,documentary film,United States,English,9.0,tt1489097,58,18.0,1,wwii in hd
710,The Parisian Agency: Exclusive Properties,2021,16+,58/100,1,0,0,0,tv_show,reality television,France,French,9.0,tt14746934,58,16.0,1,the parisian agency: exclusive properties
711,La cocinera de Castamar,2021,16+,58/100,1,0,0,0,tv_show,reality television,Spain,Spanish,6.0,tt12626014,58,16.0,1,la cocinera de castamar
712,I Am a Killer,2018,18+,58/100,1,0,0,0,tv_show,television documentary,United Kingdom,English,10.0,tt8300324,58,18.0,1,i am a killer
713,W1A,2014,16+,58/100,1,0,0,0,tv_show,comedy television series,United Kingdom,English,6.0,tt3610926,58,16.0,1,w1a
714,One of Us,2016,18+,58/100,1,0,0,0,tv_show,reality television,United States,English,7.0/10,tt0092400,58,18.0,1,one of us
715,Cuckoo,2012,16+,58/100,1,0,0,0,tv_show,reality television,United States,English,7.2/10,tt0092400,58,16.0,1,cuckoo
716,March Comes in Like a Lion,2016,7+,58/100,1,0,0,0,tv_show,reality television,United States,English,8.4/10,tt0092400,58,7.0,1,march comes in like a lion
717,Börü,2018,18+,58/100,1,0,0,0,tv_show,reality television,Turkey,Turkish,8.0,tt7146600,58,18.0,1,börü
718,The Mess You Leave Behind,2020,16+,58/100,1,0,0,0,tv_show,"thriller television series, television series based on a novel",Spain,Spanish,7.0,tt9731242,58,16.0,1,the mess you leave behind
719,Elize Matsunaga: Once Upon a Crime,2021,18+,58/100,1,0,0,0,tv_show,reality television,United States,English,5.8/10,tt0092400,58,18.0,1,elize matsunaga: once upon a crime
720,Invisible City,2021,all,58/100,1,0,0,0,tv_show,fantasy television series,Brazil,Portuguese,8.0,tt8878862,58,16.0,1,invisible city
721,High Seas,2019,16+,58/100,1,0,0,0,tv_show,detective fiction,Spain,Spanish,9.0,tt8961508,58,16.0,1,high seas
722,Man Down,2013,18+,58/100,1,0,0,0,tv_show,reality television,United States,English,7.6/10,tt0092400,58,18.0,1,man down
723,Hitler's Circle of Evil,2017,16+,58/100,1,0,0,0,tv_show,television documentary,Germany,English,9.0,tt6600720,58,16.0,1,hitler's circle of evil
724,Degrassi: Next Class,2016,7+,58/100,1,0,0,0,tv_show,LGBT-related television series,Canada,English,9.0,tt5320160,58,7.0,1,degrassi: next class
725,The Forest,2017,16+,58/100,1,0,0,0,tv_show,reality television,United States,English,7.2/10,tt0092400,58,16.0,1,the forest
726,The Woods,2020,18+,58/100,1,0,0,0,tv_show,reality television,United States,English,6.5/10,tt0092400,58,18.0,1,the woods
727,This Is Pop,2021,16+,58/100,1,0,0,0,tv_show,reality television,United States,English,8.0,tt14155414,58,16.0,1,this is pop
728,Godzilla Singular Point,2021,16+,58/100,1,0,0,0,tv_show,reality television,United States,English,6.6/10,tt0092400,58,16.0,1,godzilla singular point
729,My Babysitter's a Vampire,2011,7+,58/100,1,0,0,0,tv_show,"youth series, vampire television program, comedy horror television program",Canada,English,8.0,tt1727434,58,7.0,1,my babysitter's a vampire
730,Mad for Each Other,2021,16+,58/100,1,0,0,0,tv_show,"comedy film, drama film, romance film",South Korea,English,9.0,tt14596414,58,16.0,1,mad for each other
731,Typewriter,2019,18+,57/100,1,0,0,0,tv_show,reality television,India,Hindi,6.0,tt9310372,57,18.0,1,typewriter
732,Sonic X,2003,16+,57/100,1,1,1,0,tv_show,reality television,United States,English,6.2/10,tt0092400,57,16.0,1,sonic x
733,Monthly Girls' Nozaki-kun,2014,7+,57/100,1,0,0,0,tv_show,reality television,United States,English,7.6/10,tt0092400,57,7.0,1,monthly girls' nozaki-kun
734,History of Swear Words,2021,18+,57/100,1,0,0,0,tv_show,television documentary,United States,English,4.0,tt13617060,57,18.0,1,history of swear words
735,Dolly Parton's Heartstrings,2019,16+,57/100,1,0,0,0,tv_show,"anthology series, drama television series",United States,English,7.6,tt8509922,57,16.0,1,dolly parton's heartstrings
736,Arthdal Chronicles,2019,16+,57/100,1,0,0,0,tv_show,"sageuk, fantasy television series, alternate history television series, action television series",South Korea,Korean,10.0,tt8750956,57,16.0,1,arthdal chronicles
737,Last Chance U: Basketball,2021,18+,57/100,1,0,0,0,tv_show,reality television,United States,English,8.0,tt13087512,57,18.0,1,last chance u: basketball
738,The Next Step,2013,all,57/100,1,0,0,0,tv_show,comedy drama,Canada,English,6.0,tt2374744,57,16.0,1,the next step
739,The Bride of the Water God,2017,16+,57/100,1,0,0,0,tv_show,reality television,United States,English,6.9/10,tt0092400,57,16.0,1,the bride of the water god
740,Midnight Diner: Tokyo Stories,2016,16+,57/100,1,0,0,0,tv_show,drama television series,Japan,Japanese,8.0,tt1882928,57,16.0,1,midnight diner: tokyo stories
741,Immigration Nation,2020,16+,57/100,1,0,0,0,tv_show,television documentary,United States,English,10.0,tt12754910,57,16.0,1,immigration nation
742,My Unorthodox Life,2021,16+,57/100,1,0,0,0,tv_show,reality television,United States,English,4.0,tt14398500,57,16.0,1,my unorthodox life
743,The Barrier,2020,16+,57/100,1,0,0,0,tv_show,"science fiction television program, drama television series",Spain,Spanish,6.0,tt9460858,57,16.0,1,the barrier
744,Cannon Busters,2019,18+,57/100,1,0,0,0,tv_show,reality television,United States,English,6.8/10,tt0092400,57,18.0,1,cannon busters
745,Something in the Rain,2018,7+,57/100,1,0,0,0,tv_show,romance television series,South Korea,Korean,7.0,tt8078816,57,7.0,1,something in the rain
746,Haters Back Off,2016,7+,57/100,1,0,0,0,tv_show,comedy television series,United States,English,7.0,tt5467814,57,7.0,1,haters back off
747,Young Wallander,2020,18+,57/100,1,0,0,0,tv_show,drama,"Sweden, United Kingdom",English,8.0,tt9359220,57,18.0,1,young wallander
748,Toy Boy,2019,18+,57/100,1,0,0,0,tv_show,reality television,Spain,Spanish,5.0,tt8693266,57,18.0,1,toy boy
749,Aunty Donna's Big Ol' House of Fun,2020,16+,57/100,1,0,0,0,tv_show,comedy television program,Australia,English,10.0,tt13316746,57,16.0,1,aunty donna's big ol' house of fun
750,Jack Whitehall: Travels with My Father,2017,18+,57/100,1,0,0,0,tv_show,"travel documentary, comedy television series",United Kingdom,English,8.0,tt7453996,57,18.0,1,jack whitehall: travels with my father
751,Sofia the First,2013,all,57/100,1,0,0,0,tv_show,reality television,United States,English,6.9/10,tt0092400,57,16.0,1,sofia the first
752,"Money, Explained",2021,16+,57/100,1,0,0,0,tv_show,"television documentary, popular science film",United States,English,2.0,tt14492910,57,16.0,1,"money, explained"
753,The Joel McHale Show with Joel McHale,2018,18+,57/100,1,0,0,0,tv_show,talk show,United States,English,6.0,tt7895706,57,18.0,1,the joel mchale show with joel mchale
754,America's Book of Secrets,2012,7+,57/100,1,1,0,0,tv_show,reality television,United States,English,6.8/10,tt0092400,57,7.0,1,america's book of secrets
755,The World's Most Amazing Vacation Rentals,2021,16+,57/100,1,0,0,0,tv_show,reality television,United States,English,5.0,tt14691382,57,16.0,1,the world's most amazing vacation rentals
756,Kiss Me First,2018,18+,57/100,1,0,0,0,tv_show,"drama television series, LGBT-related television series",United Kingdom,English,5.0,tt5730690,57,18.0,1,kiss me first
757,A Very Secret Service,2015,18+,57/100,1,0,0,0,tv_show,comedy television series,France,French,7.7,tt4367560,57,18.0,1,a very secret service
758,Sexy Beasts,2021,16+,57/100,1,0,0,0,tv_show,dating game show,United Kingdom,English,4.7/10,tt0092400,57,16.0,1,sexy beasts
759,Scissor Seven,2018,7+,57/100,1,0,0,0,tv_show,reality television,United States,English,8.3/10,tt0092400,57,7.0,1,scissor seven
760,Summertime,2020,18+,57/100,1,1,0,0,tv_show,reality television,United States,English,5.5/10,tt0092400,57,18.0,1,summertime
761,Turn Up Charlie,2019,16+,57/100,1,0,0,0,tv_show,comedy,United States,English,9.0,tt8304498,57,16.0,1,turn up charlie
762,The K2,2016,16+,57/100,1,0,0,0,tv_show,action television series,South Korea,Korean,9.0,tt5966882,57,16.0,1,the k2
763,The King's Avatar,2017,7+,57/100,1,0,0,0,tv_show,"Chinese television drama, drama television series, adaptation",People's Republic of China,English,6.0,tt10732794,57,7.0,1,the king's avatar
764,Prison Playbook,2017,16+,57/100,1,0,0,0,tv_show,"black comedy, comedy television series, drama television series",South Korea,Korean,9.0,tt7622902,57,16.0,1,prison playbook
765,The Twelve,2019,16+,57/100,1,0,0,0,tv_show,drama,Belgium,Dutch,7.0,tt7605396,57,16.0,1,the twelve
766,Vanished 46,2016,16+,57/100,1,0,0,0,tv_show,reality television,United States,English,8.4/10,tt0092400,57,16.0,1,vanished 46
767,Valor,2017,16+,57/100,1,0,0,0,tv_show,reality television,United States,English,6.0/10,tt0092400,57,16.0,1,valor
768,Northern Rescue,2019,16+,57/100,1,0,0,0,tv_show,"drama television series, family television series",Canada,English,6.0,tt8462412,57,16.0,1,northern rescue
769,Equinox,2020,18+,57/100,1,0,0,0,tv_show,reality television,United States,English,6.1/10,tt0092400,57,18.0,1,equinox
770,Oggy and the Cockroaches,1999,all,57/100,1,0,0,0,tv_show,reality television,United States,English,7.3/10,tt0092400,57,16.0,1,oggy and the cockroaches
771,Code Lyoko,2003,7+,57/100,1,0,0,0,tv_show,"comedy television series, superhero television program, science fiction television program, adventure television series",France,French,1.0,tt2393384,57,7.0,1,code lyoko
772,Champions,2018,16+,57/100,1,1,0,0,tv_show,reality television,United States,English,6.1/10,tt0092400,57,16.0,1,champions
773,Winx Club,2004,all,57/100,1,0,0,0,tv_show,reality television,United States,English,6.2/10,tt0092400,57,16.0,1,winx club
774,Dragons: Race to the Edge,2015,7+,57/100,1,0,0,0,tv_show,reality television,United States,English,8.3/10,tt0092400,57,7.0,1,dragons: race to the edge
775,Age of Samurai: Battle for Japan,2021,16+,56/100,1,0,0,0,tv_show,television documentary,Canada,English,8.0,tt10551256,56,16.0,1,age of samurai: battle for japan
776,Vexed,2010,7+,56/100,1,0,0,0,tv_show,comedy drama,United Kingdom,English,7.2,tt1497609,56,7.0,1,vexed
777,Family Business,2019,16+,56/100,1,0,0,0,tv_show,comedy television series,France,French,10.0,tt10423460,56,16.0,1,family business
778,Strangers From Hell,2019,16+,56/100,1,0,0,0,tv_show,"thriller television series, crime film, horror film, mystery film",South Korea,Korean,8.0,tt10613844,56,16.0,1,strangers from hell
779,BUNK'D,2015,all,56/100,1,0,0,0,tv_show,"sitcom, children's television series",United States,English,5.0,tt4591680,56,16.0,1,bunk'd
780,Cathedral of the Sea,2018,16+,56/100,1,0,0,0,tv_show,television series based on a novel,Spain,Spanish,9.0,tt4944694,56,16.0,1,cathedral of the sea
781,Iris,2009,16+,56/100,1,0,0,0,tv_show,reality television,United States,English,7.9/10,tt0092400,56,16.0,1,iris
782,Man to Man,2017,16+,56/100,1,0,0,0,tv_show,"melodrama, action television series, drama television series, thriller television series",South Korea,Korean,7.3,tt6032762,56,16.0,1,man to man
783,History 101,2020,7+,56/100,1,0,0,0,tv_show,documentary,United Kingdom,English,6.0,tt11958648,56,7.0,1,history 101
784,Cat People,2021,16+,56/100,1,0,0,0,tv_show,reality television,United States,English,6.6,tt14818454,56,16.0,1,cat people
785,Cinderella and Four Knights,2016,16+,56/100,1,0,0,0,tv_show,"romance television series, television series based on a novel, comedy film, romance film",South Korea,Korean,10.0,tt5764414,56,16.0,1,cinderella and four knights
786,The Big Flower Fight,2020,16+,56/100,1,0,0,0,tv_show,reality television,United Kingdom,English,7.0,tt12200714,56,16.0,1,the big flower fight
787,Cooked,2016,7+,56/100,1,0,0,0,tv_show,television documentary,United States,English,5.0,tt5347906,56,7.0,1,cooked
788,Monarca,2019,18+,56/100,1,0,0,0,tv_show,reality television,Mexico,Spanish,9.0,tt8655736,56,18.0,1,monarca
789,Indian Matchmaking,2020,16+,56/100,1,0,0,0,tv_show,documentary,"India, United Kingdom, United States",English,7.0,tt12580168,56,16.0,1,indian matchmaking
790,Perfume,2018,18+,56/100,1,0,0,0,tv_show,"comedy film, romance film",South Korea,Korean,8.0,tt10307796,56,18.0,1,perfume
791,Avlu,2018,18+,56/100,1,0,0,0,tv_show,drama film,Turkey,Turkish,8.0,tt7923832,56,18.0,1,avlu
792,Wild District,2018,18+,56/100,1,0,0,0,tv_show,reality television,United States,English,8.3/10,tt0092400,56,18.0,1,wild district
793,Magic for Humans,2018,16+,56/100,1,0,0,0,tv_show,reality television,United States,English,10.0,tt8425308,56,16.0,1,magic for humans
794,50M2,2021,18+,56/100,1,0,0,0,tv_show,drama film,Turkey,Turkish,8.0,tt11617848,56,18.0,1,50m2
795,Mako Mermaids: An H2O Adventure,2013,all,56/100,1,0,0,0,tv_show,"comedy television series, romance television series, fantasy television series, adventure television series",Australia,English,7.0,tt2548214,56,16.0,1,mako mermaids: an h2o adventure
796,Extracurricular,2020,18+,56/100,1,0,0,0,tv_show,"crime television series, youth series, drama television series",South Korea,Korean,9.0,tt10262630,56,18.0,1,extracurricular
797,Tunnel,2017,16+,56/100,1,0,0,0,tv_show,reality television,United States,English,8.3/10,tt0092400,56,16.0,1,tunnel
798,Marseille,2016,18+,56/100,1,0,0,0,tv_show,reality television,United States,English,6.9/10,tt0092400,56,18.0,1,marseille
799,Elite Short Stories: Nadia Guzmán,2021,18+,56/100,1,0,0,0,tv_show,reality television,United States,English,6.4/10,tt0092400,56,18.0,1,elite short stories: nadia guzmán
800,The World's Most Extraordinary Homes,2017,16+,56/100,1,0,0,0,tv_show,reality television,United States,English,7.6/10,tt0092400,56,16.0,1,the world's most extraordinary homes
801,The Rise of Phoenixes,2018,7+,56/100,1,0,0,0,tv_show,drama television series,People's Republic of China,English,10.0,tt7052634,56,7.0,1,the rise of phoenixes
802,Wakfu,2008,7+,56/100,1,0,0,0,tv_show,reality television,United States,English,8.2/10,tt0092400,56,7.0,1,wakfu
803,H,1998,16+,56/100,1,0,0,0,tv_show,reality television,United States,English,7.4/10,tt0092400,56,16.0,1,h
804,The War Next-door,2021,16+,56/100,1,0,0,0,tv_show,reality television,Mexico,English,1.0,tt14821886,56,16.0,1,the war next-door
805,How to Fix a Drug Scandal,2020,18+,56/100,1,0,0,0,tv_show,reality television,United States,English,7.0/10,tt0092400,56,18.0,1,how to fix a drug scandal
806,Betaal,2020,18+,56/100,1,0,0,0,tv_show,reality television,India,English,7.0,tt10651790,56,18.0,1,betaal
807,Sin Senos Sí Hay Paraíso,2016,16+,56/100,1,0,0,0,tv_show,"telenovela, police television drama",United States,Spanish,3.0,tt5676412,56,16.0,1,sin senos sí hay paraíso
808,Japan Sinks: 2020,2020,18+,56/100,1,0,0,0,tv_show,reality television,United States,English,6.4/10,tt0092400,56,18.0,1,japan sinks: 2020
809,Run On,2020,16+,56/100,1,0,0,0,tv_show,romance film,South Korea,Korean,9.0,tt13271834,56,16.0,1,run on
810,Girlfriends,2000,7+,56/100,1,0,0,0,tv_show,comedy television series,United States,English,7.4,tt0247102,56,7.0,1,girlfriends
811,Mobile Suit Gundam: Iron-Blooded Orphans,2015,18+,56/100,1,0,0,0,tv_show,reality television,United States,English,7.9/10,tt0092400,56,18.0,1,mobile suit gundam: iron-blooded orphans
812,Curon,2020,18+,56/100,1,0,0,0,tv_show,"speculative fiction, fantasy television series",Italy,Italian,7.0,tt10101518,56,18.0,1,curon
813,The Method,2015,18+,56/100,1,0,0,0,tv_show,"detective television series, thriller television series, drama television series",Russia,Russian,9.0,tt5135336,56,18.0,1,the method
814,Amend: The Fight for America,2021,18+,56/100,1,0,0,0,tv_show,television documentary,United States,English,10.0,tt13973320,56,18.0,1,amend: the fight for america
815,Reply 1997,2012,16+,56/100,1,0,0,0,tv_show,"romance film, comedy film, drama film",South Korea,Korean,9.0,tt2782216,56,16.0,1,reply 1997
816,The Crew,2021,16+,56/100,1,0,0,0,tv_show,comedy television program,United States,English,6.0,tt10971022,56,16.0,1,the crew
817,Sex Explained,2020,18+,56/100,1,0,0,0,tv_show,reality television,United States,English,6.9/10,tt0092400,56,18.0,1,sex explained
818,Unauthorized Living,2018,18+,56/100,1,0,0,0,tv_show,"drama television series, thriller television series, telenarconovela",Spain,Spanish,7.0,tt6970700,56,18.0,1,unauthorized living
819,James Acaster: Repertoire,2018,18+,56/100,1,0,0,0,tv_show,reality television,United States,English,8.5/10,tt0092400,56,18.0,1,james acaster: repertoire
820,Blood & Water,2020,18+,56/100,1,0,0,0,tv_show,fiction television program,South Africa,English,7.0,tt9839146,56,18.0,1,blood & water
821,Adventures of Sonic the Hedgehog,1993,7+,55/100,1,0,0,0,tv_show,reality television,United States,English,6.2/10,tt0092400,55,7.0,1,adventures of sonic the hedgehog
822,Tales by Light,2015,16+,55/100,1,0,0,0,tv_show,reality television,Australia,English,10.0,tt5350276,55,16.0,1,tales by light
823,Tiny Pretty Things,2020,16+,55/100,1,0,0,0,tv_show,"television series based on a novel, drama film",United States,American English,7.0,tt10767748,55,16.0,1,tiny pretty things
824,Rust Valley Restorers,2018,16+,55/100,1,0,0,0,tv_show,"television documentary, reality television",Canada,English,5.0,tt9498102,55,16.0,1,rust valley restorers
825,Immortals,2018,7+,55/100,1,0,0,0,tv_show,reality television,United States,English,5.3/10,tt0092400,55,7.0,1,immortals
826,Cheese in the Trap,2016,16+,55/100,1,0,0,0,tv_show,"romance film, LGBT-related television series, college life television program",South Korea,Korean,10.0,tt4741110,55,16.0,1,cheese in the trap
827,Terrace House: Boys & Girls in the City,2015,7+,55/100,1,0,0,0,tv_show,reality television,Japan,Japanese,9.0,tt4790546,55,7.0,1,terrace house: boys & girls in the city
828,When the Camellia Blooms,2019,16+,55/100,1,0,0,0,tv_show,romantic comedy,South Korea,Korean,7.0,tt10826064,55,16.0,1,when the camellia blooms
829,My Secret Romance,2017,16+,55/100,1,0,0,0,tv_show,"romance film, comedy film, drama television series",South Korea,English,7.0,tt6300100,55,16.0,1,my secret romance
830,Marlon,2017,7+,55/100,1,1,0,0,tv_show,comedy television series,United States,English,9.0,tt5720168,55,7.0,1,marlon
831,The Bonfire of Destiny,2019,16+,55/100,1,0,0,0,tv_show,reality television,United States,English,7.7/10,tt0092400,55,16.0,1,the bonfire of destiny
832,100 Days My Prince,2018,16+,55/100,1,0,0,0,tv_show,"drama television series, action television series, comedy television series, cultural history",South Korea,Korean,7.0,tt8199972,55,16.0,1,100 days my prince
833,Let's Eat,2013,16+,55/100,1,0,0,0,tv_show,"romance television series, comedy television series",South Korea,Korean,7.0,tt3385484,55,16.0,1,let's eat
834,Kung Fu Panda: Legends of Awesomeness,2011,7+,55/100,1,0,0,0,tv_show,reality television,United States,English,6.8/10,tt0092400,55,7.0,1,kung fu panda: legends of awesomeness
835,Crime Scene: The Vanishing at the Cecil Hotel,2021,16+,55/100,1,0,0,0,tv_show,reality television,United States,English,5.9/10,tt0092400,55,16.0,1,crime scene: the vanishing at the cecil hotel
836,PJ Masks,2015,all,55/100,1,0,0,1,tv_show,reality television,United States,English,5.5/10,tt0092400,55,16.0,1,pj masks
837,Incomplete Life,2014,16+,55/100,1,0,0,0,tv_show,drama television series,South Korea,Korean,10.0,tt4240730,55,16.0,1,incomplete life
838,Fabulous Lives of Bollywood Wives,2020,16+,55/100,1,0,0,0,tv_show,reality television,India,English,1.0,tt13452100,55,16.0,1,fabulous lives of bollywood wives
839,When Heroes Fly,2018,7+,55/100,1,0,0,0,tv_show,"drama television series, television series based on a novel",Israel,"Hebrew, Spanish",7.0,tt8220344,55,7.0,1,when heroes fly
840,The Last O.G.,2018,7+,55/100,1,0,0,0,tv_show,sitcom,United States,English,10.0,tt5363912,55,7.0,1,the last o.g.
841,Romance is a Bonus Book,2019,16+,55/100,1,0,0,0,tv_show,"romantic comedy, romance film",South Korea,Korean,10.0,tt9130542,55,16.0,1,romance is a bonus book
842,DC Super Hero Girls,2019,7+,55/100,1,0,0,0,tv_show,reality television,United States,English,7.1/10,tt0092400,55,7.0,1,dc super hero girls
843,Wheel of Fortune,1983,all,55/100,1,0,0,0,tv_show,game show,United States,English,6.7,tt0072584,55,16.0,1,wheel of fortune
844,Chelsea Does,2016,18+,55/100,1,0,0,0,tv_show,television documentary,United States,English,1.0,tt5275894,55,18.0,1,chelsea does
845,Girlfriends' Guide to Divorce,2014,16+,55/100,1,0,0,0,tv_show,comedy drama,United States,English,8.0,tt2817246,55,16.0,1,girlfriends' guide to divorce
846,Daniel Sloss: Live Shows,2018,18+,55/100,1,0,0,0,tv_show,reality television,United States,English,8.6/10,tt0092400,55,18.0,1,daniel sloss: live shows
847,Case,2015,16+,55/100,1,0,0,0,tv_show,reality television,United States,English,7.1/10,tt0092400,55,16.0,1,case
848,Always a Witch,2019,16+,55/100,1,0,0,0,tv_show,"fantasy television series, romantic comedy, speculative fiction, comedy television series",Colombia,Spanish,7.0,tt8001250,55,16.0,1,always a witch
849,You vs. Wild,2019,16+,55/100,1,0,0,0,tv_show,"full motion video, reality television",United States,English,8.0,tt10044952,55,16.0,1,you vs. wild
850,The Boulet Brothers' Dragula,2016,18+,55/100,1,0,0,0,tv_show,"LGBT-related television series, reality television series",United States,English,8.0,tt6289132,55,18.0,1,the boulet brothers' dragula
851,Lovestruck in the City,2020,16+,55/100,1,0,0,0,tv_show,"drama film, romance film",South Korea,Korean,10.0,tt13394544,55,16.0,1,lovestruck in the city
852,Navillera,2021,16+,55/100,1,0,0,0,tv_show,drama film,South Korea,Korean,10.0,tt13885302,55,16.0,1,navillera
853,Bitter Daisies,2018,18+,55/100,1,0,0,0,tv_show,thriller,Spain,Galician,8.0,tt9412454,55,18.0,1,bitter daisies
854,Selection Day,2018,16+,55/100,1,0,0,0,tv_show,television series based on a novel,India,English,9.0,tt8004628,55,16.0,1,selection day
855,"Bring It On, Ghost",2016,16+,55/100,1,0,0,0,tv_show,"horror television series, romantic comedy",South Korea,Korean,10.0,tt5768840,55,16.0,1,"bring it on, ghost"
856,The Standups,2017,16+,55/100,1,0,0,0,tv_show,comedy television series,United States,English,10.0,tt7107518,55,16.0,1,the standups
857,(The Hook Up Plan),2018,16+,55/100,1,0,0,0,tv_show,reality television,United States,English,7.2/10,tt0092400,55,16.0,1,(the hook up plan)
858,Because This Is My First Life,2017,16+,55/100,1,0,0,0,tv_show,romantic comedy,South Korea,Korean,10.0,tt7278588,55,16.0,1,because this is my first life
859,The Indian Detective,2017,16+,55/100,1,0,0,0,tv_show,comedy drama,Canada,English,7.0,tt5797220,55,16.0,1,the indian detective
860,Medal of Honor,2018,16+,55/100,1,0,1,0,tv_show,reality television,United States,English,8.4/10,tt0092400,55,16.0,1,medal of honor
861,Heaven Official's Blessing,2020,16+,55/100,1,0,0,0,tv_show,reality television,United States,English,8.4/10,tt0092400,55,16.0,1,heaven official's blessing
862,Who Killed Little Gregory?,2019,16+,55/100,1,0,0,0,tv_show,reality television,United States,English,7.4/10,tt0092400,55,16.0,1,who killed little gregory?
863,"Coronavirus, Explained",2020,7+,55/100,1,0,0,0,tv_show,television documentary,United States,English,7.0,tt12189310,55,7.0,1,"coronavirus, explained"
864,Teen Mom 2,2011,7+,55/100,1,0,1,0,tv_show,reality television,United States,English,7.0,tt1821220,55,7.0,1,teen mom 2
865,Vientos de agua,2006,16+,55/100,1,0,0,0,tv_show,drama television series,"Argentina, Spain",Spanish,10.0,tt0459724,55,16.0,1,vientos de agua
866,Kantaro: The Sweet Tooth Salaryman,2017,7+,55/100,1,0,0,0,tv_show,reality television,Japan,Japanese,10.0,tt6983520,55,7.0,1,kantaro: the sweet tooth salaryman
867,Al Hayba,2017,7+,55/100,1,0,0,0,tv_show,reality television,"Lebanon, Syria",English,10.0,tt7035576,55,7.0,1,al hayba
868,Somewhere Between,2017,16+,55/100,1,0,0,0,tv_show,thriller television series,United States,English,5.0,tt6467294,55,16.0,1,somewhere between
869,Selling Sunset,2019,18+,55/100,1,0,0,0,tv_show,reality television series,United States,English,5.0,tt9817298,55,18.0,1,selling sunset
870,Trailer Park Boys: The Animated Series,2019,18+,55/100,1,0,0,0,tv_show,reality television,United States,English,7.5/10,tt0092400,55,18.0,1,trailer park boys: the animated series
871,Ultraviolet,2017,18+,55/100,1,1,0,0,tv_show,crime television series,Poland,Polish,9.0,tt7514746,55,18.0,1,ultraviolet
872,Ultraman,2019,16+,54/100,1,0,0,0,tv_show,"tokusatsu, Japanese television drama",Japan,Japanese,10.0,tt0060038,54,16.0,1,ultraman
873,No Good Nick,2019,7+,54/100,1,0,0,0,tv_show,comedy television series,United States,English,9.0,tt9039142,54,7.0,1,no good nick
874,Intersection,2016,16+,54/100,1,0,1,0,tv_show,"drama television series, thriller television series, psychological thriller, romance television series","United Arab Emirates, United States","Arabic, English, Spanish",10.0,tt11703922,54,16.0,1,intersection
875,Daughter From Another Mother,2021,18+,54/100,1,0,0,0,tv_show,"drama film, comedy",Mexico,Mexican Spanish,10.0,tt11937732,54,18.0,1,daughter from another mother
876,Tiny House Nation,2014,7+,54/100,1,0,0,0,tv_show,reality television,United States,English,10.0,tt3869500,54,7.0,1,tiny house nation
877,High-Rise Invasion,2021,18+,54/100,1,0,0,0,tv_show,reality television,United States,English,6.7/10,tt0092400,54,18.0,1,high-rise invasion
878,Mystic Pop-up Bar,2020,16+,54/100,1,0,0,0,tv_show,fantasy television series,South Korea,Korean,7.0,tt12246190,54,16.0,1,mystic pop-up bar
879,The Inmate,2018,16+,54/100,1,0,0,0,tv_show,reality television,United States,English,7.0/10,tt0092400,54,16.0,1,the inmate
880,Glow Up: Britain's Next Make-Up Star,2019,16+,54/100,1,0,0,0,tv_show,reality television,United Kingdom,English,6.0,tt9680524,54,16.0,1,glow up: britain's next make-up star
881,Falsa Identidad,2018,16+,54/100,1,0,0,0,tv_show,telenovela,United States,Spanish,10.0,tt8598690,54,16.0,1,falsa identidad
882,A Perfect Crime,2020,16+,54/100,1,0,0,0,tv_show,reality television,United States,English,7.3/10,tt0092400,54,16.0,1,a perfect crime
883,Alien Worlds,2020,7+,54/100,1,0,0,0,tv_show,"nature documentary, science fiction television program, television documentary, docufiction",United Kingdom,English,6.0,tt13464340,54,7.0,1,alien worlds
884,Barbie: Life in the Dreamhouse,2012,all,54/100,1,0,0,0,tv_show,reality television,United States,English,7.4/10,tt0092400,54,16.0,1,barbie: life in the dreamhouse
885,Freud,2020,18+,54/100,1,0,0,0,tv_show,reality television,United States,English,6.5/10,tt0092400,54,18.0,1,freud
886,Carmel: Who Killed Maria Marta?,2020,16+,54/100,1,0,0,0,tv_show,reality television,United States,English,7.1/10,tt0092400,54,16.0,1,carmel: who killed maria marta?
887,Get Even,2020,16+,54/100,1,0,0,0,tv_show,"thriller television series, teen drama television, television series based on a novel",United Kingdom,English,8.0,tt9724628,54,16.0,1,get even
888,God Eater,2015,16+,54/100,1,0,0,0,tv_show,reality television,United States,English,7.0/10,tt0092400,54,16.0,1,god eater
889,El Dragón: Return of a Warrior,2019,18+,54/100,1,0,0,0,tv_show,"telenovela, police television drama",Mexico,Spanish,10.0,tt9281190,54,18.0,1,el dragón: return of a warrior
890,Netflix Presents: The Characters,2016,18+,54/100,1,0,0,0,tv_show,reality television,United States,English,4.0,tt5228026,54,18.0,1,netflix presents: the characters
891,Jamtara - Sabka Number Ayega,2020,16+,54/100,1,0,0,0,tv_show,reality television,United States,English,7.3/10,tt0092400,54,16.0,1,jamtara - sabka number ayega
892,Vampires,2020,18+,54/100,1,0,0,0,tv_show,"fantasy television series, vampire television program",France,French,10.0,tt11829316,54,18.0,1,vampires
893,Zindagi inShort,2021,16+,54/100,1,0,0,0,tv_show,reality television,United States,English,7.2/10,tt0092400,54,16.0,1,zindagi inshort
894,#blackAF,2020,18+,54/100,1,0,0,0,tv_show,sitcom,United States,English,5.0,tt10311562,54,18.0,1,#blackaf
895,Ever After High,2013,all,54/100,1,0,0,0,tv_show,reality television,United States,English,8.0/10,tt0092400,54,16.0,1,ever after high
896,Sirius the Jaeger,2018,16+,54/100,1,0,0,0,tv_show,reality television,United States,English,6.8/10,tt0092400,54,16.0,1,sirius the jaeger
897,Eternal Love,2017,7+,54/100,1,0,0,0,tv_show,reality television,People's Republic of China,Putonghua,10.0,tt6772360,54,7.0,1,eternal love
898,Murder Mountain,2018,16+,54/100,1,0,0,0,tv_show,television documentary,United States,English,8.0,tt9078908,54,16.0,1,murder mountain
899,EastSiders,2012,16+,54/100,1,0,0,0,tv_show,LGBT-related television series,United States,English,4.0,tt2558816,54,16.0,1,eastsiders
900,Dope,2017,16+,54/100,1,0,0,0,tv_show,reality television,United States,English,7.3/10,tt0092400,54,16.0,1,dope
901,Troy: Fall of a City,2018,18+,54/100,1,0,0,0,tv_show,historical television series,United Kingdom,English,2.0,tt5103758,54,18.0,1,troy: fall of a city
902,Surviving Escobar - Alias JJ,2017,18+,54/100,1,0,0,0,tv_show,reality television,United States,English,7.9/10,tt0092400,54,18.0,1,surviving escobar - alias jj
903,Transfers,2017,16+,54/100,1,0,0,0,tv_show,reality television,France,English,7.0,tt6531888,54,16.0,1,transfers
904,Unnatural Selection,2019,16+,54/100,1,0,0,0,tv_show,reality television,United States,English,8.0/10,tt0092400,54,16.0,1,unnatural selection
905,Skylines,2019,16+,54/100,1,0,0,0,tv_show,drama film,Germany,German,8.0,tt9184970,54,16.0,1,skylines
906,The Last Czars,2019,16+,54/100,1,0,0,0,tv_show,docudrama,United States,English,7.3,tt7949606,54,16.0,1,the last czars
907,High Score Girl,2018,7+,54/100,1,0,0,0,tv_show,reality television,United States,English,8.0/10,tt0092400,54,7.0,1,high score girl
908,Human: The World Within,2021,16+,54/100,1,0,0,0,tv_show,television documentary,United States,English,10.0,tt14574154,54,16.0,1,human: the world within
909,Unit 42,2017,7+,54/100,1,0,0,0,tv_show,police procedural,Belgium,French,10.0,tt6136644,54,7.0,1,unit 42
910,The Velvet Collection,2017,16+,54/100,1,0,0,0,tv_show,romance film,Spain,Spanish,7.0,tt6762348,54,16.0,1,the velvet collection
911,One on One,2001,16+,54/100,1,0,1,0,tv_show,teen sitcom,United States,English,7.2,tt0284770,54,16.0,1,one on one
912,Monty Python: Almost the Truth (The Lawyer's Cut),2009,7+,54/100,1,0,0,0,tv_show,reality television,United States,English,8.1/10,tt0092400,54,7.0,1,monty python: almost the truth (the lawyer's cut)
913,Nicky Jam: El Ganador,2018,16+,54/100,1,0,0,0,tv_show,reality television,United States,Spanish,9.0,tt7949200,54,16.0,1,nicky jam: el ganador
914,Someone Has to Die,2020,16+,54/100,1,0,0,0,tv_show,reality television,Spain,Spanish,5.0,tt10311932,54,16.0,1,someone has to die
915,Voice,2017,16+,54/100,1,0,0,0,tv_show,reality television,United States,English,7.7/10,tt0092400,54,16.0,1,voice
916,La Révolution,2020,16+,54/100,1,0,0,0,tv_show,"alternate history television series, political drama, horror television series, adventure television series",France,French,6.0,tt13044528,54,16.0,1,la révolution
917,Queer Eye: We're in Japan!,2019,16+,54/100,1,0,0,0,tv_show,reality television series,United States,"English, Japanese",10.0,tt10971532,54,16.0,1,queer eye: we're in japan!
918,Danger Mouse,1981,7+,54/100,1,0,0,0,tv_show,reality television,United States,English,7.4/10,tt0092400,54,7.0,1,danger mouse
919,Paava Kadhaigal,2020,16+,54/100,1,0,0,0,tv_show,reality television,United States,English,8.1/10,tt0092400,54,16.0,1,paava kadhaigal
920,Man Like Mobeen,2017,18+,53/100,1,0,0,0,tv_show,sitcom,United Kingdom,English,10.0,tt7639280,53,18.0,1,man like mobeen
921,Sisyphus,2021,16+,53/100,1,0,0,0,tv_show,reality television,United States,English,7.1/10,tt0092400,53,16.0,1,sisyphus
922,MINE,2021,16+,53/100,1,0,0,0,tv_show,reality television,United States,English,7.8/10,tt0092400,53,16.0,1,mine
923,X-Men,2011,16+,53/100,1,0,0,1,tv_show,reality television,United States,English,6.9/10,tt0092400,53,16.0,1,x-men
924,The Minions of Midas,2020,16+,53/100,1,0,0,0,tv_show,reality television,United States,English,6.6/10,tt0092400,53,16.0,1,the minions of midas
925,7SEEDS,2019,18+,53/100,1,0,0,0,tv_show,reality television,United States,English,6.4/10,tt0092400,53,18.0,1,7seeds
926,Ultimate Beastmaster,2017,all,53/100,1,0,0,0,tv_show,reality television,United States,English,7.0,tt5607970,53,16.0,1,ultimate beastmaster
927,Trigger Warning with Killer Mike,2019,16+,53/100,1,0,0,0,tv_show,"comedy television program, television documentary",United States,English,9.0,tt9426194,53,16.0,1,trigger warning with killer mike
928,The Queen of Flow,2018,18+,53/100,1,0,0,0,tv_show,telenovela,Colombia,Spanish,8.0,tt8560918,53,18.0,1,the queen of flow
929,The Upshaws,2021,16+,53/100,1,0,0,0,tv_show,sitcom,United States,English,7.0,tt10945036,53,16.0,1,the upshaws
930,Huge in France,2019,16+,53/100,1,0,0,0,tv_show,sitcom,United States,English,7.0,tt8009602,53,16.0,1,huge in france
931,Good Morning Call,2016,all,53/100,1,0,0,0,tv_show,"comedy television program, romance television series",Japan,Japanese,10.0,tt5520732,53,16.0,1,good morning call
932,Reality Z,2020,18+,53/100,1,0,0,0,tv_show,comedy horror,Brazil,English,7.0,tt10241238,53,18.0,1,reality z
933,Bella and the Bulldogs,2015,all,53/100,1,0,0,0,tv_show,American television sitcom,United States,English,6.0,tt3596178,53,16.0,1,bella and the bulldogs
934,Johnny Test,2005,all,53/100,1,0,0,0,tv_show,reality television,Canada,English,6.0,tt15061770,53,16.0,1,johnny test
935,The Lost Pirate Kingdom,2021,18+,53/100,1,0,0,0,tv_show,television documentary,United States,English,8.0,tt14057360,53,18.0,1,the lost pirate kingdom
936,The I-Land,2019,18+,53/100,1,0,0,0,tv_show,"science fiction television program, drama television series, adventure television series, action television series",United States,English,3.0,tt9067020,53,18.0,1,the i-land
937,Find Yourself,2020,16+,53/100,1,0,0,0,tv_show,romantic comedy,People's Republic of China,English,8.0,tt11569628,53,16.0,1,find yourself
938,A Love So Beautiful,2017,16+,53/100,1,0,0,0,tv_show,"romantic comedy, coming-of-age fiction",People's Republic of China,Mandarin,8.0,tt8434720,53,16.0,1,a love so beautiful
939,Free Rein,2017,all,53/100,1,0,0,0,tv_show,drama,United Kingdom,English,7.0,tt6928052,53,16.0,1,free rein
940,Ashes of Love,2018,7+,53/100,1,0,0,0,tv_show,romance television series,People's Republic of China,English,10.0,tt8976346,53,7.0,1,ashes of love
941,Masha and the Bear,2009,all,53/100,1,0,0,0,tv_show,reality television,United States,English,7.5/10,tt0092400,53,16.0,1,masha and the bear
942,Million Pound Menu,2018,16+,53/100,1,0,0,0,tv_show,reality show,United Kingdom,English,9.0,tt8488494,53,16.0,1,million pound menu
943,All Hail King Julien,2014,7+,53/100,1,0,0,0,tv_show,reality television,United States,English,7.1/10,tt0092400,53,7.0,1,all hail king julien
944,The Day I Met El Chapo: The Kate del Castillo Story,2017,18+,53/100,1,0,0,0,tv_show,"biographical work, television documentary",United States,English,7.0,tt7334894,53,18.0,1,the day i met el chapo: the kate del castillo story
945,Argos Comunicación,2017,18+,53/100,1,0,0,0,tv_show,reality television,United States,English,7.2/10,tt0092400,53,18.0,1,argos comunicación
946,The Rational Life,2021,16+,53/100,1,0,0,0,tv_show,"drama film, romance film",People's Republic of China,English,8.0,tt14376958,53,16.0,1,the rational life
947,Busted!,2018,16+,53/100,1,0,0,0,tv_show,"reality television, variety show",South Korea,Korean,10.0,tt8328460,53,16.0,1,busted!
948,Street Food,2019,all,53/100,1,0,0,0,tv_show,television documentary,United States,English,9.0,tt10050778,53,16.0,1,street food
949,A Little Thing Called First Love,2019,all,53/100,1,0,1,0,tv_show,romance film,People's Republic of China,Standard Chinese,6.0,tt11152058,53,16.0,1,a little thing called first love
950,The Surgeon's Cut,2020,16+,53/100,1,0,0,0,tv_show,television documentary,United States,English,10.0,tt13487106,53,16.0,1,the surgeon's cut
951,Song Exploder,2020,18+,53/100,1,0,0,0,tv_show,television documentary,United States,English,10.0,tt13110256,53,18.0,1,song exploder
952,Unabomber: In His Own Words,2020,16+,53/100,1,0,0,0,tv_show,television documentary,United States,English,8.0,tt11833494,53,16.0,1,unabomber: in his own words
953,Spycraft,2021,18+,53/100,1,0,0,0,tv_show,reality television,United States,English,9.0,tt13789092,53,18.0,1,spycraft
954,Thieves of the Wood,2020,18+,53/100,1,0,0,0,tv_show,television series based on a novel,Belgium,Dutch,10.0,tt5766086,53,18.0,1,thieves of the wood
955,Headspace Guide to Meditation,2021,7+,53/100,1,0,0,0,tv_show,reality television,United States,English,10.0,tt13617024,53,7.0,1,headspace guide to meditation
956,Record of Grancrest War,2018,18+,53/100,1,0,0,0,tv_show,reality television,United States,English,7.2/10,tt0092400,53,18.0,1,record of grancrest war
957,Abyss,2019,16+,53/100,1,0,0,0,tv_show,reality television,United States,English,7.1/10,tt0092400,53,16.0,1,abyss
958,Silver Spoon,2014,16+,53/100,1,0,0,0,tv_show,"detective television series, thriller television series, drama television series",Russia,Russian,8.0,tt4426042,53,16.0,1,silver spoon
959,Omniscient,2020,18+,53/100,1,0,0,0,tv_show,"science fiction television program, drama television series",Brazil,Brazilian Portuguese,8.0,tt11542920,53,18.0,1,omniscient
960,Creeped Out,2017,7+,53/100,1,0,0,0,tv_show,"children's television series, horror television series","Canada, United Kingdom",English,8.0,tt7573024,53,7.0,1,creeped out
961,The Worst Witch,2017,7+,53/100,1,0,0,0,tv_show,"children's television series, fantasy television series","United Kingdom, Canada",English,7.2,tt0179061,53,7.0,1,the worst witch
962,Diablero,2018,16+,53/100,1,0,0,0,tv_show,"horror television series, film based on book, fantasy television series",Mexico,English,8.0,tt7414954,53,16.0,1,diablero
963,Samurai Gourmet,2017,16+,53/100,1,0,0,0,tv_show,comedy,Japan,Japanese,7.0,tt6304676,53,16.0,1,samurai gourmet
964,The Daily Life of the Immortal King,2020,16+,53/100,1,0,0,0,tv_show,reality television,United States,English,7.4/10,tt0092400,53,16.0,1,the daily life of the immortal king
965,The Guest,2018,16+,53/100,1,0,0,0,tv_show,reality television,United States,English,8.2/10,tt0092400,53,16.0,1,the guest
966,You Are My Spring,2021,16+,53/100,1,0,0,0,tv_show,reality television,South Korea,Korean,5.0,tt14169816,53,16.0,1,you are my spring
967,My First First Love,2019,7+,53/100,1,0,0,0,tv_show,"chivalric romance, drama film",South Korea,Korean,8.0,tt8995604,53,7.0,1,my first first love
968,The Mr. Peabody & Sherman Show,2015,7+,53/100,1,0,0,0,tv_show,comedy television series,United States,English,2.0,tt5021206,53,7.0,1,the mr. peabody & sherman show
969,My Shy Boss,2017,16+,53/100,1,0,0,0,tv_show,"romance film, comedy television series, comedy film, drama film",South Korea,Korean,6.0,tt6257622,53,16.0,1,my shy boss
970,Trial 4,2020,16+,53/100,1,0,0,0,tv_show,true crime,United States,English,9.0,tt13363298,53,16.0,1,trial 4
971,The Business of Drugs,2020,18+,53/100,1,0,0,0,tv_show,reality television,United States,English,8.0,tt12588416,53,18.0,1,the business of drugs
972,"Fresh, Fried & Crispy",2021,7+,53/100,1,0,0,0,tv_show,reality television,United States,English,3.0,tt14644428,53,7.0,1,"fresh, fried & crispy"
973,The Legend of Bruce Lee,2008,16+,53/100,1,0,1,0,tv_show,"biographical film, martial arts film",People's Republic of China,"Mandarin, English",6.8,tt1059455,53,16.0,1,the legend of bruce lee
974,Jiva!,2021,18+,53/100,1,0,0,0,tv_show,drama film,South Africa,English,9.0,tt12564616,53,18.0,1,jiva!
975,Killer Ratings,2019,18+,53/100,1,0,0,0,tv_show,true crime,United Kingdom,English,8.0,tt10243692,53,18.0,1,killer ratings
976,Switched,2018,16+,53/100,1,0,0,0,tv_show,drama fiction,Japan,Japanese,8.0,tt8747882,53,16.0,1,switched
977,Go! Live Your Way,2019,16+,52/100,1,0,0,0,tv_show,romance film,Argentina,Spanish,10.0,tt9654086,52,16.0,1,go! live your way
978,Criminal: France,2019,7+,52/100,1,0,0,0,tv_show,"anthology series, police procedural",France,French,5.0,tt10986052,52,7.0,1,criminal: france
979,Bloodride,2020,18+,52/100,1,0,0,0,tv_show,horror television series,Norway,English,8.0,tt9815502,52,18.0,1,bloodride
980,Glitch Techs,2020,all,52/100,1,0,0,0,tv_show,reality television,United States,English,7.9/10,tt0092400,52,16.0,1,glitch techs
981,Country Comfort,2021,7+,52/100,1,0,0,0,tv_show,comedy television program,United States,English,9.0,tt11717394,52,7.0,1,country comfort
982,The Disappearance of Madeleine McCann,2019,16+,52/100,1,0,0,0,tv_show,television documentary,United States,English,8.0,tt9879074,52,16.0,1,the disappearance of madeleine mccann
983,Nobody's Looking,2019,18+,52/100,1,0,0,0,tv_show,"fantasy television series, comedy television series",Brazil,Portuguese,10.0,tt11131980,52,18.0,1,nobody's looking
984,Inside the World's Toughest Prisons,2016,18+,52/100,1,0,0,0,tv_show,television documentary,United Kingdom,English,9.0,tt6322264,52,18.0,1,inside the world's toughest prisons
985,Love & Anarchy,2020,16+,52/100,1,0,0,0,tv_show,comedy drama,Sweden,Swedish,9.0,tt10888876,52,16.0,1,love & anarchy
986,Family Reunion,2019,7+,52/100,1,0,0,0,tv_show,comedy,United States,English,7.0,tt9153270,52,7.0,1,family reunion
987,Borderliner,2017,18+,52/100,1,0,0,0,tv_show,reality television,United States,English,6.8/10,tt0092400,52,18.0,1,borderliner
988,Sisters,2017,16+,52/100,1,0,0,0,tv_show,soap opera,United States,English,7.5,tt0101199,52,16.0,1,sisters
989,Kissing Game,2020,18+,52/100,1,0,0,0,tv_show,reality television,Brazil,Brazilian Portuguese,9.0,tt11131962,52,18.0,1,kissing game
990,Who Killed Malcolm X?,2019,16+,52/100,1,0,0,0,tv_show,reality television,United States,English,7.6/10,tt0092400,52,16.0,1,who killed malcolm x?
991,"Good Morning, Verônica",2020,16+,52/100,1,0,0,0,tv_show,"drama television series, television series based on a novel",Brazil,English,8.0,tt12987918,52,16.0,1,"good morning, verônica"
992,Bad Boy Billionaires: India,2020,16+,52/100,1,0,0,0,tv_show,television documentary,India,English,8.0,tt12923630,52,16.0,1,bad boy billionaires: india
993,Neo Yokio,2017,18+,52/100,1,0,0,0,tv_show,reality television,United States,English,5.9/10,tt0092400,52,18.0,1,neo yokio
994,Grand Hotel,2016,16+,52/100,1,0,0,0,tv_show,reality television,United States,English,8.2/10,tt0092400,52,16.0,1,grand hotel
995,Crazy Delicious,2020,7+,52/100,1,0,0,0,tv_show,reality television,United Kingdom,English,5.0,tt11301834,52,7.0,1,crazy delicious
996,The Frozen Dead,2017,16+,52/100,1,0,0,0,tv_show,reality television,France,French,5.0,tt5736758,52,16.0,1,the frozen dead
997,Zumbo's Just Desserts,2016,7+,52/100,1,0,0,0,tv_show,reality television,Australia,English,6.0,tt7239256,52,7.0,1,zumbo's just desserts
998,Another Miss Oh,2016,16+,52/100,1,0,0,0,tv_show,"romantic comedy, comedy television series, fantasy television series, romance television series",South Korea,English,6.0,tt5679572,52,16.0,1,another miss oh
999,Soundtrack,2019,16+,52/100,1,0,0,0,tv_show,reality television,United States,English,6.8/10,tt0092400,52,16.0,1,soundtrack
1000,Bad Guys,2014,18+,52/100,1,0,0,0,tv_show,police procedural,South Korea,Korean,8.0,tt3914520,52,18.0,1,bad guys
1001,Fireman Sam,1989,all,52/100,1,0,1,0,tv_show,reality television,United States,English,6.2/10,tt0092400,52,16.0,1,fireman sam
1002,We Are the Wave,2019,18+,52/100,1,0,0,0,tv_show,reality television,United States,English,6.1/10,tt0092400,52,18.0,1,we are the wave
1003,Morocco: Love in Times of War,2017,16+,52/100,1,0,0,0,tv_show,romance film,Spain,English,10.0,tt6740146,52,16.0,1,morocco: love in times of war
1004,Okupas,2000,18+,52/100,1,0,0,0,tv_show,drama television series,Argentina,Spanish,9.0,tt0289649,52,18.0,1,okupas
1005,Sword Art Online Alternative: Gun Gale Online,2018,16+,52/100,1,1,0,0,tv_show,reality television,United States,English,6.9/10,tt0092400,52,16.0,1,sword art online alternative: gun gale online
1006,The Haunted Hathaways,2013,all,52/100,1,0,0,0,tv_show,"comedy television series, fantasy television program, youth series",United States,English,4.0,tt2535732,52,16.0,1,the haunted hathaways
1007,TIGER & BUNNY,2011,16+,52/100,1,1,0,0,tv_show,reality television,United States,English,7.4/10,tt0092400,52,16.0,1,tiger & bunny
1008,The Queen and the Conqueror,2020,16+,52/100,1,0,0,0,tv_show,historical drama,Colombia,English,8.0,tt10348700,52,16.0,1,the queen and the conqueror
1009,Mossad 101,2015,16+,52/100,1,0,0,0,tv_show,thriller television series,Israel,English,7.0,tt4354042,52,16.0,1,mossad 101
1010,Hoops,2020,18+,52/100,1,0,0,0,tv_show,reality television,United States,English,6.0/10,tt0092400,52,18.0,1,hoops
1011,Crime Diaries: The Candidate,2019,18+,52/100,1,0,0,0,tv_show,reality television,United States,English,7.6/10,tt0092400,52,18.0,1,crime diaries: the candidate
1012,Zac & Mia,2017,16+,52/100,1,1,0,0,tv_show,reality television,United States,English,10.0,tt7487358,52,16.0,1,zac & mia
1013,Men on a Mission,2015,16+,52/100,1,0,0,0,tv_show,"reality television, variety show",South Korea,English,7.0,tt5247622,52,16.0,1,men on a mission
1014,Girls Hostel,2018,7+,52/100,1,0,0,0,tv_show,reality television,United States,English,10.0,tt9401936,52,7.0,1,girls hostel
1015,Power Rangers Dino Fury,2021,7+,52/100,1,0,0,0,tv_show,reality television,United States,English,10.0,tt12360292,52,7.0,1,power rangers dino fury
1016,Broken,2019,16+,52/100,1,0,0,0,tv_show,reality television,United States,English,6.9/10,tt0092400,52,16.0,1,broken
1017,Barney & Friends,1992,all,52/100,1,0,1,0,tv_show,"children's television series, music program, children's music, educational television",United States,English,4.1,tt0144701,52,16.0,1,barney & friends
1018,Yunus Emre: Aşkın Yolculuğu,2015,16+,52/100,1,0,0,0,tv_show,reality television,Turkey,English,8.0/10,tt0092400,52,16.0,1,yunus emre: aşkın yolculuğu
1019,We the People,2021,7+,52/100,1,0,0,0,tv_show,reality television,United States,English,4.5/10,tt0092400,52,7.0,1,we the people
1020,SanPa: Sins of the Savior,2020,16+,52/100,1,0,0,0,tv_show,reality television,United States,English,7.8/10,tt0092400,52,16.0,1,sanpa: sins of the savior
1021,The Big Show Show,2020,all,52/100,1,0,0,0,tv_show,sitcom,United States,English,6.0,tt10726356,52,16.0,1,the big show show
1022,Ares,2020,18+,52/100,1,0,0,0,tv_show,reality television,United States,English,5.6/10,tt0092400,52,18.0,1,ares
1023,The Duchess,2020,18+,52/100,1,0,1,0,tv_show,"comedy television program, drama film",United Kingdom,English,5.0,tt9310390,52,18.0,1,the duchess
1024,Green Frontier,2019,18+,52/100,1,0,0,0,tv_show,reality television,United States,English,7.3/10,tt0092400,52,18.0,1,green frontier
1025,Love Alarm,2019,16+,52/100,1,0,0,0,tv_show,"romantic comedy, comedy film, drama film, romance film",South Korea,Korean,6.5,tt9145880,52,16.0,1,love alarm
1026,Loaded,2017,16+,52/100,1,0,0,0,tv_show,reality television,United States,English,6.6/10,tt0092400,52,16.0,1,loaded
1027,Nagi no Asukara,2013,7+,52/100,1,0,0,0,tv_show,reality television,United States,English,7.4/10,tt0092400,52,7.0,1,nagi no asukara
1028,Luna Nera,2020,18+,52/100,1,0,0,0,tv_show,"drama television series, fantasy television series",Italy,Italian,7.0,tt8403622,52,18.0,1,luna nera
1029,Secrets of Great British Castles,2015,7+,52/100,1,0,0,0,tv_show,reality television,United Kingdom,English,5.0,tt5181284,52,7.0,1,secrets of great british castles
1030,Ridley Jones,2021,all,52/100,1,0,0,0,tv_show,reality television,United States,English,5.6/10,tt0092400,52,16.0,1,ridley jones
1031,Next in Fashion,2020,16+,52/100,1,0,0,0,tv_show,reality television series,United States,English,6.0,tt10394770,52,16.0,1,next in fashion
1032,Children of the Whales,2017,16+,52/100,1,0,0,0,tv_show,reality television,United States,English,7.1/10,tt0092400,52,16.0,1,children of the whales
1033,Live,2018,16+,52/100,1,0,0,0,tv_show,reality television,United States,English,8.4/10,tt0092400,52,16.0,1,live
1034,Hangar 1: The UFO Files,2015,7+,52/100,1,0,1,0,tv_show,television documentary,United States,English,2.0,tt3552688,52,7.0,1,hangar 1: the ufo files
1035,The Paper,2016,16+,52/100,1,0,0,0,tv_show,"comedy television series, mockumentary",United States,English,7.0,tt32159809,52,16.0,1,the paper
1036,Valeria,2020,18+,52/100,1,0,0,0,tv_show,reality television,United States,English,6.2/10,tt0092400,52,18.0,1,valeria
1037,Girls und Panzer,2012,16+,52/100,1,1,0,0,tv_show,reality television,United States,English,7.4/10,tt0092400,52,16.0,1,girls und panzer
1038,World's Most Wanted,2020,16+,52/100,1,0,0,0,tv_show,documentary film,France,English,8.0,tt12753698,52,16.0,1,world's most wanted
1039,The Adventures of Puss in Boots,2015,7+,51/100,1,0,0,0,tv_show,reality television,United States,English,6.7/10,tt0092400,51,7.0,1,the adventures of puss in boots
1040,Merry Happy Whatever,2019,16+,51/100,1,0,0,0,tv_show,sitcom,United States,English,8.0,tt9770286,51,16.0,1,merry happy whatever
1041,The Holiday Movies That Made Us,2020,16+,51/100,1,0,0,0,tv_show,television documentary,United States,English,5.0,tt10681222,51,16.0,1,the holiday movies that made us
1042,MeatEater,2012,16+,51/100,1,0,0,0,tv_show,reality television,United States,English,10.0,tt2169245,51,16.0,1,meateater
1043,Old Money,2015,7+,51/100,1,0,0,0,tv_show,reality television,United States,English,7.6/10,tt0092400,51,7.0,1,old money
1044,Trump: An American Dream,2017,16+,51/100,1,0,0,0,tv_show,"miniseries, television documentary",United Kingdom,English,6.0,tt7596008,51,16.0,1,trump: an american dream
1045,Paquita Salas,2016,16+,51/100,1,0,0,0,tv_show,"comedy television series, pseudo-documentary",Spain,Spanish,10.0,tt5866074,51,16.0,1,paquita salas
1046,The Disastrous Life of Saiki K.: Reawakened,2019,16+,51/100,1,0,0,0,tv_show,reality television,United States,English,7.9/10,tt0092400,51,16.0,1,the disastrous life of saiki k.: reawakened
1047,Heartbreak High,1994,7+,51/100,1,0,0,0,tv_show,"drama television series, youth series",Australia,English,7.8,tt0108800,51,7.0,1,heartbreak high
1048,Reply 1994,2013,16+,51/100,1,0,0,0,tv_show,"romance film, comedy film, drama film",South Korea,Korean,10.0,tt3357586,51,16.0,1,reply 1994
1049,El Final del Paraíso,2019,16+,51/100,1,0,0,0,tv_show,telenovela,United States,English,1.0,tt10367818,51,16.0,1,el final del paraíso
1050,"Breakfast, Lunch & Dinner",2019,18+,51/100,1,0,0,0,tv_show,reality television,United States,English,3.0,tt10681670,51,18.0,1,"breakfast, lunch & dinner"
1051,Trailer Park Boys: Out of the Park: Europe,2016,18+,51/100,1,0,0,0,tv_show,comedy television series,Canada,English,8.0,tt5937754,51,18.0,1,trailer park boys: out of the park: europe
1052,If I Hadn't Met You,2018,16+,51/100,1,0,0,0,tv_show,"romantic drama, science fiction television program",Spain,Catalan,10.0,tt8517780,51,16.0,1,if i hadn't met you
1053,Einsatzgruppen: The Nazi Death Squads,2009,16+,51/100,1,0,0,0,tv_show,television documentary,France,"French, German, English",7.0,tt6953928,51,16.0,1,einsatzgruppen: the nazi death squads
1054,Rookie Historian Goo Hae-Ryung,2019,16+,51/100,1,0,0,0,tv_show,"comedy television series, drama television series",South Korea,Korean,9.0,tt10406128,51,16.0,1,rookie historian goo hae-ryung
1055,Put Your Head on My Shoulder,2019,7+,51/100,1,0,0,0,tv_show,romantic comedy,People's Republic of China,English,9.0,tt10265158,51,7.0,1,put your head on my shoulder
1056,Monzón: A Knockout Blow,2019,18+,51/100,1,0,0,0,tv_show,biographical film,Argentina,Spanish,7.0,tt9852660,51,18.0,1,monzón: a knockout blow
1057,The Expanding Universe of Ashley Garcia,2020,all,51/100,1,0,0,0,tv_show,reality television,United States,English,4.0,tt10380934,51,16.0,1,the expanding universe of ashley garcia
1058,The Snitch Cartel: Origins,2021,16+,51/100,1,0,0,0,tv_show,telenovela,Colombia,English,5.0,tt14417802,51,16.0,1,the snitch cartel: origins
1059,Two Sentence Horror Stories,2019,16+,51/100,1,0,0,0,tv_show,"horror television series, anthology series",United States,English,4.0,tt6873926,51,16.0,1,two sentence horror stories
1060,Shot in the Dark,2017,18+,51/100,1,0,0,0,tv_show,reality television,United States,English,8.3/10,tt0092400,51,18.0,1,shot in the dark
1061,Too Hot to Handle: Brazil,2021,16+,51/100,1,0,0,0,tv_show,reality television,United States,English,5.5/10,tt0092400,51,16.0,1,too hot to handle: brazil
1062,Criminal: Spain,2019,7+,51/100,1,0,0,0,tv_show,detective fiction,Spain,Spanish,8.0,tt10986050,51,7.0,1,criminal: spain
1063,Half & Half,2002,7+,51/100,1,0,0,0,tv_show,American television sitcom,United States,English,7.2,tt0320024,51,7.0,1,half & half
1064,One Spring Night,2019,16+,51/100,1,0,0,0,tv_show,romance television series,South Korea,Korean,9.0,tt10192576,51,16.0,1,one spring night
1065,Chicago Typewriter,2017,16+,51/100,1,0,0,0,tv_show,"fantasy film, drama television series, fantasy television series, romance television series",South Korea,Korean,10.0,tt6516076,51,16.0,1,chicago typewriter
1066,The Least Expected Day: Inside the Movistar Team 2019,2020,7+,51/100,1,0,0,0,tv_show,television documentary,Spain,Spanish,4.0,tt12048124,51,7.0,1,the least expected day: inside the movistar team 2019
1067,Suits,2018,16+,51/100,1,0,1,0,tv_show,"legal drama, comedy drama",United States,English,8.0,tt1632701,51,16.0,1,suits
1068,"Nicky, Ricky, Dicky & Dawn",2014,all,51/100,1,0,0,0,tv_show,"sitcom, teen sitcom",United States,English,8.0,tt3596176,51,16.0,1,"nicky, ricky, dicky & dawn"
1069,Room 2806: The Accusation,2020,16+,51/100,1,0,0,0,tv_show,documentary film,France,French,8.0,tt13540900,51,16.0,1,room 2806: the accusation
1070,20 Minutes,2013,16+,51/100,1,0,0,0,tv_show,LGBT-related television series,Turkey,Turkish,9.0,tt2544148,51,16.0,1,20 minutes
1071,The Honeymoon Stand Up Special,2018,16+,51/100,1,0,0,0,tv_show,reality television,United States,English,6.9/10,tt0092400,51,16.0,1,the honeymoon stand up special
1072,Secret Agent Selection: WW2,2018,16+,51/100,1,0,0,0,tv_show,reality television,United States,English,7.7/10,tt0092400,51,16.0,1,secret agent selection: ww2
1073,BREAK IT ALL: The History of Rock in Latin America,2020,18+,51/100,1,0,0,0,tv_show,documentary,United States,"Spanish, English",3.0,tt13570366,51,18.0,1,break it all: the history of rock in latin america
1074,Rapture,2018,18+,51/100,1,0,0,0,tv_show,reality television,United States,English,7.2/10,tt0092400,51,18.0,1,rapture
1075,My Country: The New Age,2019,16+,51/100,1,0,0,0,tv_show,"romance television series, action television series, drama television series, cultural history",South Korea,Korean,10.0,tt10850888,51,16.0,1,my country: the new age
1076,100 Humans. Life's Questions. Answered.,2020,16+,51/100,1,0,0,0,tv_show,reality television,United States,English,5.7/10,tt0092400,51,16.0,1,100 humans. life's questions. answered.
1077,Chef's Table: France,2016,16+,51/100,1,0,0,0,tv_show,television documentary,United States,English,8.2,tt6088326,51,16.0,1,chef's table: france
1078,Connected,2020,16+,51/100,1,0,0,0,tv_show,reality television,United States,English,7.5/10,tt0092400,51,16.0,1,connected
1079,Wolverine,2011,16+,51/100,1,0,0,0,tv_show,reality television,United States,English,6.3/10,tt0092400,51,16.0,1,wolverine
1080,La Doña,2016,16+,51/100,1,0,0,0,tv_show,telenovela,Mexico,Spanish,9.0,tt5663590,51,16.0,1,la doña
1081,Accidentally In Love,2018,7+,51/100,1,0,0,0,tv_show,reality television,People's Republic of China,English,10.0,tt9077184,51,7.0,1,accidentally in love
1082,Capitani,2019,16+,51/100,1,0,0,0,tv_show,reality television,Luxembourg,Luxembourgish,7.0,tt10483610,51,16.0,1,capitani
1083,Final Fantasy XIV: Dad of Light,2017,7+,51/100,1,0,0,0,tv_show,reality television,United States,English,7.0/10,tt0092400,51,7.0,1,final fantasy xiv: dad of light
1084,Shadow,2019,7+,51/100,1,0,0,0,tv_show,"fantasy television series, LGBT-related television series, adventure television series, horror television series",United States,English,5.0,tt4145054,51,7.0,1,shadow
1085,Sugar Rush,2018,7+,51/100,1,0,0,0,tv_show,"comedy drama, LGBT-related television series",United Kingdom,English,7.7,tt0452568,51,7.0,1,sugar rush
1086,Trash Truck,2020,all,51/100,1,0,0,0,tv_show,reality television,United States,English,8.4/10,tt0092400,51,16.0,1,trash truck
1087,The Victims' Game,2020,18+,51/100,1,0,0,0,tv_show,reality television,Taiwan,Standard Taiwanese Mandarin,8.0,tt12079212,51,18.0,1,the victims' game
1088,Floor is Lava,2020,all,51/100,1,0,0,0,tv_show,reality television,United States,English,8.0,tt12370124,51,16.0,1,floor is lava
1089,Leila,2019,16+,51/100,1,0,0,0,tv_show,reality television,United States,English,4.8/10,tt0092400,51,16.0,1,leila
1090,Designated Survivor: 60 Days,2019,16+,51/100,1,0,0,0,tv_show,"political drama, political thriller, crime television series",South Korea,Korean,10.0,tt10405394,51,16.0,1,designated survivor: 60 days
1091,Subat,2012,16+,51/100,1,0,0,0,tv_show,reality television,United States,English,8.1/10,tt0092400,51,16.0,1,subat
1092,The Last Kids on Earth,2019,7+,51/100,1,0,0,0,tv_show,reality television,United States,English,7.4/10,tt0092400,51,7.0,1,the last kids on earth
1093,Behind Enemy Lines,2001,13+,50/100,1,0,0,0,tv_show,reality television,United States,English,6.4/10,tt0092400,50,13.0,1,behind enemy lines
1094,Dating Around,2019,16+,50/100,1,0,0,0,tv_show,"reality television, LGBT-related television series, dating game show",United States,English,6.0,tt9654080,50,16.0,1,dating around
1095,Haunted,2018,18+,50/100,1,0,0,0,tv_show,reality television,United States,English,4.6/10,tt0092400,50,18.0,1,haunted
1096,Drug Lords,2018,18+,50/100,1,0,0,0,tv_show,television documentary,United Kingdom,English,1.0,tt7935522,50,18.0,1,drug lords
1097,Jinn,2019,16+,50/100,1,0,0,0,tv_show,reality television,United States,English,3.5/10,tt0092400,50,16.0,1,jinn
1098,The Wiggles,1998,all,50/100,1,0,0,0,tv_show,reality television,United States,English,5.9/10,tt0092400,50,16.0,1,the wiggles
1099,Bling Empire,2021,18+,50/100,1,0,0,0,tv_show,reality television,United States,English,3.0,tt13660962,50,18.0,1,bling empire
1100,The InBESTigators,2019,all,50/100,1,0,0,0,tv_show,comedy,Australia,English,9.0,tt9332962,50,16.0,1,the inbestigators
1101,Ad Vitam,2018,7+,50/100,1,0,0,0,tv_show,reality television,France,French,5.0,tt8548830,50,7.0,1,ad vitam
1102,Girls Incarcerated,2018,18+,50/100,1,0,0,0,tv_show,television documentary,United States,English,9.0,tt8092942,50,18.0,1,girls incarcerated
1103,Inhuman Resources,2020,16+,50/100,1,0,0,0,tv_show,reality television,United States,English,7.2/10,tt0092400,50,16.0,1,inhuman resources
1104,Bonus Family,2017,7+,50/100,1,0,0,0,tv_show,comedy drama,Sweden,Swedish,8.0,tt5372890,50,7.0,1,bonus family
1105,The Club,2019,18+,50/100,1,0,0,0,tv_show,reality television,United States,English,6.3/10,tt0092400,50,18.0,1,the club
1106,Rabbids Invasion,2013,7+,50/100,1,1,0,0,tv_show,reality television,United States,English,5.0/10,tt0092400,50,7.0,1,rabbids invasion
1107,Why Are You Like This?,2021,18+,50/100,1,0,0,0,tv_show,reality television,Australia,English,6.4,tt8540808,50,18.0,1,why are you like this?
1108,Moesha,1996,7+,50/100,1,1,0,0,tv_show,"sitcom, youth series",United States,English,6.0,tt0115275,50,7.0,1,moesha
1109,Ben and Holly's Little Kingdom,2009,all,50/100,1,0,0,0,tv_show,reality television,United States,English,7.4/10,tt0092400,50,16.0,1,ben and holly's little kingdom
1110,La Niña,2016,16+,50/100,1,0,0,0,tv_show,drama,Colombia,Spanish,10.0,tt5677942,50,16.0,1,la niña
1111,The Alcàsser Murders,2019,18+,50/100,1,0,0,0,tv_show,true crime,Spain,Spanish,7.0,tt8033244,50,18.0,1,the alcàsser murders
1112,Scare Tactics,2003,16+,50/100,1,0,0,0,tv_show,reality television,United States,English,8.0,tt0339968,50,16.0,1,scare tactics
1113,Levius,2019,16+,50/100,1,0,0,0,tv_show,reality television,United States,English,7.0/10,tt0092400,50,16.0,1,levius
1114,(Un)Well,2020,18+,50/100,1,0,0,0,tv_show,television documentary,United States,English,6.4,tt12759384,50,18.0,1,(un)well
1115,The Houseboat,2021,18+,50/100,1,0,0,0,tv_show,reality television,Germany,German,10.0,tt14019016,50,18.0,1,the houseboat
1116,"That Winter, the Wind Blows",2013,16+,50/100,1,0,0,0,tv_show,romance film,South Korea,Korean,10.0,tt2806646,50,16.0,1,"that winter, the wind blows"
1117,We Are the Champions,2020,16+,50/100,1,0,0,0,tv_show,"television documentary, reality television",United States,English,7.1,tt12409154,50,16.0,1,we are the champions
1118,Oktoberfest: Beer & Blood,2020,16+,50/100,1,0,0,0,tv_show,"historical film, drama film","Germany, Czech Republic",German,7.0,tt10244612,50,16.0,1,oktoberfest: beer & blood
1119,The Stranded,2019,18+,50/100,1,0,0,0,tv_show,"drama television series, thriller television series",Thailand,Thai,5.0,tt9310400,50,18.0,1,the stranded
1120,Chelsea,2016,18+,50/100,1,0,0,0,tv_show,talk show,United States,English,10.0,tt5672036,50,18.0,1,chelsea
1121,Transformers: Rescue Bots,2012,7+,50/100,1,0,1,0,tv_show,"comedy television series, comedy",United States,"English, American English",10.0,tt2139371,50,7.0,1,transformers: rescue bots
1122,Taj Mahal 1989,2020,16+,50/100,1,0,0,0,tv_show,reality television,India,English,9.0,tt11725706,50,16.0,1,taj mahal 1989
1123,Gameboys,2020,16+,50/100,1,0,0,0,tv_show,reality television,United States,English,10.0,tt0092400,50,16.0,1,gameboys
1124,Stay Here,2018,7+,50/100,1,0,0,0,tv_show,reality television series,United States,English,7.5,tt8773338,50,7.0,1,stay here
1125,Murder Maps,2015,16+,50/100,1,0,0,0,tv_show,docudrama,United Kingdom,English,2.0,tt5075360,50,16.0,1,murder maps
1126,Filinta: An Ottoman Policeman,2014,16+,50/100,1,0,0,0,tv_show,reality television,United States,English,6.8/10,tt0092400,50,16.0,1,filinta: an ottoman policeman
1127,White Rabbit Project,2016,7+,50/100,1,0,0,0,tv_show,reality television,United States,English,5.0,tt6048644,50,7.0,1,white rabbit project
1128,Mystery Lab,2020,7+,50/100,1,0,0,0,tv_show,reality television,Brazil,Brazilian Portuguese,7.0,tt12723962,50,7.0,1,mystery lab
1129,Ghost in the Shell: SAC_2045,2020,16+,50/100,1,0,0,0,tv_show,reality television,United States,English,6.3/10,tt0092400,50,16.0,1,ghost in the shell: sac_2045
1130,Tomorrow with You,2017,16+,50/100,1,0,0,0,tv_show,"soundtrack, drama television series, fantasy television series, romance television series",South Korea,English,8.0,tt5994346,50,16.0,1,tomorrow with you
1131,Rosario Tijeras,2017,16+,50/100,1,0,0,0,tv_show,reality television,Mexico,Spanish,9.0,tt6340304,50,16.0,1,rosario tijeras
1132,Supermarket Sweep,1990,all,50/100,1,1,1,0,tv_show,game show,United States,English,10.0,tt0180384,50,16.0,1,supermarket sweep
1133,Pandemic: How to Prevent an Outbreak,2020,16+,50/100,1,0,0,0,tv_show,television documentary,United States,English,6.0,tt11497904,50,16.0,1,pandemic: how to prevent an outbreak
1134,Autumn's Concerto,2009,16+,50/100,1,0,0,0,tv_show,drama television series,Taiwan,"Standard Chinese, Standard Taiwanese Mandarin",10.0,tt3530668,50,16.0,1,autumn's concerto
1135,Captive,2016,16+,50/100,1,0,0,0,tv_show,reality television,United States,English,6.9/10,tt0092400,50,16.0,1,captive
1136,Mobile Suit Gundam Unicorn,2010,16+,50/100,1,0,0,0,tv_show,reality television,United States,English,7.8/10,tt0092400,50,16.0,1,mobile suit gundam unicorn
1137,College Behind Bars,2019,16+,50/100,1,0,0,0,tv_show,documentary film,United States,English,9.0,tt9780458,50,16.0,1,college behind bars
1138,Big Timber,2020,16+,50/100,1,0,0,0,tv_show,reality television,Canada,English,7.0,tt13322572,50,16.0,1,big timber
1139,The Trial,2019,16+,50/100,1,0,0,0,tv_show,reality television,United States,English,7.0/10,tt0092400,50,16.0,1,the trial
1140,The Circle France,2020,16+,50/100,1,0,0,0,tv_show,reality television,France,English,10.0,tt9581778,50,16.0,1,the circle france
1141,Moving Art,2007,7+,50/100,1,0,0,0,tv_show,reality television,United States,English,8.7/10,tt0092400,50,7.0,1,moving art
1142,Bumping Mics with Jeff Ross & Dave Attell,2018,18+,50/100,1,0,0,0,tv_show,"stand-up comedy, reality television",United States,English,10.0,tt9203078,50,18.0,1,bumping mics with jeff ross & dave attell
1143,The Chase,2013,all,50/100,1,1,0,0,tv_show,game show,United Kingdom,English,10.0,tt1502749,50,16.0,1,the chase
1144,Hardy Bucks,2010,7+,50/100,1,0,0,0,tv_show,reality television,Ireland,English,8.0,tt1719837,50,7.0,1,hardy bucks
1145,Hymn of Death,2018,18+,50/100,1,0,0,0,tv_show,"drama, drama film, cultural history",South Korea,Korean,10.0,tt8160064,50,18.0,1,hymn of death
1146,Zero,2021,16+,50/100,1,0,0,0,tv_show,reality television,United States,English,5.7/10,tt0092400,50,16.0,1,zero
1147,Nevenka: Breaking the Silence,2021,16+,49/100,1,0,0,0,tv_show,"documentary, miniseries, television documentary",Spain,Spanish,10.0,tt14091172,49,16.0,1,nevenka: breaking the silence
1148,Dragon’s Dogma,2020,16+,49/100,1,0,0,0,tv_show,reality television,United States,English,6.3/10,tt0092400,49,16.0,1,dragon’s dogma
1149,The Playbook,2020,16+,49/100,1,0,0,0,tv_show,reality television,United States,English,10.0,tt12930602,49,16.0,1,the playbook
1150,Ellen DeGeneres: Relatable,2018,16+,49/100,1,0,0,0,tv_show,reality television,United States,English,6.5/10,tt0092400,49,16.0,1,ellen degeneres: relatable
1151,Brews Brothers,2020,18+,49/100,1,0,0,0,tv_show,reality television,United States,English,7.0,tt10930958,49,18.0,1,brews brothers
1152,Spirit: Riding Free,2017,7+,49/100,1,0,0,0,tv_show,reality television,United States,English,6.6/10,tt0092400,49,7.0,1,spirit: riding free
1153,Mismatched,2020,18+,49/100,1,0,0,0,tv_show,romantic drama,India,Hindi,5.0,tt12719250,49,18.0,1,mismatched
1154,The Cabin with Bert Kreischer,2020,18+,49/100,1,0,0,0,tv_show,"reality television, comedy television program",United States,English,7.0,tt11666848,49,18.0,1,the cabin with bert kreischer
1155,The Sound of Your Heart,2016,16+,49/100,1,0,0,0,tv_show,drama television series,South Korea,Korean,4.0,tt7885558,49,16.0,1,the sound of your heart
1156,Booba,2014,all,49/100,1,0,1,0,tv_show,reality television,United States,English,7.0/10,tt0092400,49,16.0,1,booba
1157,Instant Hotel,2018,7+,49/100,1,0,0,0,tv_show,reality television,Australia,English,8.0,tt9316032,49,7.0,1,instant hotel
1158,Dancing Queen,2018,7+,49/100,1,0,0,0,tv_show,reality television,United States,English,7.0/10,tt0092400,49,7.0,1,dancing queen
1159,Zero Chill,2021,16+,49/100,1,0,0,0,tv_show,teen drama television,United Kingdom,English,6.0,tt12083014,49,16.0,1,zero chill
1160,Nailed It! Holiday!,2018,16+,49/100,1,0,0,0,tv_show,reality television,United States,English,1.0,tt8760264,49,16.0,1,nailed it! holiday!
1161,Chocolate,2019,16+,49/100,1,0,0,0,tv_show,reality television,United States,English,7.7/10,tt0092400,49,16.0,1,chocolate
1162,Terrace House: Aloha State,2016,16+,49/100,1,0,0,0,tv_show,reality television,Japan,Japanese,10.0,tt6588218,49,16.0,1,terrace house: aloha state
1163,QB1: Beyond the Lights,2017,16+,49/100,1,0,0,0,tv_show,television documentary,United States,English,9.0,tt5771332,49,16.0,1,qb1: beyond the lights
1164,Rugal,2020,16+,49/100,1,0,0,0,tv_show,Korean drama,South Korea,Korean,5.0,tt11769798,49,16.0,1,rugal
1165,Moving On,2009,7+,49/100,1,0,0,0,tv_show,drama television series,United Kingdom,English,6.0,tt1340758,49,7.0,1,moving on
1166,Hache,2019,18+,49/100,1,0,0,0,tv_show,reality television,United States,English,6.5/10,tt0092400,49,18.0,1,hache
1167,Interior Design Masters,2019,16+,49/100,1,0,0,0,tv_show,reality television,United Kingdom,English,3.0,tt8367694,49,16.0,1,interior design masters
1168,Fallet,2017,16+,49/100,1,0,0,0,tv_show,comedy,Sweden,Swedish,8.0,tt6433844,49,16.0,1,fallet
1169,Jailbirds,2019,18+,49/100,1,0,0,0,tv_show,reality television,United States,English,5.0,tt10243628,49,18.0,1,jailbirds
1170,Killer Women with Piers Morgan,2016,16+,49/100,1,1,0,0,tv_show,reality television,United Kingdom,English,5.0,tt6172806,49,16.0,1,killer women with piers morgan
1171,FIGHTWORLD,2018,18+,49/100,1,0,0,0,tv_show,television documentary,United States,English,7.0,tt9047526,49,18.0,1,fightworld
1172,The Hockey Girls,2019,16+,49/100,1,0,0,0,tv_show,"teen drama television, sport art, LGBT-related television series",Spain,Catalan,9.0,tt9486226,49,16.0,1,the hockey girls
1173,SWORD GAI: The Animation,2018,18+,49/100,1,0,0,0,tv_show,reality television,United States,English,5.9/10,tt0092400,49,18.0,1,sword gai: the animation
1174,Ask the Storybots,2016,all,49/100,1,0,0,0,tv_show,reality television,United States,English,10.0,tt5846856,49,16.0,1,ask the storybots
1175,Black Ink Crew New York,2013,16+,49/100,1,1,0,0,tv_show,reality television,United States,English,6.0,tt2738096,49,16.0,1,black ink crew new york
1176,Lunatics,2019,18+,49/100,1,0,0,0,tv_show,"comedy television series, LGBT-related television series",Australia,English,7.0,tt8164794,49,18.0,1,lunatics
1177,Angry Birds Toons,2013,all,49/100,1,0,0,0,tv_show,reality television,United States,English,6.3/10,tt0092400,49,16.0,1,angry birds toons
1178,Puffin Rock,2015,all,49/100,1,0,0,0,tv_show,reality television,United States,English,8.7/10,tt0092400,49,16.0,1,puffin rock
1179,Kid Cosmic,2021,7+,49/100,1,0,0,0,tv_show,reality television,United States,English,8.0/10,tt0092400,49,7.0,1,kid cosmic
1180,Chef's Table: BBQ,2020,16+,49/100,1,0,0,0,tv_show,television documentary,United States,English,9.0,tt12917170,49,16.0,1,chef's table: bbq
1181,City of Ghosts,2021,7+,49/100,1,0,1,0,tv_show,reality television,United States,English,8.0/10,tt0092400,49,7.0,1,city of ghosts
1182,Unstoppable,2020,18+,49/100,1,1,0,0,tv_show,reality television,United States,English,7.3/10,tt0092400,49,18.0,1,unstoppable
1183,Wild Catch / Chasing Monsters,2016,7+,49/100,1,0,0,0,tv_show,reality television,United States,English,7.4/10,tt0092400,49,7.0,1,wild catch / chasing monsters
1184,Well-Intended Love,2019,16+,49/100,1,0,0,0,tv_show,romance film,People's Republic of China,Mandarin,8.0,tt9886950,49,16.0,1,well-intended love
1185,Thus Spoke Kishibe Rohan,2021,16+,49/100,1,0,0,0,tv_show,drama television series,Japan,Japanese,10.0,tt13280486,49,16.0,1,thus spoke kishibe rohan
1186,Terrace House: Opening New Doors,2017,16+,49/100,1,0,0,0,tv_show,reality television series,Japan,Japanese,6.0,tt7776244,49,16.0,1,terrace house: opening new doors
1187,Handsome Siblings,2020,16+,49/100,1,0,0,0,tv_show,television series based on a novel,People's Republic of China,Putonghua,10.0,tt11541444,49,16.0,1,handsome siblings
1188,This Evening,2017,16+,49/100,1,0,0,0,tv_show,reality television,Japan,Japanese,8.2/10,tt0092400,49,16.0,1,this evening
1189,Molang,2015,all,49/100,1,1,1,0,tv_show,reality television,United States,English,8.6/10,tt0092400,49,16.0,1,molang
1190,Beyblade Burst,2016,7+,49/100,1,0,0,0,tv_show,reality television,United States,English,6.7/10,tt0092400,49,7.0,1,beyblade burst
1191,Live Up To Your Name,2017,16+,48/100,1,0,0,0,tv_show,reality television,South Korea,English,8.0,tt7094874,48,16.0,1,live up to your name
1192,Stolen Away,2020,16+,48/100,1,0,0,0,tv_show,reality television,United States,English,7.1/10,tt0092400,48,16.0,1,stolen away
1193,Bombay Begums,2021,16+,48/100,1,0,0,0,tv_show,drama film,India,Hindi,4.0,tt10238792,48,16.0,1,bombay begums
1194,Signs,2018,18+,48/100,1,0,1,0,tv_show,reality television,United States,English,6.2/10,tt0092400,48,18.0,1,signs
1195,The American Barbecue Showdown,2020,16+,48/100,1,0,0,0,tv_show,reality television,United States,English,6.0,tt12938472,48,16.0,1,the american barbecue showdown
1196,The Deep,2016,7+,48/100,1,0,0,0,tv_show,reality television,United Kingdom,English,2.0,tt1525182,48,7.0,1,the deep
1197,Hot Date,2017,16+,48/100,1,0,1,0,tv_show,comedy,United States,English,8.0,tt7603386,48,16.0,1,hot date
1198,Sparta,2018,18+,48/100,1,0,0,0,tv_show,reality television,United States,English,6.6/10,tt0092400,48,18.0,1,sparta
1199,Trolls: The Beat Goes On!,2018,all,48/100,1,0,0,0,tv_show,reality television,United States,English,5.9/10,tt0092400,48,16.0,1,trolls: the beat goes on!
1200,Atelier,2015,16+,48/100,1,0,0,0,tv_show,reality television,United States,English,7.2/10,tt0092400,48,16.0,1,atelier
1201,The Healing Powers of Dude,2020,all,48/100,1,0,0,0,tv_show,reality television,United States,English,8.0,tt10540562,48,16.0,1,the healing powers of dude
1202,Under Suspicion: Uncovering the Wesphael Case,2021,16+,48/100,1,0,0,0,tv_show,reality television,United States,English,6.3/10,tt0092400,48,16.0,1,under suspicion: uncovering the wesphael case
1203,Pocoyo,2005,all,48/100,1,1,1,0,tv_show,reality television,United States,English,7.4/10,tt0092400,48,16.0,1,pocoyo
1204,Familiar Wife,2018,16+,48/100,1,0,0,0,tv_show,"romance television series, fantasy television series, comedy drama, drama television series",South Korea,Korean,9.0,tt8487786,48,16.0,1,familiar wife
1205,Fastest Car,2018,16+,48/100,1,0,0,0,tv_show,reality television,United States,English,7.1,tt8295694,48,16.0,1,fastest car
1206,The Cuba Libre Story,2016,16+,48/100,1,0,0,0,tv_show,television documentary,Germany,English,6.0,tt5319838,48,16.0,1,the cuba libre story
1207,El Chema,2016,16+,48/100,1,0,0,0,tv_show,telenovela,Mexico,English,1.0,tt5730624,48,16.0,1,el chema
1208,My Little Pony: Equestria Girls,2017,all,48/100,1,0,0,0,tv_show,reality television,United States,English,7.7,tt8422806,48,16.0,1,my little pony: equestria girls
1209,Love (ft. Marriage and Divorce),2021,7+,48/100,1,0,0,0,tv_show,melodrama,South Korea,Korean,3.0,tt13814840,48,7.0,1,love (ft. marriage and divorce)
1210,The Royal House of Windsor,2017,16+,48/100,1,0,0,0,tv_show,historical television series,United Kingdom,English,3.0,tt6596634,48,16.0,1,the royal house of windsor
1211,Dealer,2021,18+,48/100,1,0,0,0,tv_show,reality television,United States,English,6.2/10,tt0092400,48,18.0,1,dealer
1212,"Whose Vote Counts, Explained",2020,16+,48/100,1,0,0,0,tv_show,popular science film,United States,English,9.0,tt13005714,48,16.0,1,"whose vote counts, explained"
1213,Can You Hear Me?,2019,16+,48/100,1,0,0,0,tv_show,reality television,Canada,French,9.0,tt9747016,48,16.0,1,can you hear me?
1214,Do Do Sol Sol La La Sol,2020,16+,48/100,1,0,0,0,tv_show,reality television,South Korea,Korean,5.0,tt12850262,48,16.0,1,do do sol sol la la sol
1215,1994,2019,18+,48/100,1,0,0,0,tv_show,reality television,United States,English,7.6/10,tt0092400,48,18.0,1,1994
1216,Pac-Man and the Ghostly Adventures,2013,7+,48/100,1,0,1,0,tv_show,reality television,United States,English,4.9/10,tt0092400,48,7.0,1,pac-man and the ghostly adventures
1217,The Parkers,1999,7+,48/100,1,0,0,0,tv_show,"sitcom, college life television program",United States,English,6.9,tt0200353,48,7.0,1,the parkers
1218,First Team: Juventus,2018,16+,48/100,1,0,0,0,tv_show,reality television,"United States, Italy",Italian,5.0,tt7924812,48,16.0,1,first team: juventus
1219,Warrior,2018,16+,48/100,1,0,0,0,tv_show,reality television,United States,English,6.7/10,tt0092400,48,16.0,1,warrior
1220,Shine On with Reese,2018,16+,48/100,1,0,0,0,tv_show,reality television,United States,English,9.0,tt8689470,48,16.0,1,shine on with reese
1221,Cooked With Cannabis,2020,18+,48/100,1,0,0,0,tv_show,cooking show,United States,English,7.0,tt12176398,48,18.0,1,cooked with cannabis
1222,Gigantosaurus,2019,all,48/100,1,0,0,1,tv_show,reality television,United States,English,7.2/10,tt0092400,48,16.0,1,gigantosaurus
1223,Re:Mind,2017,18+,48/100,1,0,0,0,tv_show,drama television series,Japan,Japanese,7.0,tt7332652,48,18.0,1,re:mind
1224,The Magic School Bus Rides Again,2017,all,48/100,1,0,0,0,tv_show,reality television,United States,English,6.2/10,tt0092400,48,16.0,1,the magic school bus rides again
1225,My Holo Love,2020,16+,48/100,1,0,0,0,tv_show,romance film,South Korea,Korean,7.0,tt11058644,48,16.0,1,my holo love
1226,Monty Python's Fliegender Zirkus,1972,16+,48/100,1,0,0,0,tv_show,German television comedy,West Germany,"German, English",10.0,tt0202477,48,16.0,1,monty python's fliegender zirkus
1227,The Kirlian Frequency,2019,7+,48/100,1,0,0,0,tv_show,reality television,United States,English,7.6/10,tt0092400,48,7.0,1,the kirlian frequency
1228,Outback Truckers,2012,16+,48/100,1,0,0,0,tv_show,reality television,Australia,English,8.0,tt4345548,48,16.0,1,outback truckers
1229,Dreamworks How to Train Your Dragon Legends,2010,16+,48/100,1,0,0,0,tv_show,reality television,United States,English,7.5/10,tt0092400,48,16.0,1,dreamworks how to train your dragon legends
1230,My Love,2021,16+,48/100,1,0,0,0,tv_show,reality television,Philippines,Filipino,10.0,tt6932632,48,16.0,1,my love
1231,Regiment Diaries,2018,16+,48/100,1,0,0,0,tv_show,reality television,United States,English,8.8/10,tt0092400,48,16.0,1,regiment diaries
1232,Granblue Fantasy: The Animation,2017,16+,48/100,1,0,0,0,tv_show,reality television,United States,English,6.4/10,tt0092400,48,16.0,1,granblue fantasy: the animation
1233,Fated to Love You,2008,7+,48/100,1,1,0,0,tv_show,"romantic comedy, comedy film, romance film",South Korea,Korean,10.0,tt3865722,48,7.0,1,fated to love you
1234,Nightmare Teacher,2016,16+,48/100,1,0,0,0,tv_show,"paranormal television program, drama film, horror film, mystery film",South Korea,Korean,4.0,tt6209442,48,16.0,1,nightmare teacher
1235,Women of the Night,2019,18+,48/100,1,0,0,0,tv_show,reality television,Kingdom of the Netherlands,English,5.0,tt7785420,48,18.0,1,women of the night
1236,"Hi Bye, Mama!",2020,16+,48/100,1,0,0,0,tv_show,"comedy, drama",South Korea,Korean,7.9,tt11804034,48,16.0,1,"hi bye, mama!"
1237,Magical Andes,2019,16+,48/100,1,0,0,0,tv_show,documentary film,Uruguay,Spanish,9.0,tt11229002,48,16.0,1,magical andes
1238,Dad Stop Embarrassing Me!,2021,7+,48/100,1,0,0,0,tv_show,sitcom,United States,English,4.0,tt13018090,48,7.0,1,dad stop embarrassing me!
1239,Kuromukuro,2016,16+,48/100,1,0,0,0,tv_show,reality television,United States,English,7.2/10,tt0092400,48,16.0,1,kuromukuro
1240,Real Rob,2015,18+,48/100,1,0,0,0,tv_show,sitcom,United States,English,1.0,tt3741346,48,18.0,1,real rob
1241,The Lies Within,2019,16+,48/100,1,0,0,0,tv_show,thriller television series,South Korea,Korean,9.0,tt10919902,48,16.0,1,the lies within
1242,Prank Encounters,2019,16+,48/100,1,0,0,0,tv_show,horror fiction,United States,English,5.0,tt10487072,48,16.0,1,prank encounters
1243,The Mafia Dolls,2009,18+,48/100,1,0,0,0,tv_show,telenovela,Colombia,Spanish,8.0,tt1585368,48,18.0,1,the mafia dolls
1244,Twogether,2020,16+,48/100,1,0,0,0,tv_show,travel documentary,South Korea,English,10.0,tt12486430,48,16.0,1,twogether
1245,Sintonia,2019,18+,47/100,1,0,0,0,tv_show,reality television,Brazil,English,10.0,tt8165086,47,18.0,1,sintonia
1246,Examination of Conscience,2019,18+,47/100,1,0,0,0,tv_show,television documentary,Spain,Spanish,10.0,tt9584024,47,18.0,1,examination of conscience
1247,Twenty Again,2015,16+,47/100,1,0,0,0,tv_show,reality television,People's Republic of China,Putonghua,7.7/10,tt12758820,47,16.0,1,twenty again
1248,Tokyo Trial,2016,16+,47/100,1,0,0,0,tv_show,reality television,United States,English,7.4/10,tt0092400,47,16.0,1,tokyo trial
1249,Nadiya's Time to Eat,2019,16+,47/100,1,0,0,0,tv_show,cooking show,United Kingdom,English,9.0,tt9846284,47,16.0,1,nadiya's time to eat
1250,The Cat in the Hat Knows a Lot About That!,2010,all,47/100,1,0,1,0,tv_show,reality television,United States,English,6.5/10,tt0092400,47,16.0,1,the cat in the hat knows a lot about that!
1251,Baewatch: Parental Guidance,2019,16+,47/100,1,1,0,0,tv_show,reality television,United States,English,10.0,tt0092400,47,16.0,1,baewatch: parental guidance
1252,The Unsettling,2019,16+,47/100,1,0,0,0,tv_show,reality television,United States,English,5.3/10,tt0092400,47,16.0,1,the unsettling
1253,AMO,2018,18+,47/100,1,0,0,0,tv_show,reality television,United States,English,6.5/10,tt0092400,47,18.0,1,amo
1254,Super Drags,2018,18+,47/100,1,0,0,0,tv_show,reality television,United States,English,5.6/10,tt0092400,47,18.0,1,super drags
1255,Terrace House: Tokyo 2019-2020,2019,16+,47/100,1,0,0,0,tv_show,reality television,Japan,Japanese,8.0,tt10686814,47,16.0,1,terrace house: tokyo 2019-2020
1256,Pop Team Epic,2018,18+,47/100,1,0,1,0,tv_show,reality television,United States,English,6.9/10,tt0092400,47,18.0,1,pop team epic
1257,Headspace Guide to Sleep,2021,16+,47/100,1,0,0,0,tv_show,documentary film,United States,English,10.0,tt14318406,47,16.0,1,headspace guide to sleep
1258,Feels Like Ishq,2021,16+,47/100,1,0,0,0,tv_show,reality television,India,English,7.0,tt14163838,47,16.0,1,feels like ishq
1259,Haunted: Latin America,2021,16+,47/100,1,0,0,0,tv_show,"reality television, paranormal television program",Mexico,English,5.0,tt14164238,47,16.0,1,haunted: latin america
1260,Sea of Plastic,2015,16+,47/100,1,0,0,0,tv_show,reality television,United States,English,7.2/10,tt0092400,47,16.0,1,sea of plastic
1261,Brainchild,2018,7+,47/100,1,0,0,0,tv_show,educational television,United States,English,10.0,tt9203042,47,7.0,1,brainchild
1262,Flavorful Origins,2019,all,47/100,1,0,0,0,tv_show,television documentary,People's Republic of China,English,10.0,tt9708598,47,16.0,1,flavorful origins
1263,Record of Youth,2020,16+,47/100,1,0,0,0,tv_show,"drama film, romance film",South Korea,Korean,8.0,tt12850322,47,16.0,1,record of youth
1264,StarBeam,2020,all,47/100,1,0,0,0,tv_show,reality television,United States,English,6.9/10,tt0092400,47,16.0,1,starbeam
1265,Quarantine Tales,2020,16+,47/100,1,0,0,0,tv_show,reality television,United States,English,10.0,tt0092400,47,16.0,1,quarantine tales
1266,Fate/Apocrypha,2017,18+,47/100,1,0,0,0,tv_show,reality television,United States,English,6.6/10,tt0092400,47,18.0,1,fate/apocrypha
1267,The Investigator: A British Crime Story,2016,16+,47/100,1,0,0,0,tv_show,reality television,United Kingdom,English,1.0,tt5900164,47,16.0,1,the investigator: a british crime story
1268,Pui Pui Molcar,2021,16+,47/100,1,0,0,0,tv_show,reality television,United States,English,8.1/10,tt0092400,47,16.0,1,pui pui molcar
1269,The Prince of Tennis,2019,16+,47/100,1,0,0,0,tv_show,reality television,United States,English,7.6/10,tt0092400,47,16.0,1,the prince of tennis
1270,Yankee,2019,18+,47/100,1,0,0,0,tv_show,reality television,United States,English,6.0/10,tt0092400,47,18.0,1,yankee
1271,Dream Home Makeover,2020,all,47/100,1,0,0,0,tv_show,reality television,United States,English,4.0,tt13161310,47,16.0,1,dream home makeover
1272,Project Mc²,2015,all,47/100,1,0,0,0,tv_show,comedy,United States,English,9.0,tt4861760,47,16.0,1,project mc²
1273,Rainbow High,2020,16+,47/100,1,0,0,0,tv_show,reality television,United States,English,6.0/10,tt0092400,47,16.0,1,rainbow high
1274,Her Private Life,2019,16+,47/100,1,0,0,0,tv_show,"romantic comedy, comedy television series, romance television series",South Korea,English,8.0,tt9899340,47,16.0,1,her private life
1275,Waffles + Mochi,2021,16+,47/100,1,0,0,0,tv_show,"cooking show, children's television series",United States,English,5.0,tt14035218,47,16.0,1,waffles + mochi
1276,Canine Intervention,2021,16+,47/100,1,0,0,0,tv_show,reality television,United States,English,9.0,tt13932598,47,16.0,1,canine intervention
1277,"Nisman: El fiscal, la presidenta y el espía",2020,16+,47/100,1,0,0,0,tv_show,reality television,United States,English,7.7/10,tt0092400,47,16.0,1,"nisman: el fiscal, la presidenta y el espía"
1278,Sneakerheads,2020,16+,47/100,1,0,0,0,tv_show,comedy television program,United States,English,10.0,tt10151772,47,16.0,1,sneakerheads
1279,TVF Inmates,2017,16+,47/100,1,0,0,0,tv_show,reality television,United States,English,6.6/10,tt0092400,47,16.0,1,tvf inmates
1280,My Dead Ex,2018,16+,47/100,1,0,0,0,tv_show,reality television,United States,English,10.0,tt7428106,47,16.0,1,my dead ex
1281,Ending So Gently,2017,16+,47/100,1,0,0,0,tv_show,reality television,United States,English,6.6/10,tt0092400,47,16.0,1,ending so gently
1282,Victim Number 8,2018,16+,47/100,1,0,0,0,tv_show,thriller television series,Spain,Spanish,8.0,tt8500086,47,16.0,1,victim number 8
1283,The Unlisted,2019,16+,47/100,1,0,0,0,tv_show,"science fiction television program, drama television series",Australia,English,7.0,tt9184592,47,16.0,1,the unlisted
1284,Cagaster of an Insect Cage,2020,18+,47/100,1,0,0,0,tv_show,reality television,United States,English,6.2/10,tt0092400,47,18.0,1,cagaster of an insect cage
1285,All For Love,2020,7+,47/100,1,0,0,0,tv_show,reality television,United States,English,7.0/10,tt0092400,47,7.0,1,all for love
1286,Bill Nye Saves the World,2017,7+,47/100,1,0,0,0,tv_show,talk show,United States,English,1.0,tt6021260,47,7.0,1,bill nye saves the world
1287,A.I.C.O. -Incarnation-,2018,18+,47/100,1,0,0,0,tv_show,reality television,United States,English,6.4/10,tt0092400,47,18.0,1,a.i.c.o. -incarnation-
1288,72 Dangerous Animals: Latin America,2017,16+,47/100,1,0,0,0,tv_show,documentary,Australia,English,1.0,tt7909708,47,16.0,1,72 dangerous animals: latin america
1289,Restaurants on the Edge,2020,16+,47/100,1,0,0,0,tv_show,reality television,Canada,English,8.0,tt8784324,47,16.0,1,restaurants on the edge
1290,Persona,2019,16+,47/100,1,0,0,0,tv_show,reality television,United States,English,6.6/10,tt0092400,47,16.0,1,persona
1291,No te puedes esconder,2019,16+,47/100,1,0,0,0,tv_show,reality television,United States,Spanish,5.0,tt10367990,47,16.0,1,no te puedes esconder
1292,El Reemplazante,2012,16+,47/100,1,0,0,0,tv_show,drama television series,Chile,Spanish,10.0,tt2488050,47,16.0,1,el reemplazante
1293,Bolívar: Una lucha admirable,2019,18+,47/100,1,0,0,0,tv_show,reality television,Colombia,Spanish,10.0,tt9327242,47,18.0,1,bolívar: una lucha admirable
1294,Bel Ami,2013,16+,47/100,1,0,0,0,tv_show,romance television series,South Korea,Korean,8.0,tt3350766,47,16.0,1,bel ami
1295,The Epic Tales of Captain Underpants,2018,7+,47/100,1,0,0,0,tv_show,reality television,United States,English,6.7/10,tt0092400,47,7.0,1,the epic tales of captain underpants
1296,Win the Wilderness: Alaska,2020,16+,47/100,1,0,0,0,tv_show,reality television,United Kingdom,English,6.9,tt11718294,47,16.0,1,win the wilderness: alaska
1297,The Chosen One,2019,18+,47/100,1,0,0,0,tv_show,reality television,Brazil,Portuguese,7.0,tt9048368,47,18.0,1,the chosen one
1298,Hyena,2020,16+,47/100,1,0,0,0,tv_show,reality television,South Korea,Korean,10.0,tt11534164,47,16.0,1,hyena
1299,The Piano Forest,2018,7+,47/100,1,0,0,0,tv_show,reality television,United States,English,7.1/10,tt0092400,47,7.0,1,the piano forest
1300,Detention,2020,16+,46/100,1,0,1,0,tv_show,reality television,United States,English,6.3/10,tt0092400,46,16.0,1,detention
1301,Pitta Kathalu,2021,16+,46/100,1,0,0,0,tv_show,reality television,United States,English,5.0/10,tt0092400,46,16.0,1,pitta kathalu
1302,SAINT SEIYA: Knights of the Zodiac,2019,16+,46/100,1,0,0,0,tv_show,reality television,United States,English,4.5/10,tt0092400,46,16.0,1,saint seiya: knights of the zodiac
1303,Timmy Time,2009,all,46/100,1,0,0,0,tv_show,reality television,United States,English,6.9/10,tt0092400,46,16.0,1,timmy time
1304,Her Mother's Killer,2020,16+,46/100,1,0,0,0,tv_show,drama,Colombia,Spanish,10.0,tt10348078,46,16.0,1,her mother's killer
1305,100% Hotter,2016,16+,46/100,1,0,0,0,tv_show,reality television,United Kingdom,English,1.0,tt5819414,46,16.0,1,100% hotter
1306,Life,2018,16+,46/100,1,0,0,0,tv_show,reality television,United States,English,7.6/10,tt0092400,46,16.0,1,life
1307,Surviving Death,2021,18+,46/100,1,0,0,0,tv_show,documentary,United States,English,7.0,tt13649692,46,18.0,1,surviving death
1308,Masaba Masaba,2020,16+,46/100,1,0,0,0,tv_show,reality television,United States,English,6.7/10,tt0092400,46,16.0,1,masaba masaba
1309,The House Arrest of Us,2020,7+,46/100,1,0,0,0,tv_show,reality television,Philippines,Filipino,2.0,tt13280838,46,7.0,1,the house arrest of us
1310,Mythomanic,2019,16+,46/100,1,0,0,0,tv_show,reality television,United States,English,6.8/10,tt0092400,46,16.0,1,mythomanic
1311,Shaun the Sheep: Adventures from Mossy Bottom,2020,16+,46/100,1,0,0,0,tv_show,reality television,United States,English,8.1/10,tt0092400,46,16.0,1,shaun the sheep: adventures from mossy bottom
1312,Love and Fortune,2018,16+,46/100,1,0,0,0,tv_show,reality television,United States,English,7.0/10,tt0092400,46,16.0,1,love and fortune
1313,"Hello, Me!",2021,16+,46/100,1,0,0,0,tv_show,"romantic comedy, drama television series, fantasy television series, comedy television series",South Korea,Korean,10.0,tt13670090,46,16.0,1,"hello, me!"
1314,Witch Hunt: A Century of Murder,2015,18+,46/100,1,0,0,0,tv_show,documentary film,United States,English,5.0,tt5113032,46,18.0,1,witch hunt: a century of murder
1315,Meet the Drug Lords: Inside the Real Narcos,2018,7+,46/100,1,0,0,0,tv_show,television documentary,United Kingdom,English,9.0,tt9437310,46,7.0,1,meet the drug lords: inside the real narcos
1316,Gabby's Dollhouse,2021,all,46/100,1,0,0,0,tv_show,"live action/animated television series, computer-animated television series",United States,English,10.0,tt9165438,46,16.0,1,gabby's dollhouse
1317,Toon,2016,16+,46/100,1,0,0,0,tv_show,reality television,United States,English,7.7/10,tt0092400,46,16.0,1,toon
1318,What If?,2011,16+,46/100,1,0,0,0,tv_show,reality television,United States,English,7.5/10,tt0092400,46,16.0,1,what if?
1319,Monty Python's Personal Best,2006,16+,46/100,1,0,0,0,tv_show,reality television,United States,English,7.9/10,tt0092400,46,16.0,1,monty python's personal best
1320,Los Briceño,2019,16+,46/100,1,0,0,0,tv_show,reality television,Colombia,English,1.0,tt10348478,46,16.0,1,los briceño
1321,World of Winx,2016,7+,46/100,1,0,0,0,tv_show,reality television,United States,English,6.8/10,tt0092400,46,7.0,1,world of winx
1322,The Big Day,2021,18+,46/100,1,0,0,0,tv_show,reality television,United States,English,4.6/10,tt0092400,46,18.0,1,the big day
1323,Afflicted,2018,18+,46/100,1,0,1,0,tv_show,reality television,United States,English,5.0/10,tt0092400,46,18.0,1,afflicted
1324,Glitter Force,2012,16+,46/100,1,0,0,0,tv_show,reality television,United States,English,6.6/10,tt0092400,46,16.0,1,glitter force
1325,Beni Böyle Sev,2013,16+,46/100,1,0,0,0,tv_show,reality television,Turkey,Turkish,8.0,tt2735500,46,16.0,1,beni böyle sev
1326,Malibu Rescue: The Series,2019,16+,46/100,1,0,0,0,tv_show,comedy television program,United States,English,4.0,tt9098432,46,16.0,1,malibu rescue: the series
1327,Home Game,2020,16+,46/100,1,0,0,0,tv_show,television documentary,United States,English,8.0,tt12429046,46,16.0,1,home game
1328,Lost & Found Music Studios,2015,all,46/100,1,0,0,0,tv_show,sitcom,Canada,English,9.0,tt5023972,46,16.0,1,lost & found music studios
1329,Minecraft: Story Mode,2018,7+,46/100,1,0,0,0,tv_show,adventure television series,United States,English,3.0,tt10498322,46,7.0,1,minecraft: story mode
1331,The Break with Michelle Wolf,2018,18+,46/100,1,0,0,0,tv_show,reality television,United States,English,6.0,tt8010342,46,18.0,1,the break with michelle wolf
1332,Beat Bugs,2016,all,46/100,1,0,0,0,tv_show,children's television series,Australia,English,8.0,tt4716268,46,16.0,1,beat bugs
1333,Private Lives,2020,16+,46/100,1,0,0,0,tv_show,reality television,South Korea,Korean,6.0,tt12560270,46,16.0,1,private lives
1334,Transformers: Cyberverse,2018,7+,46/100,1,0,0,0,tv_show,reality television,United States,English,6.8/10,tt0092400,46,7.0,1,transformers: cyberverse
1335,"Can't Cope, Won't Cope",2016,16+,46/100,1,0,0,0,tv_show,comedy television series,Ireland,English,8.0,tt5674872,46,16.0,1,"can't cope, won't cope"
1336,Grizzy & the Lemmings,2016,all,46/100,1,0,0,0,tv_show,reality television,United States,English,7.0/10,tt0092400,46,16.0,1,grizzy & the lemmings
1337,Back to 1989,2016,16+,46/100,1,0,0,0,tv_show,mandopop,Taiwan,"Standard Chinese, Standard Taiwanese Mandarin",9.0,tt6273088,46,16.0,1,back to 1989
1338,The Garfield Show,2009,all,46/100,1,0,0,0,tv_show,reality television,United States,English,5.4/10,tt0092400,46,16.0,1,the garfield show
1339,Abby Hatcher,2018,all,46/100,1,0,0,0,tv_show,reality television,United States,English,6.2/10,tt0092400,46,16.0,1,abby hatcher
1340,Peasants Rebellion,2018,16+,46/100,1,0,0,0,tv_show,reality television,United States,English,8.5/10,tt0092400,46,16.0,1,peasants rebellion
1341,Babies,2020,16+,46/100,1,0,0,0,tv_show,television documentary,United States,English,5.0,tt11744632,46,16.0,1,babies
1342,"Schulz Saves America: Pandemics, Predators, Protests & Presidents",2020,18+,46/100,1,0,0,0,tv_show,reality television,United States,English,7.5/10,tt0092400,46,18.0,1,"schulz saves america: pandemics, predators, protests & presidents"
1343,Was It Love,2020,16+,46/100,1,0,0,0,tv_show,reality television,South Korea,Korean,6.0,tt12525622,46,16.0,1,was it love
1344,My Husband Won't Fit,2019,16+,46/100,1,0,0,0,tv_show,television series based on a novel,Japan,Japanese,6.0,tt10027946,46,16.0,1,my husband won't fit
1345,Dawn of the Croods,2015,7+,46/100,1,0,0,0,tv_show,reality television,United States,English,6.0/10,tt0092400,46,7.0,1,dawn of the croods
1346,A Touch of Green,2015,16+,46/100,1,0,0,0,tv_show,reality television,Taiwan,"Chinese, Standard Taiwanese Mandarin",10.0,tt5231950,46,16.0,1,a touch of green
1347,Worn Stories,2021,16+,45/100,1,0,0,0,tv_show,reality television,United States,American English,10.0,tt14177168,45,16.0,1,worn stories
1348,Power Rangers Beast Morphers,2019,7+,45/100,1,0,0,0,tv_show,"science fiction television program, action television series, adventure television series, fantasy television series",United States,English,8.0,tt8022978,45,7.0,1,power rangers beast morphers
1349,Kings of Jo'Burg,2020,16+,45/100,1,0,0,0,tv_show,"crime television series, thriller",South Africa,"English, Xhosa",2.0,tt13453828,45,16.0,1,kings of jo'burg
1350,Use for My Talent,2021,16+,45/100,1,0,0,0,tv_show,drama television series,People's Republic of China,Putonghua,10.0,tt14747972,45,16.0,1,use for my talent
1351,The Big Family Cooking Showdown,2017,7+,45/100,1,0,0,0,tv_show,reality television,United Kingdom,English,5.0,tt7518558,45,7.0,1,the big family cooking showdown
1352,Just You,2013,16+,45/100,1,0,0,0,tv_show,mandopop,Taiwan,English,8.0,tt3076512,45,16.0,1,just you
1353,Awake: The Million Dollar Game,2019,7+,45/100,1,0,0,0,tv_show,game show,United States,English,7.0,tt10370956,45,7.0,1,awake: the million dollar game
1354,Cheer Squad,2016,7+,45/100,1,0,0,0,tv_show,reality television,Canada,English,7.2,tt5993744,45,7.0,1,cheer squad
1355,The Circle Brazil,2020,16+,45/100,1,0,0,0,tv_show,reality television,Brazil,English,2.0,tt9581782,45,16.0,1,the circle brazil
1356,In Family We Trust,2018,16+,45/100,1,0,0,0,tv_show,drama fiction,Thailand,Thai,10.0,tt8929906,45,16.0,1,in family we trust
1357,The Way of the Househusband,2021,16+,45/100,1,0,0,0,tv_show,reality television,United States,English,8.6/10,tt0092400,45,16.0,1,the way of the househusband
1358,Jenni Rivera: Mariposa de Barrio,2017,16+,45/100,1,0,0,0,tv_show,"telenovela, biography, music television",United States,Spanish,7.0,tt6834120,45,16.0,1,jenni rivera: mariposa de barrio
1359,Pokémon Journeys: The Series,2019,16+,45/100,1,0,0,0,tv_show,reality television,United States,English,6.4/10,tt0092400,45,16.0,1,pokémon journeys: the series
1360,Skylanders Academy,2016,7+,45/100,1,0,0,0,tv_show,reality television,United States,English,6.6/10,tt0092400,45,7.0,1,skylanders academy
1361,The Good Detective,2020,16+,45/100,1,0,0,0,tv_show,"crime fiction, detective",South Korea,Korean,8.0,tt12504214,45,16.0,1,the good detective
1362,The Fix,2018,18+,45/100,1,0,0,0,tv_show,reality television,United States,English,7.0,tt7942774,45,18.0,1,the fix
1363,One More Time,2016,16+,45/100,1,0,0,0,tv_show,reality television,United States,English,6.9/10,tt0092400,45,16.0,1,one more time
1364,Astronomy Club: The Sketch Show,2019,18+,45/100,1,0,0,0,tv_show,reality television,United States,English,8.0,tt10675488,45,18.0,1,astronomy club: the sketch show
1365,Prince of Peoria,2018,all,45/100,1,0,0,0,tv_show,sitcom,United States,English,10.0,tt8001718,45,16.0,1,prince of peoria
1366,Miss in Kiss,2016,16+,45/100,1,0,0,0,tv_show,drama television series,Taiwan,Standard Taiwanese Mandarin,2.0,tt6954524,45,16.0,1,miss in kiss
1367,Numberblocks,2017,all,45/100,1,0,0,0,tv_show,reality television,United States,English,8.1/10,tt0092400,45,16.0,1,numberblocks
1368,Polly Pocket,2018,7+,45/100,1,0,0,0,tv_show,adventure television series,United States,English,4.0,tt8673042,45,7.0,1,polly pocket
1369,All About the Washingtons,2018,all,45/100,1,0,0,0,tv_show,comedy television series,United States,English,2.0,tt7661368,45,16.0,1,all about the washingtons
1370,Goedam,2020,16+,45/100,1,0,0,0,tv_show,"horror television series, mystery television series, anthology series",South Korea,Korean,8.0,tt12929796,45,16.0,1,goedam
1371,Archibald's Next Big Thing,2019,7+,45/100,1,0,0,0,tv_show,reality television,United States,English,7.8/10,tt0092400,45,7.0,1,archibald's next big thing
1372,The Platform,2020,16+,45/100,1,0,0,0,tv_show,reality television,United Arab Emirates,English,9.0,tt13057984,45,16.0,1,the platform
1373,All Hail King Julien: Exiled,2017,7+,45/100,1,0,0,0,tv_show,reality television,United States,English,10.0,tt6865906,45,7.0,1,all hail king julien: exiled
1374,Dragons: Rescue Riders,2019,7+,45/100,1,0,0,0,tv_show,reality television,United States,English,6.1/10,tt0092400,45,7.0,1,dragons: rescue riders
1375,21 Thunder,2017,18+,45/100,1,0,0,0,tv_show,reality television,Canada,English,8.0,tt6145878,45,18.0,1,21 thunder
1376,Say I Do,2020,16+,45/100,1,0,0,0,tv_show,reality television series,United States,English,10.0,tt12540060,45,16.0,1,say i do
1377,Smoking,2018,18+,45/100,1,0,0,0,tv_show,reality television,United States,English,7.5/10,tt0092400,45,18.0,1,smoking
1378,My Only Love Song,2017,18+,45/100,1,0,0,0,tv_show,"sageuk, comedy television series, fantasy television series, romance television series",South Korea,English,10.0,tt6125832,45,18.0,1,my only love song
1379,45 RPM,2019,16+,45/100,1,0,0,0,tv_show,historical drama,Spain,Spanish,9.0,tt8987918,45,16.0,1,45 rpm
1380,Bromance,2015,16+,45/100,1,0,0,0,tv_show,reality television,United States,English,2.4,tt1244881,45,16.0,1,bromance
1381,Amazing Interiors,2018,all,45/100,1,0,0,0,tv_show,reality television,United States,English,3.0,tt8747342,45,16.0,1,amazing interiors
1382,72 Dangerous Animals: Asia,2018,16+,45/100,1,0,0,0,tv_show,television documentary,Australia,English,1.0,tt8728268,45,16.0,1,72 dangerous animals: asia
1383,Mia and Me,2012,all,45/100,1,0,0,0,tv_show,"fantasy television series, children's television series, live action/animated television series, adventure television series","Germany, Italy, Canada",English,6.0,tt2203143,45,16.0,1,mia and me
1384,Tong: Memories,2016,7+,45/100,1,0,0,0,tv_show,reality television,United States,English,8.1/10,tt0092400,45,7.0,1,tong: memories
1385,The Unknown Hitman: The Story of El Cholo Adrián,2017,16+,45/100,1,0,0,0,tv_show,reality television,Mexico,English,10.0,tt6524440,45,16.0,1,the unknown hitman: the story of el cholo adrián
1386,Transformers: Robots In Disguise,2015,all,45/100,1,0,1,0,tv_show,reality television,United States,English,5.9/10,tt0092400,45,16.0,1,transformers: robots in disguise
1387,Deaf U,2020,18+,45/100,1,0,0,0,tv_show,reality television,United States,"American Sign Language, English",3.0,tt13070478,45,18.0,1,deaf u
1388,Brotherhood,2019,16+,45/100,1,0,1,0,tv_show,drama television series,United States,English,10.0,tt0457229,45,16.0,1,brotherhood
1390,Lost Song,2018,16+,45/100,1,0,0,0,tv_show,reality television,United States,English,7.2/10,tt0092400,45,16.0,1,lost song
1391,Fearless,2016,16+,45/100,1,0,1,0,tv_show,reality television,United States,English,7.2/10,tt0092400,45,16.0,1,fearless
1392,Izzy's Koala World,2020,all,45/100,1,0,0,0,tv_show,television documentary,Australia,English,10.0,tt10687266,45,16.0,1,izzy's koala world
1393,True and the Rainbow Kingdom,2017,all,45/100,1,0,0,0,tv_show,reality television,United States,English,7.1/10,tt0092400,45,16.0,1,true and the rainbow kingdom
1394,Power Rangers Ninja Steel,2017,7+,45/100,1,0,0,0,tv_show,tokusatsu,United States,English,7.0,tt5335606,45,7.0,1,power rangers ninja steel
1395,LEGO Jurassic World: Legend of Isla Nublar,2019,all,45/100,1,0,0,0,tv_show,reality television,"United States, Canada",English,10.0,tt10872880,45,16.0,1,lego jurassic world: legend of isla nublar
1396,Silvana Sin Lana,2016,16+,45/100,1,0,0,0,tv_show,telenovela,United States,Spanish,10.0,tt5663544,45,16.0,1,silvana sin lana
1397,Castle and Castle,2018,16+,45/100,1,0,0,0,tv_show,"drama television series, court show",Nigeria,English,10.0,tt9898916,45,16.0,1,castle and castle
1398,Sugar Rush Christmas,2019,16+,45/100,1,0,0,0,tv_show,reality television,United States,English,7.0,tt11168116,45,16.0,1,sugar rush christmas
1399,Buddy Thunderstruck,2017,7+,45/100,1,0,0,0,tv_show,reality television,United States,English,7.8/10,tt0092400,45,7.0,1,buddy thunderstruck
1400,Inside the Criminal Mind,2018,18+,45/100,1,1,0,0,tv_show,"television documentary, documentary film, crime film","Czech Republic, United States",English,1.0,tt6775794,45,18.0,1,inside the criminal mind
1401,Drifting Dragons,2020,16+,45/100,1,0,0,0,tv_show,reality television,United States,English,6.0/10,tt0092400,45,16.0,1,drifting dragons
1402,Late Night Restaurant,2015,16+,45/100,1,0,0,0,tv_show,"slice of life, drama fiction, drama television series",South Korea,Korean,7.9/10,tt0092400,45,16.0,1,late night restaurant
1403,Holiday Secrets,2019,16+,44/100,1,0,0,0,tv_show,reality television,United States,English,6.5/10,tt0092400,44,16.0,1,holiday secrets
1404,Historical Roasts,2019,18+,44/100,1,0,0,0,tv_show,"roast, alternate history, historical drama",United States,American English,8.0,tt9169602,44,18.0,1,historical roasts
1405,Twelve Forever,2019,7+,44/100,1,0,0,0,tv_show,reality television,United States,English,6.7/10,tt0092400,44,7.0,1,twelve forever
1406,The School Nurse Files,2020,16+,44/100,1,0,0,0,tv_show,"television series based on a novel, fantasy television series",South Korea,Korean,6.0,tt12879522,44,16.0,1,the school nurse files
1407,Hibana: Spark,2016,16+,44/100,1,0,0,0,tv_show,drama television series,Japan,Japanese,9.0,tt5301958,44,16.0,1,hibana: spark
1408,Touch Your Heart,2019,16+,44/100,1,0,0,0,tv_show,"romantic comedy, comedy film, romance film",South Korea,Korean,10.0,tt9466990,44,16.0,1,touch your heart
1409,Cricket Fever: Mumbai Indians,2019,16+,44/100,1,0,0,0,tv_show,television documentary,India,English,9.0,tt8531592,44,16.0,1,cricket fever: mumbai indians
1410,Age of Tanks,2019,18+,44/100,1,0,0,0,tv_show,reality television,United States,English,7.3/10,tt0092400,44,18.0,1,age of tanks
1411,Best Leftovers Ever!,2020,all,44/100,1,0,0,0,tv_show,reality television,United States,English,5.7,tt13563634,44,16.0,1,best leftovers ever!
1412,Rhyme Time Town,2020,all,44/100,1,0,0,0,tv_show,reality television,United States,English,7.5/10,tt0092400,44,16.0,1,rhyme time town
1413,Go Dog Go,2021,all,44/100,1,0,0,0,tv_show,reality television,United States,English,7.4/10,tt0092400,44,16.0,1,go dog go
1414,Samantha!,2018,7+,44/100,1,0,0,0,tv_show,comedy television program,Brazil,Portuguese,1.0,tt6626676,44,7.0,1,samantha!
1415,Bread Barbershop,2020,16+,44/100,1,0,0,0,tv_show,reality television,United States,English,8.8/10,tt0092400,44,16.0,1,bread barbershop
1416,Mighty Little Bheem,2019,all,44/100,1,0,0,0,tv_show,"children's television series, comedy television series",India,English,10.0,tt10050752,44,16.0,1,mighty little bheem
1418,Fall In Love With Me,2014,16+,44/100,1,0,0,0,tv_show,romantic comedy,Taiwan,Standard Chinese,8.0,tt6139710,44,16.0,1,fall in love with me
1419,Horrid Henry,2006,7+,44/100,1,0,1,0,tv_show,reality television,United States,English,6.4/10,tt0092400,44,7.0,1,horrid henry
1420,The Ollie & Moon Show,2017,all,44/100,1,0,0,0,tv_show,reality television,United States,English,8.3/10,tt0092400,44,16.0,1,the ollie & moon show
1421,Dinotrux,2015,7+,44/100,1,0,0,0,tv_show,comedy television series,"United States, Turkey",English,10.0,tt1396212,44,7.0,1,dinotrux
1422,Close Your Eyes Before It's Dark,2016,16+,44/100,1,0,0,0,tv_show,drama television series,Taiwan,Standard Taiwanese Mandarin,5.0,tt6506806,44,16.0,1,close your eyes before it's dark
1423,Some Assembly Required,2014,all,44/100,1,0,1,0,tv_show,sitcom,Canada,English,3.0,tt3441810,44,16.0,1,some assembly required
1424,Beyblade Burst Rise,2020,7+,44/100,1,0,0,0,tv_show,reality television,United States,English,6.5/10,tt0092400,44,7.0,1,beyblade burst rise
1425,Keeping Up with the Joneses,2010,7+,44/100,1,0,0,0,tv_show,reality television,Australia,English,8.8/10,tt0092400,44,7.0,1,keeping up with the joneses
1426,Rainbow Rangers,2018,all,44/100,1,0,0,0,tv_show,reality television,United States,English,10.0,tt7967882,44,16.0,1,rainbow rangers
1427,Fartsa,2015,16+,44/100,1,0,0,0,tv_show,drama fiction,Russia,Russian,9.0,tt4567218,44,16.0,1,fartsa
1428,Dollar,2019,18+,44/100,1,0,0,0,tv_show,reality television,United States,English,6.7/10,tt0092400,44,18.0,1,dollar
1429,First and Last,2018,18+,44/100,1,0,0,0,tv_show,television documentary,United States,English,9.0,tt8893502,44,18.0,1,first and last
1430,Over Christmas,2020,16+,44/100,1,0,0,0,tv_show,reality television,Germany,German,9.0,tt11951234,44,16.0,1,over christmas
1431,The Last Word,2020,16+,44/100,1,0,0,0,tv_show,comedy drama,Germany,German,9.0,tt10506510,44,16.0,1,the last word
1432,A Love So Beautiful (KR),2020,16+,44/100,1,0,0,0,tv_show,reality television,United States,English,7.4/10,tt0092400,44,16.0,1,a love so beautiful (kr)
1433,Hjørdis,2015,all,44/100,1,0,0,0,tv_show,family television series,Denmark,Danish,9.0,tt4057466,44,16.0,1,hjørdis
1434,The Search,2020,16+,44/100,1,0,0,0,tv_show,reality television,United States,English,5.5/10,tt0092400,44,16.0,1,the search
1435,Buried by the Bernards,2021,16+,44/100,1,0,0,0,tv_show,reality television,United States,English,10.0,tt13848380,44,16.0,1,buried by the bernards
1436,Strongest Deliveryman,2017,16+,44/100,1,0,0,0,tv_show,"drama film, romance film",South Korea,Korean,10.0,tt7022748,44,16.0,1,strongest deliveryman
1437,Kevin Hart: Don't F**k This Up,2019,18+,44/100,1,0,0,0,tv_show,reality television,United States,English,4.0,tt11313054,44,18.0,1,kevin hart: don't f**k this up
1438,Crime Diaries: Night Out,2019,16+,44/100,1,0,0,0,tv_show,reality television,Colombia,Spanish,9.0,tt10242266,44,16.0,1,crime diaries: night out
1439,LEGO City Adventures,2019,7+,44/100,1,0,1,0,tv_show,reality television,United States,English,7.0/10,tt0092400,44,7.0,1,lego city adventures
1440,The Hollywood Masters,2017,16+,44/100,1,0,0,0,tv_show,reality television,United States,English,7.3/10,tt0092400,44,16.0,1,the hollywood masters
1441,Nature's Weirdest Events,2012,all,44/100,1,0,0,0,tv_show,reality television,United Kingdom,English,7.0,tt2195251,44,16.0,1,nature's weirdest events
1442,Dragon Pilot: Hisone and Masotan,2018,16+,44/100,1,0,0,0,tv_show,reality television,United States,English,6.9/10,tt0092400,44,16.0,1,dragon pilot: hisone and masotan
1443,Talking Tom and Friends,2014,7+,44/100,1,0,0,0,tv_show,reality television,United States,English,6.3/10,tt0092400,44,7.0,1,talking tom and friends
1444,Twice Upon a Time,2019,16+,44/100,1,0,0,0,tv_show,reality television,United States,English,6.2/10,tt0092400,44,16.0,1,twice upon a time
1445,The Liar and His Lover,2017,16+,44/100,1,0,0,0,tv_show,"romantic comedy, romance film",South Korea,Korean,10.0,tt6422226,44,16.0,1,the liar and his lover
1446,Coach Snoop,2016,all,44/100,1,0,0,0,tv_show,television documentary,United States,English,10.0,tt5697642,44,16.0,1,coach snoop
1447,Hero Mask,2018,16+,44/100,1,0,0,0,tv_show,reality television,United States,English,6.2/10,tt0092400,44,16.0,1,hero mask
1448,Emily's Wonder Lab,2020,all,44/100,1,0,0,0,tv_show,reality television,United States,English,8.0,tt10687464,44,16.0,1,emily's wonder lab
1449,The Ghost Bride,2020,18+,44/100,1,0,0,0,tv_show,"television series based on a novel, fantasy television series","Taiwan, Malaysia","Standard Chinese, Malay, Yue Chinese",7.0,tt9690302,44,18.0,1,the ghost bride
1450,West Coast Customs,2011,16+,44/100,1,0,1,0,tv_show,reality television,United States,English,4.0,tt1885855,44,16.0,1,west coast customs
1451,Chief of Staff,2019,16+,44/100,1,0,0,0,tv_show,Korean drama,South Korea,Korean,8.0,tt10220476,44,16.0,1,chief of staff
1452,Pup Academy,2019,16+,44/100,1,0,0,0,tv_show,reality television,Canada,English,10.0,tt10302548,44,16.0,1,pup academy
1453,Three Days of Christmas,2019,18+,44/100,1,0,0,0,tv_show,reality television,United States,English,6.8/10,tt0092400,44,18.0,1,three days of christmas
1454,Homemade,2020,16+,44/100,1,0,0,0,tv_show,reality television,United States,English,6.0/10,tt0092400,44,16.0,1,homemade
1455,Ingress: The Animation,2018,all,44/100,1,0,0,0,tv_show,reality television,United States,English,6.6/10,tt0092400,44,16.0,1,ingress: the animation
1456,Exhibit A,2019,18+,44/100,1,0,1,0,tv_show,true crime,United States,English,8.0,tt10376904,44,18.0,1,exhibit a
1457,Apache: La vida de Carlos Tevez,2019,18+,44/100,1,0,0,0,tv_show,reality television,United States,English,7.9/10,tt0092400,44,18.0,1,apache: la vida de carlos tevez
1458,Home: Adventures with Tip & Oh,2016,7+,43/100,1,0,0,0,tv_show,"science fiction television program, comedy television series",United States,English,10.0,tt5759196,43,7.0,1,home: adventures with tip & oh
1459,Hotel Transylvania,2017,7+,43/100,1,0,0,0,tv_show,reality television,United States,English,5.5/10,tt0092400,43,7.0,1,hotel transylvania
1460,A Little Help with Carol Burnett,2018,16+,43/100,1,0,0,0,tv_show,reality television,United States,English,1.0,tt7204366,43,16.0,1,a little help with carol burnett
1461,The Garden of Heaven,2011,16+,43/100,1,0,0,0,tv_show,reality television,United States,English,8.7/10,tt0092400,43,16.0,1,the garden of heaven
1462,Julie's Greenroom,2017,16+,43/100,1,0,0,0,tv_show,"children's television series, educational television",United States,English,10.0,tt5779222,43,16.0,1,julie's greenroom
1463,Barbie Dreamhouse Adventures,2018,all,43/100,1,0,0,0,tv_show,comedy,United States,English,10.0,tt7661472,43,16.0,1,barbie dreamhouse adventures
1464,Hidden Worlds,2018,all,43/100,1,0,0,0,tv_show,reality television,United States,English,7.2/10,tt0092400,43,16.0,1,hidden worlds
1465,A Boy Named Flora A,2017,18+,43/100,1,0,0,0,tv_show,drama television series,Taiwan,"Standard Taiwanese Mandarin, Taiwanese Hokkien, Vietnamese",7.9,tt6284014,43,18.0,1,a boy named flora a
1466,My Sassy Girl,2017,16+,43/100,1,0,0,0,tv_show,"romantic comedy, alternate history television series",South Korea,Korean,10.0,tt6175760,43,16.0,1,my sassy girl
1467,The Idhun Chronicles,2020,16+,43/100,1,0,0,0,tv_show,reality television,United States,English,5.4/10,tt0092400,43,16.0,1,the idhun chronicles
1468,Larva Island,2018,16+,43/100,1,0,0,0,tv_show,children's television series,South Korea,English,9.0,tt9077194,43,16.0,1,larva island
1469,44 Cats,2018,7+,43/100,1,0,0,0,tv_show,reality television,United States,English,6.1/10,tt0092400,43,7.0,1,44 cats
1470,Refresh Man,2016,16+,43/100,1,0,0,0,tv_show,romantic comedy,Taiwan,Standard Chinese,8.0,tt5842808,43,16.0,1,refresh man
1471,Battlefish,2018,16+,43/100,1,0,0,0,tv_show,reality television,United States,English,6.0,tt8893566,43,16.0,1,battlefish
1472,Maradona in Mexico,2019,16+,43/100,1,0,0,0,tv_show,reality television,United States,English,7.2/10,tt0092400,43,16.0,1,maradona in mexico
1473,72 Dangerous Places to Live,2016,18+,43/100,1,0,0,0,tv_show,documentary,Australia,English,6.0,tt5674272,43,18.0,1,72 dangerous places to live
1474,Drug Squad: Costa del Sol,2019,16+,43/100,1,0,0,0,tv_show,drama television series,Spain,Spanish,10.0,tt8476166,43,16.0,1,drug squad: costa del sol
1475,Turbo FAST,2013,7+,43/100,1,0,0,0,tv_show,reality television,United States,English,6.5/10,tt0092400,43,7.0,1,turbo fast
1476,The Forest of Love: Deep Cut,2020,16+,43/100,1,0,0,0,tv_show,reality television,United States,English,6.8/10,tt0092400,43,16.0,1,the forest of love: deep cut
1477,Abla Fahita: Drama Queen,2021,16+,43/100,1,0,0,0,tv_show,reality television,United States,English,6.6/10,tt0092400,43,16.0,1,abla fahita: drama queen
1478,Legend Quest,2017,7+,43/100,1,0,0,0,tv_show,reality television,United States,English,1.0,tt1874006,43,7.0,1,legend quest
1479,Korean Pork Belly Rhapsody,2020,16+,43/100,1,0,0,0,tv_show,television documentary,South Korea,Korean,10.0,tt0092400,43,16.0,1,korean pork belly rhapsody
1480,"Nuevo rico, nuevo pobre",2007,16+,43/100,1,0,0,0,tv_show,reality television,Colombia,Spanish,7.8,tt32375039,43,16.0,1,"nuevo rico, nuevo pobre"
1481,Tattoo Redo,2021,16+,43/100,1,0,0,0,tv_show,reality television,United States,English,4.0,tt14956090,43,16.0,1,tattoo redo
1482,Dinosaur King,2007,7+,43/100,1,0,0,0,tv_show,reality television,United States,English,5.7/10,tt0092400,43,7.0,1,dinosaur king
1483,Once Upon a Time in Lingjian Mountain,2019,all,43/100,1,0,0,0,tv_show,reality television,People's Republic of China,Standard Chinese,6.0,tt11261994,43,16.0,1,once upon a time in lingjian mountain
1484,On Children,2018,16+,43/100,1,0,0,0,tv_show,"science fiction television program, anthology series, satire",Taiwan,Standard Taiwanese Mandarin,10.0,tt8507402,43,16.0,1,on children
1485,The Prince Who Turns into a Frog,2005,16+,43/100,1,0,0,0,tv_show,mandopop,Taiwan,"Standard Chinese, Standard Taiwanese Mandarin",7.0,tt1454440,43,16.0,1,the prince who turns into a frog
1486,Take My Brother Away,2018,all,43/100,1,0,0,0,tv_show,reality television,People's Republic of China,Standard Chinese,10.0,tt8894324,43,16.0,1,take my brother away
1487,Juman,2019,16+,43/100,1,0,0,0,tv_show,reality television,United States,English,5.4/10,tt0092400,43,16.0,1,juman
1488,The Rap Game,2016,7+,43/100,1,0,0,0,tv_show,reality television,United States,English,10.0,tt5637842,43,7.0,1,the rap game
1489,Basketball or Nothing,2019,7+,43/100,1,0,0,0,tv_show,television documentary,United States,English,8.0,tt10698408,43,7.0,1,basketball or nothing
1490,Go! Go! Cory Carson,2020,all,43/100,1,0,0,0,tv_show,reality television,United States,English,8.1/10,tt0092400,43,16.0,1,go! go! cory carson
1491,Mother Goose Club,2010,16+,43/100,1,0,0,0,tv_show,reality television,United States,English,7.4/10,tt0092400,43,16.0,1,mother goose club
1492,Tiffany Haddish Presents: They Ready,2019,16+,43/100,1,0,0,0,tv_show,stand-up comedy,United States,English,8.0,tt10085386,43,16.0,1,tiffany haddish presents: they ready
1493,Possessed,2019,16+,43/100,1,0,1,0,tv_show,"film score, fantasy television series, drama television series",South Korea,Korean,6.0,tt9537306,43,16.0,1,possessed
1494,Someone Like You,2015,16+,43/100,1,0,0,0,tv_show,reality television,United States,English,8.0/10,tt0092400,43,16.0,1,someone like you
1495,Little Singham,2018,16+,43/100,1,0,0,0,tv_show,reality television,India,English,1.0,tt11151836,43,16.0,1,little singham
1496,Off Camera with Sam Jones,2014,16+,43/100,1,0,0,0,tv_show,reality television,United States,English,8.4/10,tt0092400,43,16.0,1,off camera with sam jones
1497,Super Monsters,2017,all,43/100,1,0,0,0,tv_show,reality television,United States,English,6.5/10,tt0092400,43,16.0,1,super monsters
1498,How to Ruin Christmas: The Wedding,2020,18+,43/100,1,0,0,0,tv_show,reality television,South Africa,English,10.0,tt13492362,43,18.0,1,how to ruin christmas: the wedding
1499,ReBoot: The Guardian Code,2018,7+,43/100,1,0,0,0,tv_show,"action television series, comedy television series, science fiction television program, adventure television series",Canada,English,3.0,tt6849940,43,7.0,1,reboot: the guardian code
1500,Engineering Girls,2019,16+,43/100,1,0,0,0,tv_show,reality television,United States,English,7.0/10,tt0092400,43,16.0,1,engineering girls
1501,Hoff the Record,2015,16+,43/100,1,0,1,0,tv_show,German television comedy,United Kingdom,English,10.0,tt4095622,43,16.0,1,hoff the record
1502,Larry Charles' Dangerous World of Comedy,2019,18+,43/100,1,0,0,0,tv_show,"comedy television program, television documentary",United States,English,7.0,tt9654082,43,18.0,1,larry charles' dangerous world of comedy
1503,Triad Princess,2019,18+,43/100,1,0,0,0,tv_show,romance film,Taiwan,English,8.0,tt9314996,43,18.0,1,triad princess
1504,Get Organized with The Home Edit,2020,16+,43/100,1,0,0,0,tv_show,reality television,United States,English,1.0,tt10834478,43,16.0,1,get organized with the home edit
1505,Apaches,2015,18+,43/100,1,0,0,0,tv_show,drama television series,Spain,Spanish,9.0,tt4418844,43,18.0,1,apaches
1506,Social Distance,2020,16+,42/100,1,0,0,0,tv_show,anthology series,United States,English,8.0,tt12313074,42,16.0,1,social distance
1507,Followers,2020,18+,42/100,1,0,0,0,tv_show,drama,Japan,Japanese,5.0,tt10049610,42,18.0,1,followers
1508,13 Reasons Why: Beyond the Reasons,2017,18+,42/100,1,0,0,0,tv_show,aftershow,United States,English,10.0,tt8615966,42,18.0,1,13 reasons why: beyond the reasons
1509,One on One with Kirk Cameron,2019,16+,42/100,1,0,0,0,tv_show,reality television,United States,English,4.2/10,tt0092400,42,16.0,1,one on one with kirk cameron
1510,Marriage or Mortgage,2021,16+,42/100,1,0,0,0,tv_show,reality television,United States,English,3.0,tt14037542,42,16.0,1,marriage or mortgage
1511,Cupcake & Dino - General Services,2018,7+,42/100,1,0,0,0,tv_show,reality television,United States,English,7.8/10,tt0092400,42,7.0,1,cupcake & dino - general services
1512,Ice Fantasy,2016,16+,42/100,1,0,0,0,tv_show,fantasy television series,People's Republic of China,Standard Chinese,8.0,tt5022298,42,16.0,1,ice fantasy
1513,Revolutionary Love,2017,7+,42/100,1,0,0,0,tv_show,"romantic comedy, comedy film, romance film",South Korea,Korean,9.0,tt7340800,42,7.0,1,revolutionary love
1514,"Rica, Famosa, Latina",2014,16+,42/100,1,1,0,0,tv_show,reality television,United States,English,3.0,tt4591212,42,16.0,1,"rica, famosa, latina"
1515,Sunny Bunnies,2015,all,42/100,1,0,0,0,tv_show,reality television,United States,English,6.8/10,tt0092400,42,16.0,1,sunny bunnies
1516,Stretch Armstrong & the Flex Fighters,2017,7+,42/100,1,0,0,0,tv_show,reality television,United States,English,6.5/10,tt0092400,42,7.0,1,stretch armstrong & the flex fighters
1517,The Who Was? Show,2018,16+,42/100,1,0,0,0,tv_show,reality television,United States,English,10.0,tt7488702,42,16.0,1,the who was? show
1518,The Wedding Coach,2021,16+,42/100,1,0,0,0,tv_show,"reality television, comedy",United States,English,10.0,tt14210424,42,16.0,1,the wedding coach
1519,Oscar's Oasis,2010,16+,42/100,1,0,0,0,tv_show,reality television,United States,English,7.5/10,tt0092400,42,16.0,1,oscar's oasis
1520,Simon,2016,all,42/100,1,0,0,0,tv_show,reality television,United States,English,7.3/10,tt0092400,42,16.0,1,simon
1521,72 Cutest Animals,2016,16+,42/100,1,0,0,0,tv_show,television documentary,Australia,English,5.0,tt5815824,42,16.0,1,72 cutest animals
1522,Zig and Sharko,2010,all,42/100,1,0,0,0,tv_show,reality television,United States,English,6.9/10,tt0092400,42,16.0,1,zig and sharko
1523,Criminal: Germany,2019,16+,42/100,1,0,0,0,tv_show,detective fiction,Germany,German,10.0,tt10986056,42,16.0,1,criminal: germany
1524,Glitter Force Doki Doki,2017,7+,42/100,1,0,0,0,tv_show,reality television,United States,English,10.0,tt0092400,42,7.0,1,glitter force doki doki
1525,The Octonauts,2010,all,42/100,1,0,0,0,tv_show,reality television,United States,English,6.4/10,tt0092400,42,16.0,1,the octonauts
1526,Westside,2018,16+,42/100,1,0,1,0,tv_show,reality television series,United States,English,10.0,tt8693758,42,16.0,1,westside
1527,Alien TV,2020,7+,42/100,1,0,0,0,tv_show,"children's television series, live action/animated television series",Australia,English,10.0,tt12765530,42,7.0,1,alien tv
1528,My Perfect Landing,2020,16+,42/100,1,0,0,0,tv_show,"sport film, teen drama television",Canada,English,7.0,tt10268080,42,16.0,1,my perfect landing
1529,Love Daily,2018,16+,42/100,1,0,0,0,tv_show,reality television,United States,English,6.1/10,tt0092400,42,16.0,1,love daily
1530,VeggieTales in the City,2017,all,42/100,1,0,0,0,tv_show,reality television,United States,English,6.0/10,tt0092400,42,16.0,1,veggietales in the city
1531,Love O2O,2016,16+,42/100,1,0,0,0,tv_show,reality television,United States,English,8.0/10,tt0092400,42,16.0,1,love o2o
1532,Anitta: Made in Honório,2020,16+,42/100,1,0,0,0,tv_show,television documentary,Brazil,Brazilian Portuguese,10.0,tt13486136,42,16.0,1,anitta: made in honório
1533,Upin & Ipin,2007,all,42/100,1,0,0,0,tv_show,reality television,United States,English,5.8/10,tt0092400,42,16.0,1,upin & ipin
1534,Follow This,2018,18+,42/100,1,0,0,0,tv_show,television documentary,United States,English,2.0,tt8560884,42,18.0,1,follow this
1535,Agent,2019,16+,42/100,1,0,0,0,tv_show,reality television,United States,English,7.2/10,tt0092400,42,16.0,1,agent
1536,Garth Brooks: The Road I'm On,2019,16+,42/100,1,0,0,0,tv_show,reality television,United States,English,7.4/10,tt0092400,42,16.0,1,garth brooks: the road i'm on
1537,Living Undocumented,2019,18+,42/100,1,0,0,0,tv_show,documentary film,United States,English,10.0,tt10977486,42,18.0,1,living undocumented
1538,Fate/Extra Last Encore,2018,18+,42/100,1,0,0,0,tv_show,reality television,United States,English,5.4/10,tt0092400,42,18.0,1,fate/extra last encore
1539,Alphablocks,2010,all,42/100,1,0,0,0,tv_show,reality television,United States,English,7.8/10,tt0092400,42,16.0,1,alphablocks
1540,Puerta 7,2020,18+,42/100,1,0,0,0,tv_show,drama,Argentina,Spanish,3.0,tt9170386,42,18.0,1,puerta 7
1541,The Witcher: A Look Inside the Episodes,2020,16+,42/100,1,0,0,0,tv_show,reality television,United States,English,7.1/10,tt0092400,42,16.0,1,the witcher: a look inside the episodes
1542,We Speak Dance,2018,7+,42/100,1,0,0,0,tv_show,television documentary,United States,English,7.3,tt7737500,42,7.0,1,we speak dance
1543,Racket Boys,2021,16+,42/100,1,0,0,0,tv_show,Korean drama,South Korea,Korean,8.0,tt14482414,42,16.0,1,racket boys
1544,Voices of Fire,2020,16+,42/100,1,0,0,0,tv_show,reality television,United States,English,10.0,tt13329282,42,16.0,1,voices of fire
1545,Heidi,2015,all,42/100,1,0,1,0,tv_show,reality television,United States,English,7.2/10,tt0092400,42,16.0,1,heidi
1546,The Many Faces of Ito,2017,16+,42/100,1,0,0,0,tv_show,romantic comedy,Japan,Japanese,10.0,tt7134506,42,16.0,1,the many faces of ito
1547,Centaurworld,2021,7+,42/100,1,0,0,0,tv_show,reality television,United States,English,7.1/10,tt0092400,42,7.0,1,centaurworld
1548,Magmel of the Sea Blue,2019,7+,41/100,1,0,0,0,tv_show,reality television,United States,English,6.2/10,tt0092400,41,7.0,1,magmel of the sea blue
1549,Serial Killer with Piers Morgan,2017,16+,41/100,1,0,0,0,tv_show,television documentary,United Kingdom,English,3.9,tt7667038,41,16.0,1,serial killer with piers morgan
1550,The Legend of White Snake,2019,all,41/100,1,0,0,0,tv_show,"period drama film, fantasy television series",People's Republic of China,Standard Chinese,10.0,tt10628250,41,16.0,1,the legend of white snake
1551,Pet Stars,2021,16+,41/100,1,0,0,0,tv_show,reality television,United States,English,10.0,tt14318392,41,16.0,1,pet stars
1552,Last Hope,2018,16+,41/100,1,0,0,0,tv_show,"drama television series, medical drama",Japan,Japanese,5.8/10,tt0092400,41,16.0,1,last hope
1553,Msameer,2011,16+,41/100,1,0,0,0,tv_show,reality television,United States,English,8.5/10,tt0092400,41,16.0,1,msameer
1554,Nadiya Bakes,2020,16+,41/100,1,0,0,0,tv_show,cooking show,United Kingdom,English,8.0,tt11714872,41,16.0,1,nadiya bakes
1555,Conspiracy,2015,16+,41/100,1,0,0,0,tv_show,reality television,United States,English,6.2/10,tt0092400,41,16.0,1,conspiracy
1556,Death by Magic,2018,7+,41/100,1,0,0,0,tv_show,reality television,United States,English,9.0,tt8887956,41,7.0,1,death by magic
1557,Welcome to the Family,2018,16+,41/100,1,0,0,0,tv_show,comedy television series,Spain,Catalan,8.0,tt7490342,41,16.0,1,welcome to the family
1558,Narcoworld: Dope Stories,2019,16+,41/100,1,0,0,0,tv_show,television documentary,United States,English,10.0,tt11215112,41,16.0,1,narcoworld: dope stories
1559,Motown Magic,2018,all,41/100,1,0,0,0,tv_show,reality television,United States,English,7.7/10,tt0092400,41,16.0,1,motown magic
1560,Blazing Transfer Students,2017,16+,41/100,1,0,0,0,tv_show,reality television,Japan,English,7.0,tt7931520,41,16.0,1,blazing transfer students
1561,Almost Happy,2020,16+,41/100,1,0,0,0,tv_show,comedy television series,Argentina,Spanish,10.0,tt12146940,41,16.0,1,almost happy
1562,Gormiti,2018,7+,41/100,1,0,0,0,tv_show,reality television,Italy,English,1.0,tt2644204,41,7.0,1,gormiti
1563,We Are: The Brooklyn Saints,2021,16+,41/100,1,0,0,0,tv_show,television documentary,United States,English,8.0,tt13656220,41,16.0,1,we are: the brooklyn saints
1564,That's What Happened,2019,16+,41/100,1,0,0,0,tv_show,reality television,United States,English,8.1/10,tt0092400,41,16.0,1,that's what happened
1565,Takki,2012,all,41/100,1,0,0,0,tv_show,reality television,United States,English,7.1/10,tt0092400,41,16.0,1,takki
1566,Lava Ka Dhaava,2021,16+,41/100,1,0,0,0,tv_show,reality television,United States,English,6.1/10,tt0092400,41,16.0,1,lava ka dhaava
1567,Angelina Ballerina: The Next Steps,2009,all,41/100,1,0,0,0,tv_show,reality television,United States,English,4.9/10,tt0092400,41,16.0,1,angelina ballerina: the next steps
1568,Z4,2018,all,41/100,1,0,0,0,tv_show,"telenovela, comedy, music television",Brazil,English,6.6,tt8618456,41,16.0,1,z4
1569,The Casketeers,2018,16+,41/100,1,0,0,0,tv_show,reality television,New Zealand,New Zealand English,9.0,tt8365054,41,16.0,1,the casketeers
1570,Age of Rebellion,2018,16+,41/100,1,0,0,0,tv_show,"idol dorama, gakuen drama, coming-of-age fiction",Taiwan,Standard Taiwanese Mandarin,10.0,tt8931836,41,16.0,1,age of rebellion
1571,Spectros,2020,18+,41/100,1,0,0,0,tv_show,fantasy television series,Brazil,English,4.0,tt10145110,41,18.0,1,spectros
1572,Dear My Friends,2016,16+,41/100,1,0,0,0,tv_show,drama fiction,South Korea,English,10.0,tt5689030,41,16.0,1,dear my friends
1573,Panda and Hedgehog,2012,16+,41/100,1,0,0,0,tv_show,"romance film, comedy film",South Korea,Korean,4.0,tt3647374,41,16.0,1,panda and hedgehog
1574,Black Hollywood: 'They've Gotta Have Us',2018,16+,41/100,1,0,0,0,tv_show,reality television,United States,English,7.6/10,tt0092400,41,16.0,1,black hollywood: 'they've gotta have us'
1575,A Year In Space,2016,16+,41/100,1,0,1,0,tv_show,reality television,United States,English,7.4/10,tt0092400,41,16.0,1,a year in space
1576,My Runway,2016,7+,41/100,1,0,0,0,tv_show,drama television series,South Korea,Korean,7.0,tt6968336,41,7.0,1,my runway
1577,LEGO Marvel Avengers: Climate Conundrum,2020,7+,41/100,1,0,0,0,tv_show,reality television,United States,English,7.0/10,tt0092400,41,7.0,1,lego marvel avengers: climate conundrum
1578,Cyborg 009: Call of Justice,2017,16+,41/100,1,0,0,0,tv_show,reality television,United States,English,5.8/10,tt0092400,41,16.0,1,cyborg 009: call of justice
1579,Dave Chappelle: Equanimity & The Bird Revelation,2017,16+,41/100,1,0,0,0,tv_show,reality television,United States,English,10.0,tt0092400,41,16.0,1,dave chappelle: equanimity & the bird revelation
1580,Check The Store Next Door: The Next Chapter,2018,16+,41/100,1,0,0,0,tv_show,reality television,United States,English,7.9/10,tt0092400,41,16.0,1,check the store next door: the next chapter
1581,Somewhere Only We Know,2019,16+,41/100,1,0,0,0,tv_show,reality television,People's Republic of China,Standard Chinese,5.0,tt10472296,41,16.0,1,somewhere only we know
1582,The Haunted House,2016,7+,40/100,1,0,0,0,tv_show,reality television,United States,English,8.4/10,tt0092400,40,7.0,1,the haunted house
1583,Oddbods (Shorts),2015,7+,40/100,1,0,0,0,tv_show,reality television,United States,English,6.4/10,tt0092400,40,7.0,1,oddbods (shorts)
1584,Tayo the Little Bus,2010,16+,40/100,1,1,1,0,tv_show,reality television,United States,English,5.6/10,tt0092400,40,16.0,1,tayo the little bus
1585,Cleo & Cuquin,2018,7+,40/100,1,0,0,0,tv_show,children's television series,Spain,English,10.0,tt7956374,40,7.0,1,cleo & cuquin
1586,Inspector Gadget,2015,all,40/100,1,0,0,1,tv_show,reality television,United States,English,4.6/10,tt0092400,40,16.0,1,inspector gadget
1587,Let's Fight Ghost,2021,16+,40/100,1,0,0,0,tv_show,romantic comedy,Thailand,Thai,9.0,tt14168868,40,16.0,1,let's fight ghost
1588,Magic for Humans Spain,2021,18+,40/100,1,0,0,0,tv_show,"reality television, comedy television program",Spain,Spanish,5.9,tt14136320,40,18.0,1,magic for humans spain
1589,The Defected,2019,16+,40/100,1,0,0,0,tv_show,reality television,Hong Kong,English,6.0,tt10141612,40,16.0,1,the defected
1590,The Qin Empire,2009,7+,40/100,1,0,0,0,tv_show,historical drama,People's Republic of China,English,8.0,tt5293462,40,7.0,1,the qin empire
1591,Creator's File: GOLD,2021,16+,40/100,1,0,0,0,tv_show,reality television,United States,English,6.5/10,tt0092400,40,16.0,1,creator's file: gold
1592,Fary: Hexagone,2020,16+,40/100,1,0,0,0,tv_show,reality television,United States,English,6.5/10,tt0092400,40,16.0,1,fary: hexagone
1593,The Comedy Lineup,2018,18+,40/100,1,0,0,0,tv_show,stand-up comedy,United States,English,1.0,tt8687584,40,18.0,1,the comedy lineup
1594,Back with the Ex,2019,16+,40/100,1,0,0,0,tv_show,reality television,Australia,English,8.0,tt9316002,40,16.0,1,back with the ex
1595,Charlie's Colorforms City,2019,all,40/100,1,0,0,0,tv_show,reality television,United States,English,7.1/10,tt0092400,40,16.0,1,charlie's colorforms city
1596,Cloudy with a Chance of Meatballs,2017,all,40/100,1,0,0,0,tv_show,reality television,United States,English,3.3/10,tt0092400,40,16.0,1,cloudy with a chance of meatballs
1597,Team Kaylie,2019,16+,40/100,1,0,0,0,tv_show,comedy television series,United States,English,1.0,tt9717424,40,16.0,1,team kaylie
1598,Absurd Planet,2020,7+,40/100,1,0,0,0,tv_show,"television documentary, nature documentary",United States,English,1.0,tt12027008,40,7.0,1,absurd planet
1599,"Love, Now",2007,16+,40/100,1,0,0,0,tv_show,drama television series,Taiwan,"Standard Chinese, Standard Taiwanese Mandarin",8.0,tt6273116,40,16.0,1,"love, now"
1600,Mighty Express,2020,all,40/100,1,0,0,0,tv_show,children's television series,"United States, Canada",English,10.0,tt11860336,40,16.0,1,mighty express
1601,Children of Adam,2020,18+,40/100,1,0,0,0,tv_show,reality television,United States,English,7.9/10,tt0092400,40,18.0,1,children of adam
1602,Nowhere Man,2019,18+,40/100,1,0,0,0,tv_show,reality television,United States,English,5.6/10,tt0092400,40,18.0,1,nowhere man
1603,Office Girls,2011,16+,40/100,1,0,0,0,tv_show,romantic comedy,Taiwan,English,7.0,tt4381290,40,16.0,1,office girls
1604,Club de Cuervos Presents: The Ballad of Hugo Sánchez,2018,18+,40/100,1,0,0,0,tv_show,reality television,Mexico,Spanish,1.0,tt8498114,40,18.0,1,club de cuervos presents: the ballad of hugo sánchez
1605,Mob Psycho 100,2018,all,40/100,1,0,0,0,tv_show,reality television,United States,English,5.2/10,tt0092400,40,16.0,1,mob psycho 100
1606,White Nights,2016,16+,40/100,1,1,0,0,tv_show,reality television,United States,English,7.0/10,tt0092400,40,16.0,1,white nights
1607,Lego Bionicle: The Journey to One,2016,7+,40/100,1,0,0,0,tv_show,reality television,United States,English,5.5/10,tt0092400,40,7.0,1,lego bionicle: the journey to one
1608,Back Street Girls: Goku Dolls,2018,18+,40/100,1,0,0,0,tv_show,reality television,United States,English,6.7/10,tt0092400,40,18.0,1,back street girls: goku dolls
1609,The Iliza Shlesinger Sketch Show,2020,18+,40/100,1,0,0,0,tv_show,reality television,United States,English,3.0,tt11092086,40,18.0,1,the iliza shlesinger sketch show
1610,Becoming Champions,2018,all,40/100,1,0,0,0,tv_show,television documentary,Mexico,Spanish,5.0,tt8796068,40,16.0,1,becoming champions
1611,Bakugan: Battle Planet,2018,all,40/100,1,0,0,0,tv_show,reality television,United States,English,4.9/10,tt0092400,40,16.0,1,bakugan: battle planet
1612,Terrorism Close Calls,2018,16+,40/100,1,0,0,0,tv_show,"television documentary, documentary film","United States, Czech Republic",English,5.0,tt6775816,40,16.0,1,terrorism close calls
1613,The Writer,2019,7+,40/100,1,0,0,0,tv_show,"mockumentary, drama",Israel,"Hebrew, Arabic",10.0,tt6483304,40,7.0,1,the writer
1614,Robot Trains,2017,all,40/100,1,0,1,0,tv_show,reality television,United States,English,6.2/10,tt0092400,40,16.0,1,robot trains
1615,Pororo the Little Penguin,2003,all,40/100,1,1,1,0,tv_show,reality television,United States,English,6.0/10,tt0092400,40,16.0,1,pororo the little penguin
1616,Unrequited Love,2019,16+,40/100,1,0,0,0,tv_show,television series based on a novel,People's Republic of China,Putonghua,7.3,tt13847742,40,16.0,1,unrequited love
1617,H2O - Abenteuer Meerjungfrau,2015,7+,40/100,1,0,0,0,tv_show,reality television,United States,English,5.6/10,tt0092400,40,7.0,1,h2o - abenteuer meerjungfrau
1618,Rea(l)ove,2018,16+,40/100,1,0,0,0,tv_show,reality television,United States,English,6.7/10,tt0092400,40,16.0,1,rea(l)ove
1619,Scams,2019,16+,40/100,1,0,0,0,tv_show,"drama television series, television series based on a novel",Japan,English,10.0,tt10448486,40,16.0,1,scams
1620,The Fierce Wife,2010,16+,40/100,1,0,0,0,tv_show,reality television,Taiwan,English,8.0,tt4304720,40,16.0,1,the fierce wife
1621,Eugenie Nights - ليالي أوجيني,2018,16+,40/100,1,0,0,0,tv_show,reality television,United States,English,7.4/10,tt0092400,40,16.0,1,eugenie nights - ليالي أوجيني
1622,Tiny Creatures,2020,7+,40/100,1,0,0,0,tv_show,pseudo-documentary,United States,English,3.0,tt12759334,40,7.0,1,tiny creatures
1623,A Taiwanese Tale of Two Cities,2018,16+,40/100,1,0,0,0,tv_show,drama television series,Taiwan,"Standard Taiwanese Mandarin, Taiwanese Hokkien, English",10.0,tt8893498,40,16.0,1,a taiwanese tale of two cities
1624,Tango,2018,16+,40/100,1,0,0,0,tv_show,reality television,United States,English,7.2/10,tt0092400,40,16.0,1,tango
1625,Standup and Away! with Brian Regan,2018,16+,40/100,1,0,0,0,tv_show,comedy television series,United States,English,4.0,tt9384194,40,16.0,1,standup and away! with brian regan
1626,Black Crows,2018,18+,40/100,1,0,0,0,tv_show,"action television series, war television series",Saudi Arabia,English,9.0,tt7356518,40,18.0,1,black crows
1627,Ainori Love Wagon: Asian Journey,2017,16+,40/100,1,0,0,0,tv_show,reality television series,Japan,Japanese,4.0,tt7510930,40,16.0,1,ainori love wagon: asian journey
1628,Yummy Mummies,2017,7+,40/100,1,0,0,0,tv_show,reality television,Australia,English,6.0,tt7172230,40,7.0,1,yummy mummies
1629,revisions,2019,18+,40/100,1,0,0,0,tv_show,reality television,United States,English,6.0/10,tt0092400,40,18.0,1,revisions
1630,Green Door,2019,18+,40/100,1,0,0,0,tv_show,psychological thriller,Taiwan,"Standard Taiwanese Mandarin, Taiwanese Hokkien, English",8.0,tt9817290,40,18.0,1,green door
1631,Valentino,2020,16+,40/100,1,0,0,0,tv_show,reality television,United States,English,5.5/10,tt0092400,40,16.0,1,valentino
1632,Move,2020,16+,40/100,1,0,0,0,tv_show,reality television,United States,English,10.0,tt0092400,40,16.0,1,move
1633,Million Dollar Beach House,2020,18+,40/100,1,0,0,0,tv_show,reality television,United States,English,2.0,tt12882136,40,18.0,1,million dollar beach house
1634,I Hear You,2019,all,40/100,1,0,0,0,tv_show,reality television,People's Republic of China,English,7.0,tt10327440,40,16.0,1,i hear you
1635,Booba Aventuras na Cozinha,2020,16+,39/100,1,0,0,0,tv_show,reality television,United States,English,8.7/10,tt0092400,39,16.0,1,booba aventuras na cozinha
1636,Littlest Pet Shop: A World of Our Own,2018,all,39/100,1,0,0,0,tv_show,reality television,United States,English,6.8/10,tt0092400,39,16.0,1,littlest pet shop: a world of our own
1637,Spy Kids: Mission Critical,2018,all,39/100,1,0,0,0,tv_show,"action television series, comedy television series","United States, Canada",English,10.0,tt6714408,39,16.0,1,spy kids: mission critical
1638,La Línea: Shadow of Narco,2020,16+,39/100,1,0,0,0,tv_show,"crime television series, television documentary",Spain,Spanish,5.0,tt12875794,39,16.0,1,la línea: shadow of narco
1639,Dino Girl Gauko,2019,7+,39/100,1,0,0,0,tv_show,reality television,United States,English,6.7/10,tt0092400,39,7.0,1,dino girl gauko
1640,Hasmukh,2020,18+,39/100,1,0,0,0,tv_show,reality television,India,Hindi,6.0,tt9359294,39,18.0,1,hasmukh
1641,Here to Heart,2018,7+,39/100,1,0,0,0,tv_show,reality television,People's Republic of China,English,10.0,tt8791742,39,7.0,1,here to heart
1642,Chosen,2018,16+,39/100,1,0,1,0,tv_show,thriller television series,United States,English,4.0,tt2390334,39,16.0,1,chosen
1643,COMEDIANS of the world,2019,16+,39/100,1,0,0,0,tv_show,stand-up comedy,United States,English,8.0,tt8685446,39,16.0,1,comedians of the world
1644,The Good Bandit,2019,18+,39/100,1,0,0,0,tv_show,reality television,United States,English,7.8/10,tt0092400,39,18.0,1,the good bandit
1645,"Wait, My Youth",2019,all,39/100,1,0,0,0,tv_show,reality television,People's Republic of China,English,8.0,tt12071466,39,16.0,1,"wait, my youth"
1646,Ask the Doctor,2017,16+,39/100,1,0,0,0,tv_show,reality television,Australia,English,10.0,tt7188736,39,16.0,1,ask the doctor
1647,Locombianos,2021,18+,39/100,1,0,0,0,tv_show,reality television,United States,English,3.6/10,tt0092400,39,18.0,1,locombianos
1648,Robocar Poli,2011,16+,39/100,1,0,0,0,tv_show,reality television,United States,English,6.7/10,tt0092400,39,16.0,1,robocar poli
1649,Rainbow Ruby,2016,all,39/100,1,0,0,0,tv_show,reality television,United States,English,6.6/10,tt0092400,39,16.0,1,rainbow ruby
1650,Justin Time,2011,all,39/100,1,0,0,0,tv_show,reality television,United States,English,6.7/10,tt0092400,39,16.0,1,justin time
1651,Fugitiva,2018,18+,39/100,1,0,0,0,tv_show,"thriller television series, drama television series",Spain,Spanish,1.0,tt7158972,39,18.0,1,fugitiva
1652,Sing On!,2020,16+,39/100,1,0,0,0,tv_show,game show,Spain,Spanish,8.0,tt11698668,39,16.0,1,sing on!
1653,Flinch,2019,7+,39/100,1,0,0,0,tv_show,game show,United Kingdom,English,7.0,tt9196244,39,7.0,1,flinch
1654,Larva,2011,all,39/100,1,0,0,0,tv_show,reality television,United States,English,7.2/10,tt0092400,39,16.0,1,larva
1655,Baby Ballroom,2017,16+,39/100,1,0,0,0,tv_show,reality television,United Kingdom,English,10.0,tt8159960,39,16.0,1,baby ballroom
1656,Akbar Birbal,2014,16+,39/100,1,0,1,0,tv_show,reality television,India,English,7.0,tt4570984,39,16.0,1,akbar birbal
1657,StoryBots Super Songs,2016,all,39/100,1,0,0,0,tv_show,reality television,United States,English,10.0,tt6163070,39,16.0,1,storybots super songs
1658,Space Jungle,2014,all,39/100,1,0,0,0,tv_show,reality television,United States,English,10.0,tt0092400,39,16.0,1,space jungle
1659,VeggieTales In The House,2014,all,39/100,1,0,0,0,tv_show,reality television,United States,English,4.4/10,tt0092400,39,16.0,1,veggietales in the house
1660,LEGO Jurassic World: The Secret Exhibit,2018,7+,39/100,1,0,0,0,tv_show,reality television,United States,English,6.3/10,tt0092400,39,7.0,1,lego jurassic world: the secret exhibit
1661,Strong,2016,7+,39/100,1,0,0,0,tv_show,reality television,United States,English,7.5/10,tt0092400,39,7.0,1,strong
1662,Legend Quest: Masters of Myth,2019,16+,39/100,1,0,0,0,tv_show,reality television,United States,English,7.7/10,tt0092400,39,16.0,1,legend quest: masters of myth
1663,Mighty Little Bheem: Kite Festival,2021,16+,39/100,1,0,0,0,tv_show,reality television,United States,English,8.5/10,tt0092400,39,16.0,1,mighty little bheem: kite festival
1664,The American Bible Challenge,2012,all,39/100,1,0,0,0,tv_show,game show,United States,English,6.8,tt2246424,39,16.0,1,the american bible challenge
1665,Breakout,2010,16+,39/100,1,0,0,0,tv_show,reality television,United States,English,7.9/10,tt0092400,39,16.0,1,breakout
1666,GAME ON: A Comedy Crossover Event,2020,all,39/100,1,0,0,0,tv_show,"comedy television program, family television series",United States,English,5.0,tt12800428,39,16.0,1,game on: a comedy crossover event
1667,ID-0,2017,16+,39/100,1,0,0,0,tv_show,reality television,United States,English,6.1/10,tt0092400,39,16.0,1,id-0
1668,Tijuana,2019,16+,39/100,1,0,0,0,tv_show,crime television series,Mexico,English,5.0,tt8027624,39,16.0,1,tijuana
1669,Dinotrux: Supercharged,2017,7+,39/100,1,0,0,0,tv_show,reality television,United States,English,7.2/10,tt0092400,39,7.0,1,dinotrux: supercharged
1670,The Jungle Book,2010,all,39/100,1,0,0,1,tv_show,reality television,United States,English,4.2/10,tt0092400,39,16.0,1,the jungle book
1671,My Dear Boy,2017,16+,39/100,1,0,0,0,tv_show,reality television,Taiwan,Mandarin,10.0,tt7804134,39,16.0,1,my dear boy
1672,Skin Decision: Before and After,2020,16+,39/100,1,0,0,0,tv_show,reality television,United States,English,4.0,tt12588326,39,16.0,1,skin decision: before and after
1673,Rhyme Time Town Singalongs,2020,all,39/100,1,0,0,0,tv_show,reality television,United States,English,8.3/10,tt0092400,39,16.0,1,rhyme time town singalongs
1674,Transformers: Rescue Bots Academy,2019,all,39/100,1,0,0,0,tv_show,reality television,United States,English,8.0,tt9557874,39,16.0,1,transformers: rescue bots academy
1675,"Noddy, Toyland Detective",2016,all,39/100,1,0,0,0,tv_show,reality television,United States,English,6.2/10,tt0092400,39,16.0,1,"noddy, toyland detective"
1676,Ricky Zoom,2019,all,39/100,1,0,0,0,tv_show,reality television,United States,English,6.5/10,tt0092400,39,16.0,1,ricky zoom
1677,Popples,1986,all,39/100,1,0,0,0,tv_show,reality television,United States,English,6.5,tt4210022,39,16.0,1,popples
1678,Edgar Rice Burroughs' Tarzan and Jane,2017,7+,39/100,1,0,0,0,tv_show,reality television,United States,English,4.8/10,tt0092400,39,7.0,1,edgar rice burroughs' tarzan and jane
1679,Chico Bon Bon: Monkey with a Tool Belt,2020,all,39/100,1,0,0,0,tv_show,reality television,United States,English,6.3/10,tt0092400,39,16.0,1,chico bon bon: monkey with a tool belt
1680,Inborn Pair,2011,16+,38/100,1,0,0,0,tv_show,reality television,Taiwan,"Standard Chinese, Standard Taiwanese Mandarin",9.0,tt6357282,38,16.0,1,inborn pair
1681,The Underclass,2020,16+,38/100,1,0,0,0,tv_show,drama television series,Thailand,Thai,9.0,tt12665438,38,16.0,1,the underclass
1682,Boca Juniors Confidential,2018,all,38/100,1,0,0,0,tv_show,reality television,Argentina,English,6.3,tt8893546,38,16.0,1,boca juniors confidential
1683,ZOIDS WILD,2018,7+,38/100,1,0,0,0,tv_show,reality television,United States,English,5.8/10,tt0092400,38,7.0,1,zoids wild
1684,Holiday Home Makeover with Mr. Christmas,2020,all,38/100,1,0,0,0,tv_show,reality television,United States,English,5.9,tt13255112,38,16.0,1,holiday home makeover with mr. christmas
1685,Nailed It! Mexico,2019,all,38/100,1,0,0,0,tv_show,reality television,"United States, Mexico",English,10.0,tt9708588,38,16.0,1,nailed it! mexico
1686,Cabins in the Wild with Dick Strawbridge,2017,7+,38/100,1,0,0,0,tv_show,reality television,United Kingdom,English,5.0,tt8422396,38,7.0,1,cabins in the wild with dick strawbridge
1687,Best.Worst.Weekend.Ever.,2018,7+,38/100,1,0,0,0,tv_show,reality television,United States,English,10.0,tt7768010,38,7.0,1,best.worst.weekend.ever.
1688,Fangbone!,2016,7+,38/100,1,0,0,0,tv_show,reality television,United States,English,5.7/10,tt0092400,38,7.0,1,fangbone!
1689,Wrong Kind of Black,2018,16+,38/100,1,0,0,0,tv_show,reality television,United States,English,7.6/10,tt0092400,38,16.0,1,wrong kind of black
1690,Disappearance,2018,16+,38/100,1,0,0,0,tv_show,reality television,United States,English,7.2/10,tt0092400,38,16.0,1,disappearance
1691,I'm with the Band: Nasty Cherry,2019,16+,38/100,1,0,0,0,tv_show,reality television,United States,English,2.0,tt6233916,38,16.0,1,i'm with the band: nasty cherry
1692,Pinky Malinky,2019,7+,38/100,1,0,0,0,tv_show,reality television,United States,English,5.7/10,tt0092400,38,7.0,1,pinky malinky
1693,The Crime,2015,16+,38/100,1,0,0,0,tv_show,reality television,United States,English,6.2/10,tt0092400,38,16.0,1,the crime
1694,Tayee,2018,16+,38/100,1,0,0,0,tv_show,reality television,United States,English,8.0/10,tt0092400,38,16.0,1,tayee
1695,Yanxi Palace: Princess Adventures,2019,16+,38/100,1,0,0,0,tv_show,drama television series,People's Republic of China,English,9.0,tt11399844,38,16.0,1,yanxi palace: princess adventures
1696,Extreme Engagement,2019,18+,38/100,1,0,0,0,tv_show,reality television series,Australia,English,3.0,tt10521644,38,18.0,1,extreme engagement
1697,Single Ladies Senior,2018,16+,38/100,1,0,0,0,tv_show,reality television,United States,English,10.0,tt0092400,38,16.0,1,single ladies senior
1698,Deja Vu,2013,16+,38/100,1,0,0,0,tv_show,reality television,United States,English,10.0,tt0092400,38,16.0,1,deja vu
1699,Care Bears and Cousins,2015,all,38/100,1,0,0,0,tv_show,reality television,United States,English,6.8/10,tt0092400,38,16.0,1,care bears and cousins
1700,Graceful Friends,2020,16+,38/100,1,0,0,0,tv_show,reality television,South Korea,Korean,8.0,tt12531492,38,16.0,1,graceful friends
1701,Spark,2016,16+,38/100,1,0,0,0,tv_show,reality television,United States,English,7.0/10,tt0092400,38,16.0,1,spark
1702,The Miracle,2016,16+,38/100,1,0,0,0,tv_show,reality television,United States,English,6.5/10,tt0092400,38,16.0,1,the miracle
1703,The In-Laws,2003,13+,38/100,1,0,0,0,tv_show,reality television,Singapore,Chinese,5.7/10,tt0092400,38,13.0,1,the in-laws
1704,Hong Kong West Side Stories,2019,18+,38/100,1,0,0,0,tv_show,reality television,Hong Kong,English,7.0,tt10282734,38,18.0,1,hong kong west side stories
1705,Life Plan A and B,2017,7+,38/100,1,0,0,0,tv_show,reality television,Taiwan,"Mandarin, Standard Taiwanese Mandarin",7.0,tt7034962,38,7.0,1,life plan a and b
1706,Empire Games,2018,7+,38/100,1,0,0,0,tv_show,"documentary film, historical film","Czech Republic, United States",English,1.0,tt8171234,38,7.0,1,empire games
1707,Shrek's Swamp Stories,2008,16+,38/100,1,0,0,0,tv_show,reality television,United States,English,6.6/10,tt0092400,38,16.0,1,shrek's swamp stories
1708,J-Style Trip,2020,16+,37/100,1,0,0,0,tv_show,reality television,"Taiwan, People's Republic of China",English,4.0,tt11942052,37,16.0,1,j-style trip
1709,Camarón Revolution,2018,16+,37/100,1,0,0,0,tv_show,reality television,United States,English,10.0,tt0092400,37,16.0,1,camarón revolution
1710,Block B - Under Arrest,2015,16+,37/100,1,0,0,0,tv_show,reality television,United States,English,6.9/10,tt0092400,37,16.0,1,block b - under arrest
1711,Kong: King of the Apes,2016,7+,37/100,1,0,0,0,tv_show,reality television,United States,English,5.8/10,tt0092400,37,7.0,1,kong: king of the apes
1712,Fire Chasers,2017,16+,37/100,1,0,0,0,tv_show,reality television,United States,English,6.6/10,tt0092400,37,16.0,1,fire chasers
1713,Word Party,2016,all,37/100,1,0,0,0,tv_show,reality television,United States,English,3.0,tt5235950,37,16.0,1,word party
1714,Power Players,2019,7+,37/100,1,0,0,0,tv_show,science fiction television program,"France, United States",English,8.0,tt10895604,37,7.0,1,power players
1715,Legend of Chu and Han,2012,16+,37/100,1,0,0,0,tv_show,historical drama,People's Republic of China,English,10.0,tt9586376,37,16.0,1,legend of chu and han
1716,The Devil Punisher,2020,16+,37/100,1,0,0,0,tv_show,reality television,Taiwan,Standard Taiwanese Mandarin,6.0,tt13317376,37,16.0,1,the devil punisher
1717,The Outsiders,2004,16+,37/100,1,0,0,0,tv_show,reality television,United States,English,7.4/10,tt0092400,37,16.0,1,the outsiders
1718,LEGO Elves,2017,16+,37/100,1,0,0,0,tv_show,reality television,United States,English,6.0,tt5586974,37,16.0,1,lego elves
1719,Memory Love,2017,16+,37/100,1,0,0,0,tv_show,reality television,Taiwan,Mandarin,10.0,tt9015516,37,16.0,1,memory love
1720,The Perfect Match,2017,16+,37/100,1,0,0,0,tv_show,drama television series,Taiwan,"Standard Chinese, Standard Taiwanese Mandarin",9.0,tt9882870,37,16.0,1,the perfect match
1721,Nailed It! France,2019,16+,37/100,1,0,0,0,tv_show,reality television,France,French,10.0,tt10990804,37,16.0,1,nailed it! france
1722,Love Family,2013,16+,37/100,1,0,0,0,tv_show,reality television,Taiwan,Standard Chinese,8.4,tt6671178,37,16.0,1,love family
1723,Southern Survival,2020,16+,37/100,1,0,0,0,tv_show,reality television,United States,English,3.0,tt12588286,37,16.0,1,southern survival
1724,When I See You Again,2015,16+,37/100,1,0,0,0,tv_show,reality television,Taiwan,Standard Chinese,10.0,tt6289504,37,16.0,1,when i see you again
1726,"Three Wives, One Husband",2018,16+,37/100,1,0,0,0,tv_show,reality television,United States,English,5.0,tt6681426,37,16.0,1,"three wives, one husband"
1727,The Charming Stepmom,2019,16+,37/100,1,0,0,0,tv_show,reality television,Thailand,English,10.0,tt0092400,37,16.0,1,the charming stepmom
1728,Journey of an African Colony,2020,16+,37/100,1,0,0,0,tv_show,reality television,Nigeria,English,8.0,tt14452572,37,16.0,1,journey of an african colony
1729,The Little Nyonya,2008,16+,37/100,1,0,0,0,tv_show,reality television,Singapore,English,8.0,tt10544836,37,16.0,1,the little nyonya
1730,Richie Rich,2015,all,37/100,1,0,0,0,tv_show,reality television,United States,English,3.3/10,tt0092400,37,16.0,1,richie rich
1731,Justice,2019,7+,37/100,1,0,0,0,tv_show,reality television,United States,English,5.2/10,tt0092400,37,7.0,1,justice
1732,Bookmarks: Celebrating Black Voices,2020,all,37/100,1,0,0,0,tv_show,reality television,United States,English,8.0,tt12923664,37,16.0,1,bookmarks: celebrating black voices
1734,Fifty,2017,16+,37/100,1,0,0,0,tv_show,comedy drama,Israel,Hebrew,7.4,tt11187516,37,16.0,1,fifty
1735,Masha's Tales,2016,all,37/100,1,0,0,0,tv_show,reality television,United States,English,10.0,tt0092400,37,16.0,1,masha's tales
1736,Hook,2020,16+,37/100,1,0,0,0,tv_show,reality television,United States,English,6.7/10,tt0092400,37,16.0,1,hook
1737,Pacto de Sangue,2018,16+,37/100,1,0,0,0,tv_show,telenovela,Brazil,Brazilian Portuguese,3.0,tt6742610,37,16.0,1,pacto de sangue
1738,Pablo,2017,16+,37/100,1,0,0,0,tv_show,reality television,United States,English,7.6/10,tt0092400,37,16.0,1,pablo
1739,Cairo Class,2019,16+,37/100,1,0,0,0,tv_show,reality television,United States,English,10.0,tt0092400,37,16.0,1,cairo class
1740,What She Put on the Table,2017,16+,37/100,1,0,0,0,tv_show,reality television,United States,English,10.0,tt0092400,37,16.0,1,what she put on the table
1741,The Land of Hypocrisy,2018,16+,37/100,1,0,0,0,tv_show,reality television,United States,English,6.5/10,tt0092400,37,16.0,1,the land of hypocrisy
1742,Meet the Adebanjos,2012,7+,37/100,1,0,0,0,tv_show,reality television,United Kingdom,English,7.6/10,tt0092400,37,7.0,1,meet the adebanjos
1743,Inside the Freemasons,2017,16+,36/100,1,0,0,0,tv_show,television documentary,United Kingdom,English,4.0,tt6743832,36,16.0,1,inside the freemasons
1744,All About Love,2010,16+,36/100,1,0,0,0,tv_show,reality television,United States,English,6.3/10,tt0092400,36,16.0,1,all about love
1745,Hyper Hardboiled Gourmet Report,2019,16+,36/100,1,0,0,0,tv_show,reality television,Japan,Japanese,10.0,tt0092400,36,16.0,1,hyper hardboiled gourmet report
1746,Rimba Racer,2015,16+,36/100,1,0,0,0,tv_show,reality television,United States,English,8.2/10,tt0092400,36,16.0,1,rimba racer
1747,Murphy's Law of Love,2015,16+,36/100,1,0,0,0,tv_show,reality television,Taiwan,Standard Chinese,7.4/10,tt0092400,36,16.0,1,murphy's law of love
1748,Miss Culinary,2019,16+,36/100,1,0,0,0,tv_show,reality television,United States,English,10.0,tt0092400,36,16.0,1,miss culinary
1749,LEGO Friends: The Power of Friendship,2016,7+,36/100,1,0,0,0,tv_show,reality television,United States,English,6.0,tt7598452,36,7.0,1,lego friends: the power of friendship
1750,A Thousand Goodnights,2019,16+,36/100,1,0,0,0,tv_show,reality television,Taiwan,"Standard Taiwanese Mandarin, Taiwanese Hokkien, English",9.0,tt10370952,36,16.0,1,a thousand goodnights
1751,Secreto bien guardado,2019,16+,36/100,1,0,0,0,tv_show,"romance film, drama film",Argentina,Spanish,8.0,tt10702412,36,16.0,1,secreto bien guardado
1752,The Unremarkable Juanquini,2020,16+,36/100,1,0,0,0,tv_show,reality television,Colombia,Spanish,4.3,tt12189308,36,16.0,1,the unremarkable juanquini
1753,Felipe Esparza: Bad Decisions,2020,16+,36/100,1,0,0,0,tv_show,reality television,United States,English,5.0/10,tt0092400,36,16.0,1,felipe esparza: bad decisions
1754,True Tunes,2019,all,36/100,1,0,0,0,tv_show,reality television,United States,English,8.0/10,tt0092400,36,16.0,1,true tunes
1755,The Judgement,2018,16+,36/100,1,0,0,0,tv_show,"drama television series, thriller television series",Thailand,Thai,5.0,tt8866904,36,16.0,1,the judgement
1756,Dreamworks Spooky Stories,2012,7+,36/100,1,0,0,0,tv_show,reality television,United States,English,6.7/10,tt0092400,36,7.0,1,dreamworks spooky stories
1757,I Have a Script,2019,7+,36/100,1,0,0,0,tv_show,reality television,United States,English,10.0,tt0092400,36,7.0,1,i have a script
1758,Little Baby Bum: Nursery Rhyme Friends,2016,all,36/100,1,0,0,0,tv_show,reality television,United States,English,6.7/10,tt0092400,36,16.0,1,little baby bum: nursery rhyme friends
1759,28 Faces of the Moon,2016,7+,36/100,1,0,0,0,tv_show,reality television,United States,English,4.0,tt10145322,36,7.0,1,28 faces of the moon
1760,Harvey Street Kids,2018,7+,36/100,1,0,0,0,tv_show,reality television,United States,English,1.0,tt7758552,36,7.0,1,harvey street kids
1761,Buddi,2020,all,36/100,1,0,0,0,tv_show,reality television,United States,English,6.9/10,tt0092400,36,16.0,1,buddi
1762,Edha,2018,18+,36/100,1,0,0,0,tv_show,reality television,Argentina,English,2.0,tt7956274,36,18.0,1,edha
1763,Eagle of Upper Egypt,2018,all,36/100,1,0,0,0,tv_show,reality television,United States,English,10.0,tt0092400,36,16.0,1,eagle of upper egypt
1764,Daughters of Destiny,2017,16+,36/100,1,0,0,0,tv_show,reality television,United States,English,10.0,tt0092400,36,16.0,1,daughters of destiny
1765,The Degenerates,2018,18+,36/100,1,0,0,0,tv_show,stand-up comedy,United States,English,10.0,tt9077196,36,18.0,1,the degenerates
1766,"Heidi, bienvenida a casa",2017,16+,36/100,1,0,0,0,tv_show,telenovela,Argentina,Spanish,7.3,tt7183310,36,16.0,1,"heidi, bienvenida a casa"
1767,Chasing Cameron,2016,7+,36/100,1,0,0,0,tv_show,reality television,United States,English,1.0,tt6370626,36,7.0,1,chasing cameron
1768,Country Ever After,2020,16+,36/100,1,0,0,0,tv_show,reality television,United States,English,10.0,tt12987872,36,16.0,1,country ever after
1769,Chip and Potato,2018,all,36/100,1,0,0,0,tv_show,reality television,United States,English,6.2/10,tt0092400,36,16.0,1,chip and potato
1770,Lion Pride,2017,16+,35/100,1,0,0,0,tv_show,reality television,Taiwan,English,5.0,tt9165974,35,16.0,1,lion pride
1771,YG Future Strategy Office,2018,18+,35/100,1,0,0,0,tv_show,mockumentary,South Korea,Korean,8.0,tt8129694,35,18.0,1,yg future strategy office
1772,Love At Seventeen,2016,16+,35/100,1,0,0,0,tv_show,reality television,United States,English,6.2/10,tt0092400,35,16.0,1,love at seventeen
1773,The Could’ve-Gone-All-the-Way Committee,2018,16+,35/100,1,0,0,0,tv_show,reality television,United States,English,6.8/10,tt0092400,35,16.0,1,the could’ve-gone-all-the-way committee
1774,Diamond Lover,2015,16+,35/100,1,0,0,0,tv_show,reality television,People's Republic of China,Putonghua,7.0,tt6058496,35,16.0,1,diamond lover
1775,Kid-E-Cats,2017,all,35/100,1,0,0,0,tv_show,reality television,United States,English,7.4/10,tt0092400,35,16.0,1,kid-e-cats
1776,Bo on the Go!,2007,all,35/100,1,0,0,0,tv_show,computer animation,Canada,English,10.0,tt1516172,35,16.0,1,bo on the go!
1777,Easy Fortune Happy Life,2009,16+,35/100,1,0,0,0,tv_show,reality television,Taiwan,English,8.0,tt3756460,35,16.0,1,easy fortune happy life
1778,How to Live Mortgage Free with Sarah Beeny,2017,16+,35/100,1,0,0,0,tv_show,reality television,United Kingdom,English,10.0,tt0092400,35,16.0,1,how to live mortgage free with sarah beeny
1779,Bangkok Love Stories 2: Plead,2019,16+,35/100,1,0,0,0,tv_show,reality television,United States,English,7.1/10,tt0092400,35,16.0,1,bangkok love stories 2: plead
1780,21 Again,2019,16+,35/100,1,0,0,0,tv_show,reality television,United States,English,4.8/10,tt0092400,35,16.0,1,21 again
1781,Monkey Twins,2018,16+,35/100,1,0,0,0,tv_show,reality television,Thailand,Thai,10.0,tt8507498,35,16.0,1,monkey twins
1782,Cocaine,2005,16+,35/100,1,0,0,0,tv_show,reality television,United States,English,7.1/10,tt0092400,35,16.0,1,cocaine
1783,Love Around,2013,16+,35/100,1,0,0,0,tv_show,drama television series,Taiwan,Standard Chinese,8.0,tt3715634,35,16.0,1,love around
1784,Тобот,2010,7+,35/100,1,0,1,0,tv_show,reality television,United States,English,6.6/10,tt0092400,35,7.0,1,тобот
1785,Sing On! Spain,2020,16+,35/100,1,0,0,0,tv_show,game show,Spain,Spanish,8.0,tt11698668,35,16.0,1,sing on! spain
1786,In The Bosom of a Thorn,2019,16+,35/100,1,0,0,0,tv_show,reality television,Kuwait,Arabic,10.0,tt10397430,35,16.0,1,in the bosom of a thorn
1787,Sammy & Co,2014,16+,35/100,1,0,0,0,tv_show,reality television,United States,English,5.3/10,tt0092400,35,16.0,1,sammy & co
1788,Love and Hong Kong,2017,16+,35/100,1,0,0,0,tv_show,reality television,United States,English,10.0,tt0092400,35,16.0,1,love and hong kong
1789,Nailed It! Germany,2020,16+,35/100,1,0,0,0,tv_show,reality television,Germany,German,2.0,tt11460744,35,16.0,1,nailed it! germany
1790,YooHoo to the Rescue,2019,all,35/100,1,0,0,0,tv_show,children's television series,United States,English,6.7,tt9817288,35,16.0,1,yoohoo to the rescue
1791,Singles Villa,2015,16+,35/100,1,0,0,0,tv_show,reality television,United States,English,7.6/10,tt0092400,35,16.0,1,singles villa
1792,Ladies Up,2020,16+,35/100,1,0,0,0,tv_show,stand-up comedy,India,English,1.0,tt11942100,35,16.0,1,ladies up
1793,Vai Anitta,2018,16+,35/100,1,0,0,0,tv_show,television documentary,Brazil,English,10.0,tt8961530,35,16.0,1,vai anitta
1794,Styling Hollywood,2019,16+,35/100,1,0,0,0,tv_show,reality television,United States,English,8.0,tt10715202,35,16.0,1,styling hollywood
1795,Trotro,2006,all,35/100,1,0,0,0,tv_show,reality television,United States,English,6.0/10,tt0092400,35,16.0,1,trotro
1796,Masha's Spooky Stories,2014,all,35/100,1,0,0,0,tv_show,reality television,United States,English,5.0/10,tt0092400,35,16.0,1,masha's spooky stories
1797,The Goop Lab,2020,18+,35/100,1,0,0,0,tv_show,reality television,United States,English,1.0,tt11561206,35,18.0,1,the goop lab
1798,Kulipari: An Army of Frogs,2016,7+,35/100,1,0,0,0,tv_show,reality television,United States,English,8.0,tt6035850,35,7.0,1,kulipari: an army of frogs
1799,Angel 'N' Devil,2014,16+,34/100,1,0,0,0,tv_show,"action film, fantasy film",Taiwan,Chinese,5.9,tt6273196,34,16.0,1,angel 'n' devil
1800,Happy Jail,2019,18+,34/100,1,0,0,0,tv_show,reality television,United States,English,8.0/10,tt0092400,34,18.0,1,happy jail
1801,President,2010,16+,34/100,1,0,0,0,tv_show,reality television,United States,English,7.2/10,tt0092400,34,16.0,1,president
1802,Luo Bao Bei,2018,all,34/100,1,0,0,0,tv_show,reality television,United States,English,7.6/10,tt0092400,34,16.0,1,luo bao bei
1803,Entangled,2014,16+,34/100,1,0,0,0,tv_show,reality television,United States,English,6.9/10,tt0092400,34,16.0,1,entangled
1804,Lavender,2001,16+,34/100,1,0,0,0,tv_show,reality television,United States,English,6.6/10,tt0092400,34,16.0,1,lavender
1805,Ojo's in d' House,2020,16+,34/100,1,0,0,0,tv_show,reality television,United States,English,6.1/10,tt0092400,34,16.0,1,ojo's in d' house
1806,Frank Elstner: Just One Last Question,2019,16+,34/100,1,0,0,0,tv_show,talk show,Germany,German,7.4,tt12416844,34,16.0,1,frank elstner: just one last question
1807,Unriddle,2012,16+,34/100,1,0,0,0,tv_show,police procedural,Singapore,English,7.8/10,tt0092400,34,16.0,1,unriddle
1808,KO One,2005,7+,34/100,1,0,0,0,tv_show,"comedy television series, Taiwanese television drama",Taiwan,Standard Chinese,5.6,tt1841171,34,7.0,1,ko one
1809,Kulipari: Dream Walker,2018,all,34/100,1,0,0,0,tv_show,reality television,United States,English,7.6/10,tt0092400,34,16.0,1,kulipari: dream walker
1810,La Ley secreta,2018,16+,34/100,1,0,0,0,tv_show,reality television,Colombia,Spanish,9.0,tt8888710,34,16.0,1,la ley secreta
1811,Miniforce X,2019,16+,34/100,1,0,1,0,tv_show,reality television,United States,English,4.3/10,tt0092400,34,16.0,1,miniforce x
1812,Candy Online,2019,16+,34/100,1,0,0,0,tv_show,gakuen drama,Taiwan,Standard Taiwanese Mandarin,9.0,tt11330500,34,16.0,1,candy online
1813,Oh Yuck!,2017,16+,34/100,1,0,0,0,tv_show,reality television,United States,English,7.4/10,tt0092400,34,16.0,1,oh yuck!
1814,K.O.3an Guo,2009,16+,34/100,1,0,0,0,tv_show,comedy,Taiwan,Standard Chinese,10.0,tt1848134,34,16.0,1,k.o.3an guo
1815,Best Lover,2016,16+,34/100,1,0,0,0,tv_show,reality television,United States,English,6.5/10,tt0092400,34,16.0,1,best lover
1816,Nasce Uma Rainha,2020,16+,34/100,1,0,0,0,tv_show,reality television series,Brazil,Brazilian Portuguese,10.0,tt12571792,34,16.0,1,nasce uma rainha
1817,Project S The Series,2017,16+,34/100,1,0,0,0,tv_show,sport film,Thailand,Thai,8.3,tt8059904,34,16.0,1,project s the series
1818,DeMarcus Family Rules,2020,16+,34/100,1,0,0,0,tv_show,reality television,United States,English,2.0,tt12759420,34,16.0,1,demarcus family rules
1819,Bhaag Beanie Bhaag,2020,16+,34/100,1,0,0,0,tv_show,reality television,India,English,3.5,tt12775836,34,16.0,1,bhaag beanie bhaag
1820,The Single Wives,2018,16+,34/100,1,0,0,0,tv_show,reality television,Australia,English,9.0,tt8694342,34,16.0,1,the single wives
1821,Morphle,2019,all,34/100,1,1,0,0,tv_show,reality television,Netherlands,English,6.0,tt10087694,34,16.0,1,morphle
1822,Hello Ninja,2019,all,34/100,1,0,0,0,tv_show,reality television,United States,English,6.6/10,tt0092400,34,16.0,1,hello ninja
1823,Tian Bao Fuyao Lu,2020,16+,34/100,1,0,0,0,tv_show,reality television,United States,English,7.0/10,tt0092400,34,16.0,1,tian bao fuyao lu
1824,Sakho & Mangane,2019,16+,34/100,1,0,0,0,tv_show,reality television,Senegal,French,4.0,tt9391692,34,16.0,1,sakho & mangane
1825,Zona Rosa,2019,16+,34/100,1,0,0,0,tv_show,telenovela,Colombia,English,6.5,tt1050232,34,16.0,1,zona rosa
1826,Love Is In The Air,2010,16+,33/100,1,0,0,0,tv_show,"romantic comedy, drama television series",Turkey,Turkish,9.0,tt12439466,33,16.0,1,love is in the air
1827,"Crazy, Lovely, Cool",2018,16+,33/100,1,0,0,0,tv_show,drama television series,Nigeria,"English, Nigerian Pidgin",9.0,tt8528314,33,16.0,1,"crazy, lovely, cool"
1828,See You in Time,2017,16+,33/100,1,0,0,0,tv_show,reality television,Taiwan,English,10.0,tt9015686,33,16.0,1,see you in time
1829,The Ultimatum,2009,16+,33/100,1,0,0,0,tv_show,reality television,United States,English,10.0,tt18396952,33,16.0,1,the ultimatum
1830,Llama Llama,2018,all,33/100,1,0,0,0,tv_show,reality television,United States,English,8.0,tt4781350,33,16.0,1,llama llama
1831,Part-Time Idol,2017,7+,33/100,1,0,0,0,tv_show,reality television,United States,English,7.0/10,tt0092400,33,7.0,1,part-time idol
1832,Color of Woman,2011,16+,33/100,1,0,0,0,tv_show,"romantic fiction, comedy, drama television series",South Korea,Korean,3.0,tt6273112,33,16.0,1,color of woman
1833,Love Cheque Charge,2014,16+,33/100,1,0,0,0,tv_show,"fantasy television series, comedy television series",Taiwan,English,3.0,tt6357262,33,16.0,1,love cheque charge
1834,My Dear Warrior,2019,16+,33/100,1,0,0,0,tv_show,reality television,Thailand,English,4.0,tt11281912,33,16.0,1,my dear warrior
1835,The Sound of Your Heart: Reboot,2018,7+,33/100,1,0,0,0,tv_show,drama television series,South Korea,Korean,4.0,tt7885558,33,7.0,1,the sound of your heart: reboot
1836,Ponysitters Club,2018,all,33/100,1,0,0,0,tv_show,children's television series,Canada,English,1.0,tt7692572,33,16.0,1,ponysitters club
1837,Bangkok รัก Stories 2 ตอน ไม่เดียงสา,2018,16+,33/100,1,0,0,0,tv_show,"drama film, romance film",Thailand,"Thai, English",9.0,tt9905660,33,16.0,1,bangkok รัก stories 2 ตอน ไม่เดียงสา
1838,The Truth Seekers,2016,16+,33/100,1,0,0,0,tv_show,science fiction television program,Singapore,English,7.0,tt7131694,33,16.0,1,the truth seekers
1839,Love for Ten: Generation of Youth,2013,16+,33/100,1,0,0,0,tv_show,reality television,United States,English,6.5/10,tt0092400,33,16.0,1,love for ten: generation of youth
1840,Made in Mexico,2018,16+,32/100,1,0,0,0,tv_show,reality television,United States,English,1.0,tt8871764,32,16.0,1,made in mexico
1841,Kongsuni and Friends,2017,16+,32/100,1,0,0,0,tv_show,reality television,United States,English,4.4/10,tt0092400,32,16.0,1,kongsuni and friends
1842,Love Storm,2016,16+,32/100,1,0,0,0,tv_show,reality television,United States,English,3.3/10,tt0092400,32,16.0,1,love storm
1843,Sleepless Society NYCTOPHOBIA,2019,16+,32/100,1,0,0,0,tv_show,reality television,United States,English,5.6/10,tt0092400,32,16.0,1,sleepless society nyctophobia
1844,Before 30,2015,16+,32/100,1,0,0,0,tv_show,reality television,Nigeria,English,10.0,tt8320472,32,16.0,1,before 30
1845,ARASHI's Diary -Voyage-,2019,16+,32/100,1,0,0,0,tv_show,reality television,Japan,Japanese,8.0,tt11434874,32,16.0,1,arashi's diary -voyage-
1846,Afronta! Facing It!,2017,16+,32/100,1,0,0,0,tv_show,reality television,United States,English,7.4/10,tt0092400,32,16.0,1,afronta! facing it!
1847,Bottersnikes & Gumbles,2016,7+,32/100,1,0,0,0,tv_show,reality television,United States,English,5.3,tt6015820,32,7.0,1,bottersnikes & gumbles
1848,Mighty Little Bheem: Diwali,2019,16+,32/100,1,0,0,0,tv_show,reality television,India,English,7.0,tt10987498,32,16.0,1,mighty little bheem: diwali
1849,On the Real,2016,16+,32/100,1,0,1,0,tv_show,reality television,United States,English,8.3/10,tt0092400,32,16.0,1,on the real
1850,The 10 Sins,2019,16+,32/100,1,0,0,0,tv_show,reality television,United States,English,6.9/10,tt0092400,32,16.0,1,the 10 sins
1851,True: Terrific Tales,2020,16+,32/100,1,0,0,0,tv_show,reality television,United States,English,5.5/10,tt0092400,32,16.0,1,true: terrific tales
1852,My MVP Valentine,2002,16+,32/100,1,0,0,0,tv_show,romantic comedy,Taiwan,Standard Taiwanese Mandarin,7.2,tt6286390,32,16.0,1,my mvp valentine
1853,Shopkins,2014,all,32/100,1,0,0,0,tv_show,reality television,United States,English,3.8/10,tt0092400,32,16.0,1,shopkins
1854,Sing On! Germany,2020,16+,32/100,1,0,0,0,tv_show,game show,Germany,German,8.0,tt12748264,32,16.0,1,sing on! germany
1855,Especial Futbol De Primera 20 Años,2020,16+,31/100,1,0,0,0,tv_show,reality television,United States,English,7.0/10,tt0092400,31,16.0,1,especial futbol de primera 20 años
1856,Dennis & Gnasher Unleashed!,2017,all,31/100,1,0,0,0,tv_show,reality television,United States,English,7.4/10,tt0092400,31,16.0,1,dennis & gnasher unleashed!
1857,Luna Petunia Return to Amazia,2018,all,31/100,1,0,0,0,tv_show,reality television,United States,English,4.8/10,tt0092400,31,16.0,1,luna petunia return to amazia
1858,Luna Petunia,2016,all,31/100,1,0,0,0,tv_show,reality television,"United States, Canada",English,6.9,tt4588068,31,16.0,1,luna petunia
1859,Iron Ladies,2018,16+,31/100,1,0,0,0,tv_show,reality television,Taiwan,English,6.9,tt8088196,31,16.0,1,iron ladies
1860,Edge of the Universe,2002,16+,31/100,1,0,0,0,tv_show,reality television,United States,English,10.0,tt0092400,31,16.0,1,edge of the universe
1861,The Dream Job,2016,16+,31/100,1,0,0,0,tv_show,reality television,Singapore,English,3.0,tt7131688,31,16.0,1,the dream job
1862,Happy And,2011,16+,31/100,1,0,0,0,tv_show,reality television,United Kingdom,English,10.0,tt0423665,31,16.0,1,happy and
1863,High Risk,2011,16+,31/100,1,0,1,0,tv_show,reality television,United States,English,10.0,tt0092400,31,16.0,1,high risk
1864,Treehouse Detectives,2018,16+,31/100,1,0,0,0,tv_show,children's television series,"South Korea, United States",English,7.8,tt8591984,31,16.0,1,treehouse detectives
1865,Jojo's World,2017,16+,31/100,1,0,0,0,tv_show,reality television,Taiwan,Mandarin,10.0,tt7770110,31,16.0,1,jojo's world
1866,Stay Tuned!,2019,16+,31/100,1,0,0,0,tv_show,reality television,United States,English,8.0/10,tt0092400,31,16.0,1,stay tuned!
1867,Borges Importadora,2018,16+,31/100,1,0,0,0,tv_show,reality television,Brazil,English,6.2,tt7895652,31,16.0,1,borges importadora
1868,Jimmy: The True Story of a True Idiot,2018,all,31/100,1,0,0,0,tv_show,comedy television series,Japan,Japanese,9.0,tt6866914,31,16.0,1,jimmy: the true story of a true idiot
1869,Magic Cellphone,2016,16+,31/100,1,0,0,0,tv_show,romantic comedy,Korea,English,3.9/10,tt0092400,31,16.0,1,magic cellphone
1870,Against the Tide,2014,16+,31/100,1,0,0,0,tv_show,science fiction television program,Singapore,Chinese,7.9,tt7131682,31,16.0,1,against the tide
1871,Singapore Social,2019,16+,31/100,1,0,0,0,tv_show,reality television,"Singapore, United States",English,1.0,tt11194508,31,16.0,1,singapore social
1872,Jusqu'à l'Aube,2020,18+,31/100,1,0,0,0,tv_show,reality television,France,French,1.0,tt11434862,31,18.0,1,jusqu'à l'aube
1873,At Dolphin Bay,2003,16+,31/100,1,0,0,0,tv_show,reality television,Taiwan,"Mandarin, Standard Taiwanese Mandarin",7.2,tt8612066,31,16.0,1,at dolphin bay
1874,行医,2011,16+,31/100,1,0,0,0,tv_show,medical drama,Singapore,Chinese,7.0,tt7131686,31,16.0,1,行医
1875,Way Back into Love,2011,16+,31/100,1,0,0,0,tv_show,reality television,United States,English,6.6/10,tt0092400,31,16.0,1,way back into love
1876,Immortal Classic,2012,16+,31/100,1,0,0,0,tv_show,drama television series,South Korea,English,10.0,tt0092400,31,16.0,1,immortal classic
1877,Droppin' Cash: Los Angeles,2018,16+,30/100,1,0,0,0,tv_show,reality television,United States,English,3.5/10,tt0092400,30,16.0,1,droppin' cash: los angeles
1878,Robozuna,2018,7+,30/100,1,0,0,0,tv_show,reality television,United States,English,6.3/10,tt0092400,30,7.0,1,robozuna
1879,Yours Fatefully,2012,16+,30/100,1,0,0,0,tv_show,reality television,Singapore,Chinese,6.6/10,tt0092400,30,16.0,1,yours fatefully
1880,Lucky Days,2010,7+,30/100,1,0,0,0,tv_show,reality television,Taiwan,Standard Taiwanese Mandarin,6.6,tt6954548,30,7.0,1,lucky days
1881,Be with You,2015,16+,30/100,1,0,0,0,tv_show,reality television,United States,English,7.1/10,tt0092400,30,16.0,1,be with you
1882,Stunt Science,2018,18+,30/100,1,0,0,0,tv_show,reality television,United States,English,5.0/10,tt0092400,30,18.0,1,stunt science
1883,Word Party Songs,2020,16+,30/100,1,0,0,0,tv_show,"children's television series, music television",United States,English,5.0,tt12748268,30,16.0,1,word party songs
1884,Goodbye Dear Wife,2012,16+,30/100,1,0,0,0,tv_show,reality television,South Korea,Korean,6.3/10,tt0092400,30,16.0,1,goodbye dear wife
1885,天国的嫁衣,2004,16+,30/100,1,0,0,0,tv_show,drama television series,Taiwan,Standard Taiwanese Mandarin,8.0,tt6357220,30,16.0,1,天国的嫁衣
1886,La Grande Chaumière Violette,2016,16+,30/100,1,0,0,0,tv_show,drama television series,Taiwan,"Taiwanese Hokkien, Standard Taiwanese Mandarin",9.0,tt6158540,30,16.0,1,la grande chaumière violette
1887,No Time for Shame,2019,16+,29/100,1,0,0,0,tv_show,reality television,Argentina,English,2.0,tt11215130,29,16.0,1,no time for shame
1888,Bangkok Buddies,2019,all,29/100,1,0,0,0,tv_show,reality television,Thailand,English,6.5,tt11513508,29,16.0,1,bangkok buddies
1889,Nailed It! Spain,2019,16+,29/100,1,0,0,0,tv_show,"game show, reality television",Spain,Spanish,5.7,tt10981666,29,16.0,1,nailed it! spain
1890,阳关道,2018,16+,29/100,1,0,0,0,tv_show,reality television,United States,English,3.2/10,tt0092400,29,16.0,1,阳关道
1891,Cocomong,2008,16+,29/100,1,0,0,0,tv_show,reality television,United States,English,4.3/10,tt0092400,29,16.0,1,cocomong
1892,Love Me Or Leave Me,2012,16+,29/100,1,0,0,0,tv_show,reality television,United States,English,6.5/10,tt0092400,29,16.0,1,love me or leave me
1893,The Year of Happiness and Love,2009,7+,29/100,1,0,0,0,tv_show,romance film,Taiwan,Standard Chinese,5.6,tt4620672,29,7.0,1,the year of happiness and love
1894,Tjovitjo,2017,16+,29/100,1,0,0,0,tv_show,reality television,South Africa,English,6.3/10,tt0092400,29,16.0,1,tjovitjo
1895,Jumping Girl,2015,16+,28/100,1,0,0,0,tv_show,reality television,United States,English,5.1/10,tt0092400,28,16.0,1,jumping girl
1896,Kibaoh Klashers,2017,7+,27/100,1,0,0,0,tv_show,"children's television series, adventure television series",United States,English,7.4,tt7492122,27,7.0,1,kibaoh klashers
1897,Chhota Bheem,2008,16+,27/100,1,0,0,0,tv_show,reality television,United States,English,4.3/10,tt0092400,27,16.0,1,chhota bheem
1898,Lugar de Mulher,2019,16+,26/100,1,0,0,0,tv_show,stand-up comedy,Brazil,Brazilian Portuguese,4.7,tt11215186,26,16.0,1,lugar de mulher
1899,CoComelon,2020,16+,25/100,1,1,0,0,tv_show,reality television,United States,English,1.0,tt15040002,25,16.0,1,cocomelon
1900,Game Winning Hit,2009,16+,24/100,1,0,0,0,tv_show,reality television,Taiwan,English,8.0,tt6026194,24,16.0,1,game winning hit
1901,La Esclava Blanca,2016,16+,24/100,1,0,0,0,tv_show,"drama television series, romance television series",Colombia,Spanish,10.0,tt5458128,24,16.0,1,la esclava blanca
1902,El Señor de los Cielos 5,2017,16+,24/100,1,0,0,0,tv_show,reality television,United States,English,10.0,tt0092400,24,16.0,1,el señor de los cielos 5
1903,Manhunt: Deadly Games,2020,16+,23/100,1,0,0,0,tv_show,"crime television series, drama television series",United States,English,9.0,tt5618256,23,16.0,1,manhunt: deadly games
1904,The Great British Baking Show: Holidays,2016,16+,23/100,1,0,0,0,tv_show,reality television,United States,English,10.0,tt0092400,23,16.0,1,the great british baking show: holidays
1905,Trailer Park Boys: Out of the Park: USA,2017,16+,22/100,1,0,0,0,tv_show,comedy television series,Canada,English,10.0,tt0092400,22,16.0,1,trailer park boys: out of the park: usa
1906,Futmalls.com,2020,16+,22/100,1,0,0,0,tv_show,"idol dorama, science fiction",Taiwan,Standard Taiwanese Mandarin,7.0,tt13652552,22,16.0,1,futmalls.com
1907,A House of Blocks,2017,18+,22/100,1,0,0,0,tv_show,reality television,Taiwan,English,5.2,tt7053684,22,18.0,1,a house of blocks
1908,Paprika,2018,all,21/100,1,0,0,0,tv_show,reality television,United States,English,10.0,tt0092400,21,16.0,1,paprika
1909,Fukrey Boyzzz,2019,all,21/100,1,0,0,0,tv_show,reality television,United States,English,10.0,tt0092400,21,16.0,1,fukrey boyzzz
1910,Click for Murder,2017,16+,21/100,1,0,0,0,tv_show,reality television,United States,English,10.0,tt0092400,21,16.0,1,click for murder
1911,Sexy Central,2019,16+,21/100,1,0,0,0,tv_show,reality television,Hong Kong,English,5.0,tt10619724,21,16.0,1,sexy central
1912,A Perfect Day for Arsenide,2021,16+,21/100,1,0,0,0,tv_show,reality television,Hong Kong,English,5.3,tt14592684,21,16.0,1,a perfect day for arsenide
1913,Diamond City,2018,16+,20/100,1,0,0,0,tv_show,reality television,United States,English,10.0,tt0092400,20,16.0,1,diamond city
1914,Beyond Stranger Things,2017,16+,20/100,1,0,0,0,tv_show,aftershow,United States,English,8.0,tt7570990,20,16.0,1,beyond stranger things
1915,Unlucky Ploy,2020,16+,20/100,1,0,0,0,tv_show,reality television,United States,English,10.0,tt0092400,20,16.0,1,unlucky ploy
1917,Heart & Soul,2020,16+,20/100,1,0,0,0,tv_show,reality television,United States,English,10.0,tt0092400,20,16.0,1,heart & soul
1918,Hati Perempuan,2015,16+,19/100,1,0,0,0,tv_show,reality television,Malaysia,Malay,10.0,tt0092400,19,16.0,1,hati perempuan
1919,Caught on Camera,2014,16+,19/100,1,0,0,0,tv_show,reality television,United States,English,3.9,tt4295320,19,16.0,1,caught on camera
1920,Don't Be the First One,2020,16+,18/100,1,0,0,0,tv_show,reality television,South Korea,English,10.0,tt0092400,18,16.0,1,don't be the first one
1921,True: Wonderful Wishes,2018,16+,18/100,1,0,0,0,tv_show,reality television,United States,English,10.0,tt0092400,18,16.0,1,true: wonderful wishes
1922,Two Fathers,2013,16+,18/100,1,0,0,0,tv_show,romance television series,Taiwan,"Standard Chinese, Standard Taiwanese Mandarin",7.0,tt6707142,18,16.0,1,two fathers
1923,Monkart,2017,16+,18/100,1,0,0,0,tv_show,reality television,United States,English,10.0,tt0092400,18,16.0,1,monkart
1924,Westside Story,2003,16+,18/100,1,0,0,0,tv_show,drama television series,Taiwan,Standard Taiwanese Mandarin,10.0,tt0092400,18,16.0,1,westside story
1926,Laws of Attraction,2012,16+,17/100,1,0,0,0,tv_show,LGBT-related film,Thailand,Thai,7.0,tt28291170,17,16.0,1,laws of attraction
1927,World At Your Feet,2014,16+,17/100,1,0,0,0,tv_show,reality television,Singapore,Chinese,10.0,tt0092400,17,16.0,1,world at your feet
1928,Miniforce,2016,16+,17/100,1,0,1,0,tv_show,reality television,United States,English,10.0,tt0092400,17,16.0,1,miniforce
1929,The Truth,2008,16+,17/100,1,0,0,0,tv_show,reality television,United States,English,10.0,tt0092400,17,16.0,1,the truth
1930,Love Naggers,2018,16+,16/100,1,0,0,0,tv_show,reality television,United States,English,10.0,tt0092400,16,16.0,1,love naggers
1931,Show Me the Money,2004,16+,16/100,1,0,0,0,tv_show,reality television,"United States, Italy",Italian,1.0,tt0876217,16,16.0,1,show me the money
1932,Sudden,2013,16+,16/100,1,0,0,0,tv_show,reality television,United States,English,10.0,tt0092400,16,16.0,1,sudden
1933,Hatchimals: Adventures in Hatchtopia,2018,16+,16/100,1,0,0,0,tv_show,reality television,United States,English,10.0,tt0092400,16,16.0,1,hatchimals: adventures in hatchtopia
1934,Loo Loo Kids: Johny & Friends Musical Adventure,2016,all,16/100,1,0,0,0,tv_show,reality television,United States,English,10.0,tt0092400,16,16.0,1,loo loo kids: johny & friends musical adventure
1935,Under the Black Moonlight,2016,16+,16/100,1,0,0,0,tv_show,reality television,United States,English,10.0,tt0092400,16,16.0,1,under the black moonlight
1936,Running Man (Animated),2017,7+,16/100,1,0,0,0,tv_show,reality television,United States,English,10.0,tt0092400,16,7.0,1,running man (animated)
1937,Sleepless Society: Bedtime Wishes,2019,16+,16/100,1,0,0,0,tv_show,reality television,United States,English,10.0,tt0092400,16,16.0,1,sleepless society: bedtime wishes
1938,The Governor,2016,16+,14/100,1,0,0,0,tv_show,reality television,United States,English,10.0,tt0092400,14,16.0,1,the governor
1939,Dance & Sing with True,2018,16+,14/100,1,0,0,0,tv_show,reality television,United States,English,5.6,tt9315892,14,16.0,1,dance & sing with true
1940,Sin Ellas No Hay Paraíso,2013,16+,14/100,1,0,0,0,tv_show,reality television,United States,English,10.0,tt0092400,14,16.0,1,sin ellas no hay paraíso
1941,True: Magical Friends,2018,16+,14/100,1,0,0,0,tv_show,reality television,United States,English,10.0,tt0092400,14,16.0,1,true: magical friends
1942,The Princess Weiyoung - 锦绣未央,2016,16+,14/100,1,0,0,0,tv_show,reality television,United States,English,10.0,tt0092400,14,16.0,1,the princess weiyoung - 锦绣未央
1943,DreamWorks Spooky Stories Volume 2,2011,16+,14/100,1,0,0,0,tv_show,reality television,United States,English,10.0,tt0092400,14,16.0,1,dreamworks spooky stories volume 2
1944,The Family Court,2010,16+,14/100,1,0,0,0,tv_show,legal drama,Singapore,Chinese,10.0,tt9184102,14,16.0,1,the family court
1945,Million Yen Women,2017,16+,14/100,1,0,0,0,tv_show,romance film,Japan,Japanese,7.5,tt6686450,14,16.0,1,million yen women
1946,Argon,2017,16+,14/100,1,0,0,0,tv_show,reality television,United States,English,10.0,tt0092400,14,16.0,1,argon
1947,The Golden Path,2012,16+,13/100,1,0,0,0,tv_show,reality television,Singapore,Chinese,10.0,tt0092400,13,16.0,1,the golden path
1948,Road to Victory,2001,16+,13/100,1,0,0,0,tv_show,reality television,United States,English,10.0,tt0092400,13,16.0,1,road to victory
1949,My Little Baby,2016,16+,13/100,1,0,0,0,tv_show,comedy television series,South Korea,Korean,10.0,tt0092400,13,16.0,1,my little baby
1950,Ordinary Heroes,2013,16+,13/100,1,0,0,0,tv_show,reality television,United States,English,10.0,tt0092400,13,16.0,1,ordinary heroes
1951,Bal Ganesh,2012,16+,13/100,1,0,0,0,tv_show,reality television,United States,English,10.0,tt0092400,13,16.0,1,bal ganesh
1952,Cinta Si Wedding Planner,2015,16+,13/100,1,0,0,0,tv_show,reality television,United States,English,10.0,tt0092400,13,16.0,1,cinta si wedding planner
1953,Together,2009,16+,13/100,1,0,0,0,tv_show,reality television,United States,English,10.0,tt0092400,13,16.0,1,together
1954,Sons of the Caliphate,2016,16+,13/100,1,0,0,0,tv_show,drama television series,Nigeria,"English, Nigerian Pidgin",7.0,tt10202268,13,16.0,1,sons of the caliphate
1955,Paul Hollywood's Big Continental Road Trip,2017,16+,13/100,1,0,0,0,tv_show,travel documentary,United Kingdom,English,6.0,tt7936386,13,16.0,1,paul hollywood's big continental road trip
1956,The Confrontation,2018,16+,10/100,1,0,0,0,tv_show,reality television,United States,English,10.0,tt0092400,10,16.0,1,the confrontation
1957,Dhia Sofea,2014,16+,10/100,1,0,0,0,tv_show,reality television,United States,English,10.0,tt0092400,10,16.0,1,dhia sofea
1958,K-Pop Extreme Survival,2012,16+,10/100,1,0,0,0,tv_show,reality television,United States,English,10.0,tt0092400,10,16.0,1,k-pop extreme survival
1959,Be with Me,2015,16+,10/100,1,0,0,0,tv_show,reality television,Taiwan,English,7.5,tt6283636,10,16.0,1,be with me
1960,Rick and Morty,2013,18+,100/100,0,1,0,0,tv_show,reality television,United States,English,9.2/10,tt0092400,100,18.0,1,rick and morty
1962,Seinfeld,1989,16+,93/100,0,1,0,0,tv_show,"American television sitcom, comedy television program",United States,English,8.9,tt0098904,93,16.0,1,seinfeld
1963,Vikings,2013,18+,92/100,0,1,1,0,tv_show,"historical drama, war television series, action television series","Canada, Ireland","English, Old Norse, Old English",7.0,tt2306299,92,18.0,1,vikings
1964,Fargo,2014,18+,92/100,0,1,0,0,tv_show,"psychological thriller, comedy drama, crime television series",United States,English,9.0,tt2802850,92,18.0,1,fargo
1965,Brooklyn Nine-Nine,2013,16+,92/100,0,1,0,0,tv_show,"sitcom, police procedural",United States,English,10.0,tt2467372,92,16.0,1,brooklyn nine-nine
1966,Lost,2004,16+,91/100,0,1,0,0,tv_show,"science fiction television program, drama television series, adventure television series, thriller television series",United States,English,8.3,tt0411008,91,16.0,1,lost
1967,Parks and Recreation,2009,16+,91/100,0,1,0,0,tv_show,"sitcom, mockumentary",United States,English,8.0,tt1266020,91,16.0,1,parks and recreation
1968,The Simpsons,1989,7+,91/100,0,1,0,1,tv_show,reality television,United States,English,8.6/10,tt0092400,91,7.0,1,the simpsons
1970,It's Always Sunny in Philadelphia,2005,18+,90/100,0,1,0,0,tv_show,"sitcom, LGBT-related television series",United States,English,10.0,tt0472954,90,18.0,1,it's always sunny in philadelphia
1971,Firefly,2002,16+,90/100,0,1,0,0,tv_show,"space Western, science fiction television program, drama television series, space opera",United States,English,8.9,tt0303461,90,16.0,1,firefly
1972,My Hero Academia,2016,16+,90/100,0,1,0,0,tv_show,reality television,United States,English,8.4/10,tt0092400,90,16.0,1,my hero academia
1973,How I Met Your Mother,2005,16+,90/100,0,1,1,0,tv_show,"comedy drama, sitcom, romantic comedy television program",United States,English,8.0,tt0460649,90,16.0,1,how i met your mother
1974,Modern Family,2009,7+,90/100,0,1,0,0,tv_show,"sitcom, mockumentary, LGBT-related television series",United States,English,9.0,tt1442437,90,7.0,1,modern family
1975,The Handmaid's Tale,2017,18+,90/100,0,1,0,0,tv_show,"drama television series, dystopian fiction, LGBT-related television series, post-apocalyptic television program",United States,English,9.0,tt5834204,90,18.0,1,the handmaid's tale
1976,Twin Peaks,1990,18+,89/100,0,1,0,0,tv_show,"drama television series, thriller television series, horror television series, crime television series",United States,English,10.0,tt0098936,89,18.0,1,twin peaks
1977,Homeland,2011,18+,89/100,0,1,0,0,tv_show,"drama television series, thriller television series, espionage television series",United States,English,10.0,tt1796960,89,18.0,1,homeland
1978,Gravity Falls,2012,7+,88/100,0,1,0,1,tv_show,reality television,United States,English,10.0,tt3189976,88,7.0,1,gravity falls
1979,Futurama,1999,16+,88/100,0,1,0,0,tv_show,reality television,United States,English,8.4/10,tt0092400,88,16.0,1,futurama
1981,Sons of Anarchy,2008,18+,88/100,0,1,0,0,tv_show,"drama television series, crime television series, action television series, thriller television series",United States,English,10.0,tt1124373,88,18.0,1,sons of anarchy
1983,The X-Files,1993,18+,87/100,0,1,0,0,tv_show,"science fiction television program, thriller television series, horror television series, supernatural fiction",United States,English,10.0,tt0106179,87,18.0,1,the x-files
1984,Line of Duty,2012,18+,87/100,0,1,1,0,tv_show,"drama television series, police procedural",United Kingdom,English,8.0,tt2303687,87,18.0,1,line of duty
1985,Justified,2010,18+,87/100,0,1,0,0,tv_show,"drama television series, crime television series, action film, contemporary Western film",United States,Appalachian English,10.0,tt1489428,87,18.0,1,justified
1986,This Is Us,2016,16+,87/100,0,1,1,0,tv_show,comedy drama,United States,English,8.0,tt5555260,87,16.0,1,this is us
1987,Freaks and Geeks,1999,16+,87/100,0,1,0,0,tv_show,"teen drama television, comedy television series, drama television series, coming-of-age television program",United States,English,8.8,tt0193676,87,16.0,1,freaks and geeks
1988,Prison Break,2005,16+,87/100,0,1,1,0,tv_show,"drama television series, action television series, crime television series, thriller television series",United States,"English, Spanish, Arabic",8.3,tt0455275,87,16.0,1,prison break
1990,Scrubs,2001,16+,87/100,0,1,1,0,tv_show,"medical drama, sitcom",United States,English,9.0,tt0285403,87,16.0,1,scrubs
1991,What We Do in the Shadows,2019,18+,87/100,0,1,0,0,tv_show,"sitcom, comedy horror, horror fiction, mockumentary",United States,English,9.0,tt7908628,87,18.0,1,what we do in the shadows
1993,Archer,2009,18+,86/100,0,1,0,0,tv_show,reality television,United States,English,8.6/10,tt0092400,86,18.0,1,archer
1996,Killing Eve,2018,16+,86/100,0,1,0,0,tv_show,"thriller television series, LGBT-related television series, television series based on a novel, drama film","United States, United Kingdom",English,8.0,tt7016936,86,16.0,1,killing eve
1997,Adventure Time,2010,7+,86/100,0,1,0,0,tv_show,reality television,United States,English,8.6/10,tt0092400,86,7.0,1,adventure time
1998,24,2001,16+,86/100,0,1,0,0,tv_show,"crime television series, action television series, drama television series, espionage television series",United States,English,9.0,tt0285331,86,16.0,1,24
1999,The Twilight Zone,1959,7+,86/100,0,1,0,0,tv_show,"fantasy television series, science fiction television program, anthology series, horror television series",United States,English,10.0,tt0052520,86,7.0,1,the twilight zone
2000,Buffy the Vampire Slayer,1997,16+,86/100,0,1,1,0,tv_show,"fantasy television series, horror television series, drama television series, LGBT-related television series",United States,English,9.0,tt0118276,86,16.0,1,buffy the vampire slayer
2001,White Collar,2009,7+,85/100,0,1,0,0,tv_show,"police procedural, crime television series",United States,English,9.0,tt1358522,85,7.0,1,white collar
2002,Teen Wolf,2011,16+,85/100,0,1,1,0,tv_show,"fantasy television series, horror television series, adventure television series, youth series",United States,English,8.0,tt1567432,85,16.0,1,teen wolf
2004,The Shield,2002,18+,85/100,0,1,0,0,tv_show,"police procedural, drama television series",United States,English,10.0,tt0286486,85,18.0,1,the shield
2005,Bob's Burgers,2011,16+,85/100,0,1,0,0,tv_show,reality television,United States,English,8.1/10,tt0092400,85,16.0,1,bob's burgers
2006,30 Rock,2006,16+,84/100,0,1,1,0,tv_show,"sitcom, satirical film or television program",United States,English,9.0,tt0496424,84,16.0,1,30 rock
2007,Legion,2017,18+,84/100,0,1,0,0,tv_show,reality television,United States,English,8.2/10,tt0092400,84,18.0,1,legion
2008,Atlanta,2016,18+,84/100,0,1,0,0,tv_show,comedy drama,United States,English,9.0,tt4288182,84,18.0,1,atlanta
2010,The Office,2001,16+,84/100,0,1,1,0,tv_show,"sitcom, mockumentary",United Kingdom,English,8.5,tt0290978,84,16.0,1,the office
2012,Frasier,1993,7+,83/100,0,1,0,0,tv_show,American television sitcom,United States,English,8.2,tt0106004,83,7.0,1,frasier
2013,Pretty Little Liars,2010,16+,83/100,0,1,0,0,tv_show,"thriller television series, drama television series, LGBT-related television series, youth series",United States,English,8.0,tt1578873,83,16.0,1,pretty little liars
2014,Mr Inbetween,2018,18+,83/100,0,1,0,0,tv_show,reality television,Australia,English,9.0,tt7472896,83,18.0,1,mr inbetween
2015,Friday Night Lights,2006,7+,83/100,0,1,1,0,tv_show,drama television series,United States,English,10.0,tt0758745,83,7.0,1,friday night lights
2017,Taboo,2017,18+,83/100,0,1,0,0,tv_show,"drama television series, period drama film, thriller",United Kingdom,English,8.0,tt3647998,83,18.0,1,taboo
2019,Pride and Prejudice,1995,all,83/100,0,1,0,0,tv_show,"drama television series, romance television series",United Kingdom,English,10.0,tt0112130,83,16.0,1,pride and prejudice
2020,Normal People,2020,16+,83/100,0,1,0,0,tv_show,"drama television series, television series based on a novel, romance film, college life television program",Ireland,English,9.0,tt9059760,83,16.0,1,normal people
2021,Black Sails,2014,18+,83/100,0,1,0,0,tv_show,"drama television series, adventure television series, LGBT-related television series, pirate film",United States,English,9.0,tt2375692,83,18.0,1,black sails
2022,Elementary,2012,16+,83/100,0,1,0,0,tv_show,"crime television series, drama television series, detective television series",United States,English,10.0,tt2191671,83,16.0,1,elementary
2023,Veronica Mars,2004,16+,83/100,0,1,0,0,tv_show,"youth series, neo-noir, drama television series, crime television series",United States,English,10.0,tt0412253,83,16.0,1,veronica mars
2024,11.22.63,2016,18+,83/100,0,1,0,0,tv_show,"science fiction television program, thriller television series, drama television series, alternate history television series",United States,English,9.0,tt2879552,83,18.0,1,11.22.63
2025,Nathan For You,2013,16+,82/100,0,1,0,0,tv_show,comedy television series,United States,English,10.0,tt2297757,82,16.0,1,nathan for you
2026,Mr. Bean,1990,all,82/100,0,1,1,0,tv_show,"sitcom, physical comedy, family film, comedy film",United Kingdom,"English, no linguistic content",10.0,tt0096657,82,16.0,1,mr. bean
2027,Bones,2005,16+,82/100,0,1,1,0,tv_show,reality television,United States,English,7.8/10,tt0092400,82,16.0,1,bones
2028,The Killing,2011,18+,82/100,0,1,0,0,tv_show,"drama television series, neo-noir, mystery television series, thriller television series","United States, Canada",English,8.0,tt1637727,82,18.0,1,the killing
2030,Naruto Shippūden,2007,7+,82/100,0,1,0,0,tv_show,reality television,United States,English,8.6/10,tt0092400,82,7.0,1,naruto shippūden
2032,Burn Notice,2007,7+,82/100,0,1,1,0,tv_show,drama television series,United States,English,10.0,tt0810788,82,7.0,1,burn notice
2033,Steins;Gate,2011,16+,82/100,0,1,0,0,tv_show,reality television,United States,English,8.8/10,tt0092400,82,16.0,1,steins;gate
2034,Cosmos,2014,all,82/100,0,1,1,1,tv_show,reality television,United States,English,9.3/10,tt0092400,82,16.0,1,cosmos
2035,Family Guy,1999,16+,82/100,0,1,0,0,tv_show,reality television,United States,English,8.1/10,tt0092400,82,16.0,1,family guy
2036,Cheers,1982,7+,82/100,0,1,1,0,tv_show,comedy television series,United States,English,10.0,tt0083399,82,7.0,1,cheers
2037,DAVE,2020,18+,82/100,0,1,0,0,tv_show,reality television,United States,English,8.3/10,tt0092400,82,18.0,1,dave
2039,Misfits,2009,18+,81/100,0,1,0,0,tv_show,"science fiction television program, drama television series, comedy drama, coming-of-age television program",United Kingdom,English,9.0,tt1548850,81,18.0,1,misfits
2040,Peep Show,2003,18+,81/100,0,1,1,0,tv_show,sitcom,United Kingdom,English,10.0,tt0387764,81,18.0,1,peep show
2042,Criminal Minds,2005,16+,81/100,0,1,0,0,tv_show,"police procedural, drama television series, thriller television series",United States,English,8.1,tt0452046,81,16.0,1,criminal minds
2043,Superstore,2015,16+,81/100,0,1,0,0,tv_show,"sitcom, LGBT-related television series",United States,English,8.0,tt4477976,81,16.0,1,superstore
2044,Lie to Me,2009,16+,81/100,0,1,0,0,tv_show,"police procedural, drama television series",United States,English,8.0,tt1235099,81,16.0,1,lie to me
2047,The Orville,2017,16+,80/100,0,1,0,0,tv_show,"science fiction television program, adventure television series, comedy drama",United States,English,8.0,tt5691552,80,16.0,1,the orville
2049,Preacher,2016,18+,80/100,0,1,1,0,tv_show,"black comedy, horror television series, drama television series, paranormal television program",United States,English,8.0,tt5016504,80,18.0,1,preacher
2050,12 Monkeys,2015,16+,80/100,0,1,0,0,tv_show,"science fiction television program, post-apocalyptic television series, drama television series",United States,English,10.0,tt3148266,80,16.0,1,12 monkeys
2051,Dirk Gently's Holistic Detective Agency,2016,16+,80/100,0,1,0,0,tv_show,"time-travel television program, detective television series, comedy television series, television series based on a novel","United States, United Kingdom",English,9.0,tt4047038,80,16.0,1,dirk gently's holistic detective agency
2052,Smallville,2001,7+,80/100,0,1,0,0,tv_show,"superhero television program, drama television series, adventure television series, fantasy television series",United States,English,7.5,tt0279600,80,7.0,1,smallville
2054,RuPaul's Drag Race,2009,16+,80/100,0,1,0,0,tv_show,"reality television, talent show, LGBT-related television series",United States,English,8.0,tt1353056,80,16.0,1,rupaul's drag race
2055,Fear the Walking Dead,2015,18+,80/100,0,1,0,0,tv_show,"drama television series, horror television series, post-apocalyptic television series, zombie apocalyptic television program",United States,English,7.0,tt3743822,80,18.0,1,fear the walking dead
2056,"Love, Victor",2020,16+,80/100,0,1,0,0,tv_show,romantic comedy,United States,English,7.0,tt10166602,80,16.0,1,"love, victor"
2057,Cowboy Bebop,1998,16+,80/100,0,1,0,0,tv_show,"action television series, adventure television series, science fiction television program, space Western",United States,English,8.0,tt1267295,80,16.0,1,cowboy bebop
2058,Blue Bloods,2010,16+,80/100,0,1,0,0,tv_show,police procedural,United States,English,7.7,tt1595859,80,16.0,1,blue bloods
2059,Inside No. 9,2014,18+,80/100,0,1,0,0,tv_show,"comedy drama, anthology series, comedy television series",United Kingdom,English,10.0,tt2674806,80,18.0,1,inside no. 9
2060,Parenthood,2010,7+,79/100,0,1,0,0,tv_show,"comedy drama, drama television series, LGBT-related television series",United States,English,9.0,tt1416765,79,7.0,1,parenthood
2061,Desperate Housewives,2004,7+,79/100,0,1,0,0,tv_show,"comedy drama, soap opera",United States,English,10.0,tt0410975,79,7.0,1,desperate housewives
2062,Broad City,2014,18+,79/100,0,1,0,0,tv_show,"American television sitcom, LGBT-related television series",United States,English,10.0,tt2578560,79,18.0,1,broad city
2064,Boston Legal,2004,16+,79/100,0,1,0,0,tv_show,"comedy drama, legal drama, satire, black comedy",United States,English,10.0,tt0402711,79,16.0,1,boston legal
2065,Revenge,2011,18+,79/100,0,1,0,0,tv_show,"soap opera, LGBT-related television series",United States,English,9.0,tt1837642,79,18.0,1,revenge
2066,Samurai Champloo,2004,18+,79/100,0,1,0,0,tv_show,reality television,United States,English,8.5/10,tt0092400,79,18.0,1,samurai champloo
2067,Workaholics,2011,16+,79/100,0,1,1,0,tv_show,American television sitcom,United States,English,9.0,tt1610527,79,16.0,1,workaholics
2068,The Act,2019,18+,79/100,0,1,0,0,tv_show,"true crime, drama film, anthology series",United States,English,10.0,tt8682948,79,18.0,1,the act
2069,The Fosters,2013,16+,79/100,0,1,1,0,tv_show,"drama television series, LGBT-related television series",United States,English,8.0,tt2262532,79,16.0,1,the fosters
2070,Younger,2015,16+,79/100,0,1,0,0,tv_show,"American television sitcom, LGBT-related television series",United States,English,7.7,tt3288518,79,16.0,1,younger
2071,The Good Doctor,2017,16+,79/100,0,1,0,0,tv_show,medical drama,United States,English,7.0,tt6470478,79,16.0,1,the good doctor
2072,Terminator: The Sarah Connor Chronicles,2008,7+,79/100,0,1,0,0,tv_show,"science fiction television program, action television series, drama television series",United States,English,8.0,tt0851851,79,7.0,1,terminator: the sarah connor chronicles
2073,Angel,1999,7+,79/100,0,1,1,0,tv_show,reality television,United States,English,7.9/10,tt0092400,79,7.0,1,angel
2074,09-01-2001,2018,16+,79/100,0,1,0,0,tv_show,reality television,United States,English,7.8/10,tt0092400,79,16.0,1,09-01-2001
2075,Snowfall,2017,18+,78/100,0,1,0,0,tv_show,drama television series,United States,English,8.0,tt6439752,78,18.0,1,snowfall
2076,The Venture Bros.,2004,18+,78/100,0,1,0,0,tv_show,reality television,United States,English,8.5/10,tt0092400,78,18.0,1,the venture bros.
2077,The Strain,2014,18+,78/100,0,1,0,0,tv_show,"horror television series, television series based on a novel, vampire television program",United States,English,7.3,tt2654620,78,18.0,1,the strain
2078,The Terror,2018,18+,78/100,0,1,1,0,tv_show,"drama television series, horror television series, thriller television series, anthology series",United States,English,6.0,tt2708480,78,18.0,1,the terror
2079,Zoey's Extraordinary Playlist,2020,16+,78/100,0,1,0,0,tv_show,comedy drama,United States,English,9.0,tt10314462,78,16.0,1,zoey's extraordinary playlist
2080,The League,2009,18+,78/100,0,1,0,0,tv_show,sitcom,United States,English,8.0,tt1480684,78,18.0,1,the league
2082,Key & Peele,2012,18+,78/100,0,1,0,0,tv_show,reality television,United States,English,10.0,tt1981558,78,18.0,1,key & peele
2083,Malcolm in the Middle,2000,7+,78/100,0,1,0,0,tv_show,"sitcom, black comedy",United States,English,8.2,tt0212671,78,7.0,1,malcolm in the middle
2084,Dollhouse,2009,16+,78/100,0,1,0,0,tv_show,"science fiction television program, thriller television series, drama television series, cyberpunk",United States,English,10.0,tt1135300,78,16.0,1,dollhouse
2085,This Way Up,2019,16+,78/100,0,1,0,0,tv_show,reality television,United Kingdom,English,8.0,tt8430356,78,16.0,1,this way up
2086,The Great,2020,18+,78/100,0,1,0,0,tv_show,reality television,United States,English,8.1/10,tt0092400,78,18.0,1,the great
2087,My Name Is Earl,2005,16+,78/100,0,1,0,0,tv_show,sitcom,United States,English,7.8,tt0460091,78,16.0,1,my name is earl
2088,Scandal,2012,16+,78/100,0,1,0,0,tv_show,"drama television series, thriller television series, LGBT-related television series",United States,English,7.7,tt1837576,78,16.0,1,scandal
2089,Motherland: Fort Salem,2020,16+,78/100,0,1,0,0,tv_show,"drama television series, LGBT-related television series, alternate history television series",United States,English,9.0,tt9900092,78,16.0,1,motherland: fort salem
2090,Awkward.,2011,16+,78/100,0,1,0,0,tv_show,"comedy drama, youth series",United States,English,7.0,tt1663676,78,16.0,1,awkward.
2091,Raising Hope,2010,16+,78/100,0,1,0,0,tv_show,"American television sitcom, sitcom",United States,English,10.0,tt1615919,78,16.0,1,raising hope
2092,Law & Order: Special Victims Unit,1999,16+,78/100,0,1,0,0,tv_show,"police procedural, legal drama, crime television series, thriller television series",United States,English,8.1,tt0203259,78,16.0,1,law & order: special victims unit
2093,Castle Rock,2018,18+,77/100,0,1,0,0,tv_show,"horror television series, supernatural horror film, thriller television series",United States,English,7.0,tt6548228,77,18.0,1,castle rock
2094,The Last Ship,2014,16+,77/100,0,1,0,0,tv_show,"post-apocalyptic television series, drama television series, action television series",United States,English,7.4,tt2402207,77,16.0,1,the last ship
2095,Cruel Summer,2021,16+,77/100,0,1,1,0,tv_show,"drama television series, thriller television series, anthology series",United States,English,8.0,tt11083696,77,16.0,1,cruel summer
2096,Chicago Fire,2012,16+,77/100,0,1,0,0,tv_show,drama television series,United States,English,8.0,tt2261391,77,16.0,1,chicago fire
2097,Better Off Ted,2009,7+,77/100,0,1,0,0,tv_show,"satirical film or television program, American television sitcom, black comedy",United States,English,10.0,tt1235547,77,7.0,1,better off ted
2098,Prodigal Son,2019,16+,77/100,0,1,0,0,tv_show,"drama television series, police television drama",United States,English,7.0,tt10327354,77,16.0,1,prodigal son
2099,Timeless,2016,7+,77/100,0,1,0,0,tv_show,"action television series, drama television series, science fiction television program",United States,English,9.0,tt5511582,77,7.0,1,timeless
2100,Devs,2020,18+,77/100,0,1,0,0,tv_show,reality television,United States,English,7.7/10,tt0092400,77,18.0,1,devs
2103,You're the Worst,2014,18+,77/100,0,1,0,0,tv_show,"comedy drama, romantic comedy, raunchy comedy television program",United States,English,8.0,tt3228420,77,18.0,1,you're the worst
2104,Elfen Lied,2004,18+,77/100,0,1,1,0,tv_show,reality television,United States,English,8.0/10,tt0092400,77,18.0,1,elfen lied
2105,Please Like Me,2013,18+,77/100,0,1,0,0,tv_show,"comedy television series, LGBT-related television series",Australia,English,9.0,tt2155025,77,18.0,1,please like me
2106,Lethal Weapon,2016,16+,77/100,0,1,0,0,tv_show,"action television series, police procedural, comedy drama",United States,English,10.0,tt5164196,77,16.0,1,lethal weapon
2107,The Last Man on Earth,2015,16+,77/100,0,1,0,0,tv_show,"science fiction television program, American television sitcom, post-apocalyptic television series, comedy television series",United States,English,9.0,tt3230454,77,16.0,1,the last man on earth
2108,TRIGUN,1998,16+,77/100,0,1,0,0,tv_show,reality television,United States,English,8.3/10,tt0092400,77,16.0,1,trigun
2109,My So-Called Life,1994,16+,76/100,0,1,0,0,tv_show,"teen drama television, drama television series",United States,English,8.4,tt0108872,76,16.0,1,my so-called life
2110,Little Fires Everywhere,2020,18+,76/100,0,1,0,0,tv_show,reality television,United States,English,7.7/10,tt0092400,76,18.0,1,little fires everywhere
2111,The Librarians,2014,16+,76/100,0,1,0,0,tv_show,"science fiction television program, adventure television series, fantasy television series",United States,English,8.0,tt3663490,76,16.0,1,the librarians
2112,In the Flesh,2013,18+,76/100,0,1,0,0,tv_show,"drama television series, fantasy television series, LGBT-related television series",United Kingdom,British English,10.0,tt2480514,76,18.0,1,in the flesh
2113,The Exorcist,2016,16+,76/100,0,1,0,0,tv_show,"horror television series, drama television series, LGBT-related television series, television series based on a novel",United States,English,8.0,tt5368542,76,16.0,1,the exorcist
2114,American Dad!,2005,16+,76/100,0,1,0,0,tv_show,reality television,United States,English,7.3/10,tt0092400,76,16.0,1,american dad!
2115,Ramy,2019,18+,76/100,0,1,0,0,tv_show,comedy drama,United States,"English, Arabic",10.0,tt7649694,76,18.0,1,ramy
2116,Chicago P.D.,2014,16+,76/100,0,1,0,0,tv_show,"police procedural, drama television series, crime television series, action film",United States,English,8.0,tt2805096,76,16.0,1,chicago p.d.
2117,Stargate Atlantis,2004,7+,76/100,0,1,1,0,tv_show,"science fiction television program, adventure television series","United States, Canada",English,8.1,tt0374455,76,7.0,1,stargate atlantis
2118,Marvel's Runaways,2017,16+,76/100,0,1,0,1,tv_show,"action television series, fantasy television series, LGBT-related television series, science fiction television program",United States,English,9.0,tt1236246,76,16.0,1,marvel's runaways
2119,Rescue Me,2004,18+,76/100,0,1,0,0,tv_show,comedy drama,United States,English,8.3,tt0381798,76,18.0,1,rescue me
2120,Shadowhunters,2016,16+,76/100,0,1,0,0,tv_show,"fantasy television series, LGBT-related television series, adventure television series, horror television series",United States,English,5.0,tt4145054,76,16.0,1,shadowhunters
2122,Everybody Hates Chris,2005,7+,76/100,0,1,0,0,tv_show,"teen sitcom, American television sitcom",United States,English,7.6,tt0460637,76,7.0,1,everybody hates chris
2123,Stargate Universe,2009,16+,76/100,0,1,0,0,tv_show,"science fiction television program, drama television series, adventure television series","United States, Canada",English,8.0,tt1286039,76,16.0,1,stargate universe
2124,PEN15,2019,18+,76/100,0,1,0,0,tv_show,comedy television series,United States,English,9.0,tt8324422,76,18.0,1,pen15
2125,My Mad Fat Diary,2013,16+,76/100,0,1,0,0,tv_show,comedy drama,United Kingdom,English,10.0,tt2407574,76,16.0,1,my mad fat diary
2126,RuPaul's Drag Race All Stars,2012,16+,76/100,0,1,0,0,tv_show,"reality television, game show, LGBT-related television series",United States,English,10.0,tt2301351,76,16.0,1,rupaul's drag race all stars
2127,The Gifted,2017,16+,75/100,0,1,0,0,tv_show,"fantasy television series, science fiction television program, adventure television series, action television series",United States,English,7.0,tt4396630,75,16.0,1,the gifted
2128,Future Man,2017,18+,75/100,0,1,0,0,tv_show,"science fiction television program, time-travel television program",United States,English,8.0,tt4975856,75,18.0,1,future man
2129,Prime Suspect,1991,18+,75/100,0,1,0,0,tv_show,"drama television series, police procedural",United Kingdom,English,9.0,tt0098898,75,18.0,1,prime suspect
2131,Better Things,2016,18+,75/100,0,1,0,0,tv_show,comedy television series,United States,English,10.0,tt4370596,75,18.0,1,better things
2132,Sleepy Hollow,2013,16+,75/100,0,1,0,0,tv_show,"fantasy television series, drama television series, film based on literature",United States,English,6.0,tt2647544,75,16.0,1,sleepy hollow
2133,Regular Show,2010,7+,75/100,0,1,0,0,tv_show,reality television,United States,English,8.4/10,tt0092400,75,7.0,1,regular show
2134,M*A*S*H,1972,7+,75/100,0,1,0,0,tv_show,"medical drama, comedy television program, war film, black comedy",United States,English,8.5,tt0068098,75,7.0,1,m*a*s*h
2135,Top of the Lake,2013,18+,75/100,0,1,0,0,tv_show,"drama fiction, crime film","New Zealand, United Kingdom, Australia",English,8.0,tt2103085,75,18.0,1,top of the lake
2136,Switched at Birth,2011,16+,75/100,0,1,0,0,tv_show,drama television series,United States,"English, American Sign Language",9.0,tt1758772,75,16.0,1,switched at birth
2137,Wayward Pines,2015,16+,75/100,0,1,0,0,tv_show,science fiction television program,United States,English,8.0,tt2618986,75,16.0,1,wayward pines
2138,Saturday Night Live,1975,16+,75/100,0,1,0,0,tv_show,"sketch show, stand-up comedy, humor, political satire",United States,English,8.0,tt0072562,75,16.0,1,saturday night live
2139,Staged,2020,16+,75/100,0,1,0,0,tv_show,comedy,United Kingdom,English,10.0,tt12369754,75,16.0,1,staged
2140,Dragon Ball Super,2015,7+,75/100,0,1,0,0,tv_show,reality television,United States,English,8.4/10,tt0092400,75,7.0,1,dragon ball super
2141,Fresh Off the Boat,2015,7+,75/100,0,1,0,0,tv_show,"comedy television series, American television sitcom",United States,"English, Chinese",7.7,tt3551096,75,7.0,1,fresh off the boat
2142,The Mighty Boosh,2004,16+,75/100,0,1,0,0,tv_show,comedy television series,United Kingdom,English,8.4,tt0416394,75,16.0,1,the mighty boosh
2143,Cardinal,2017,18+,74/100,0,1,0,0,tv_show,reality television,United States,English,7.7/10,tt0092400,74,18.0,1,cardinal
2144,Absolutely Fabulous,1992,16+,74/100,0,1,0,0,tv_show,sitcom,United Kingdom,English,8.2,tt0105929,74,16.0,1,absolutely fabulous
2145,Letterkenny,2016,18+,74/100,0,1,0,0,tv_show,reality television,Canada,English,9.0,tt4647692,74,18.0,1,letterkenny
2146,Scream Queens,2015,16+,74/100,0,1,0,0,tv_show,"horror television series, comedy television series, LGBT-related television series, college life television program",United States,English,7.0,tt4145384,74,16.0,1,scream queens
2147,Wilfred,2011,18+,74/100,0,1,0,0,tv_show,sitcom,United States,English,10.0,tt1703925,74,18.0,1,wilfred
2148,Deutschland,2015,18+,74/100,0,1,0,0,tv_show,reality television,United States,English,8.1/10,tt0092400,74,18.0,1,deutschland
2149,Empire,2015,16+,74/100,0,1,0,0,tv_show,reality television,United States,English,7.4/10,tt0092400,74,16.0,1,empire
2150,Brockmire,2017,18+,74/100,0,1,0,0,tv_show,comedy television series,United States,English,10.0,tt5722190,74,18.0,1,brockmire
2151,The Unit,2006,16+,74/100,0,1,0,0,tv_show,"action television series, film based on book",United States,English,10.0,tt0460690,74,16.0,1,the unit
2152,Genius,2017,16+,74/100,1,1,1,1,tv_show,television documentary,United States,English,8.2,tt5673782,74,16.0,1,genius
2153,Mayans M.C.,2018,18+,74/100,0,1,0,0,tv_show,"drama television series, crime television series",United States,English,6.0,tt5715524,74,18.0,1,mayans m.c.
2154,black-ish,2014,16+,74/100,0,1,0,0,tv_show,sitcom,United States,English,10.0,tt3487356,74,16.0,1,black-ish
2155,CSI: Crime Scene Investigation,2000,16+,74/100,0,1,0,0,tv_show,"police procedural, drama television series, thriller television series",United States,English,7.7,tt0247082,74,16.0,1,csi: crime scene investigation
2157,Tokyo Ghoul,2014,16+,74/100,0,1,0,0,tv_show,reality television,United States,English,7.8/10,tt0092400,74,16.0,1,tokyo ghoul
2158,MythBusters,2003,7+,74/100,0,1,0,0,tv_show,factual television program,"United States, Australia",English,8.3,tt0383126,74,7.0,1,mythbusters
2159,Don't Trust the B---- in Apartment 23,2012,16+,74/100,0,1,0,0,tv_show,American television sitcom,United States,English,8.0,tt1819509,74,16.0,1,don't trust the b---- in apartment 23
2160,Sailor Moon,1992,16+,74/100,0,1,0,0,tv_show,reality television,United States,English,7.8/10,tt0092400,74,16.0,1,sailor moon
2161,One Tree Hill,2003,16+,74/100,0,1,0,0,tv_show,"soap opera, youth series",United States,English,8.0,tt0368530,74,16.0,1,one tree hill
2162,Nip/Tuck,2003,18+,74/100,0,1,0,0,tv_show,"medical drama, LGBT-related television series",United States,English,7.7,tt0361217,74,18.0,1,nip/tuck
2163,Looking for Alaska,2019,18+,74/100,0,1,0,0,tv_show,reality television,United States,English,8.1/10,tt0092400,74,18.0,1,looking for alaska
2164,New Amsterdam,2018,16+,74/100,0,1,0,0,tv_show,"medical drama, drama film",United States,English,7.0,tt7817340,74,16.0,1,new amsterdam
2165,The Golden Girls,1985,7+,74/100,0,1,0,0,tv_show,sitcom,United States,English,10.0,tt0088526,74,7.0,1,the golden girls
2167,Cougar Town,2009,7+,73/100,0,1,1,0,tv_show,sitcom,United States,English,7.0,tt1441109,73,7.0,1,cougar town
2168,The Purge,2018,18+,73/100,0,1,0,0,tv_show,horror television series,United States,English,10.0,tt6110648,73,18.0,1,the purge
2169,Catch-22,2019,18+,73/100,0,1,1,0,tv_show,"war television series, television series based on a novel",United States,English,6.0,tt7642246,73,18.0,1,catch-22
2170,The Rookie,2018,16+,73/100,0,1,0,1,tv_show,"drama television series, police procedural, action television series",United States,English,9.0,tt7587890,73,16.0,1,the rookie
2171,Married... with Children,1987,7+,73/100,0,1,0,0,tv_show,sitcom,United States,English,8.1,tt0092400,73,7.0,1,married... with children
2173,The Looming Tower,2018,18+,73/100,0,1,0,0,tv_show,reality television,United States,English,8.0/10,tt0092400,73,18.0,1,the looming tower
2174,Blindspot,2015,16+,73/100,0,1,0,0,tv_show,"police procedural, drama television series, thriller television series",United States,English,6.0,tt4474344,73,16.0,1,blindspot
2175,Steven Universe,2013,7+,73/100,0,1,0,0,tv_show,reality television,United States,English,8.2/10,tt0092400,73,7.0,1,steven universe
2176,Nashville,2012,7+,73/100,0,1,0,0,tv_show,"comedy drama, LGBT-related television series",United States,English,7.0,tt2281375,73,7.0,1,nashville
2177,Salem,2014,18+,73/100,0,1,0,0,tv_show,"paranormal television program, period drama film, horror television series",United States,English,8.0,tt2963254,73,18.0,1,salem
2179,The Mindy Project,2012,7+,73/100,0,1,0,0,tv_show,"American television sitcom, LGBT-related television series",United States,English,7.0,tt2211129,73,7.0,1,the mindy project
2180,Mrs. America,2020,18+,73/100,0,1,0,0,tv_show,drama film,United States,English,9.0,tt9244556,73,18.0,1,mrs. america
2181,The Middle,2009,7+,73/100,0,1,0,0,tv_show,"comedy television series, sitcom",United States,English,9.0,tt1442464,73,7.0,1,the middle
2182,Roseanne,1988,7+,73/100,0,1,1,0,tv_show,American television sitcom,United States,English,7.1,tt0094540,73,7.0,1,roseanne
2183,Black Clover,2017,16+,73/100,0,1,0,0,tv_show,reality television,United States,English,8.3/10,tt0092400,73,16.0,1,black clover
2184,Witches of East End,2013,16+,73/100,0,1,0,0,tv_show,"comedy drama, television series based on a novel, fantasy television series",United States,English,10.0,tt2288064,73,16.0,1,witches of east end
2185,Whitechapel,2009,7+,73/100,0,1,0,0,tv_show,"police procedural, drama television series, detective fiction",United Kingdom,English,8.0,tt1186356,73,7.0,1,whitechapel
2186,Stumptown,2019,16+,73/100,0,1,0,0,tv_show,reality television,United States,English,9.0,tt10313066,73,16.0,1,stumptown
2187,I Love Lucy,1951,all,72/100,0,1,0,0,tv_show,"American television sitcom, comedy television series, sitcom",United States,English,8.5,tt0043208,72,16.0,1,i love lucy
2188,Harlots,2017,18+,72/100,0,1,0,0,tv_show,drama film,United Kingdom,English,10.0,tt5761478,72,18.0,1,harlots
2189,UnREAL,2015,16+,72/100,0,1,0,0,tv_show,"comedy drama, black comedy, LGBT-related television series",United States,English,8.0,tt3314218,72,16.0,1,unreal
2192,The Wonder Years,1988,7+,72/100,0,1,0,0,tv_show,"comedy drama, comedy television series, youth series",United States,English,8.3,tt0094582,72,7.0,1,the wonder years
2193,Graceland,2013,16+,72/100,0,1,0,0,tv_show,drama television series,United States,English,8.0,tt2393813,72,16.0,1,graceland
2194,Anthony Bourdain: No Reservations,2005,7+,72/100,0,1,0,0,tv_show,travel television show,United States,English,10.0,tt0475900,72,7.0,1,anthony bourdain: no reservations
2195,Ugly Betty,2006,7+,72/100,0,1,0,0,tv_show,"comedy drama, LGBT-related television series",United States,English,10.0,tt0805669,72,7.0,1,ugly betty
2196,Marvel's Cloak & Dagger,2018,16+,72/100,0,1,0,0,tv_show,"action television series, adventure television series, romance television series, science fiction television program",United States,English,7.0,tt5614844,72,16.0,1,marvel's cloak & dagger
2197,The Bold Type,2017,16+,72/100,0,1,0,0,tv_show,"comedy drama, LGBT-related television series",United States,English,7.0,tt6116060,72,16.0,1,the bold type
2198,The Resident,2018,16+,72/100,0,1,1,0,tv_show,medical drama,United States,English,9.0,tt6483832,72,16.0,1,the resident
2199,Dragon Ball,1996,16+,72/100,0,1,0,0,tv_show,reality television,United States,English,8.5/10,tt0092400,72,16.0,1,dragon ball
2200,The Goldbergs,2013,7+,72/100,0,1,0,0,tv_show,American television sitcom,United States,English,10.0,tt2712740,72,7.0,1,the goldbergs
2201,Terriers,2010,18+,72/100,0,1,0,0,tv_show,comedy drama,United States,English,10.0,tt1493239,72,18.0,1,terriers
2202,American Horror Stories,2021,18+,72/100,0,1,0,0,tv_show,"horror television series, thriller film",United States,English,5.0,tt12306692,72,18.0,1,american horror stories
2203,ER,1994,16+,72/100,0,1,0,0,tv_show,reality television,United States,English,7.7/10,tt0092400,72,16.0,1,er
2204,Fairy Tail,2009,16+,72/100,0,1,0,0,tv_show,reality television,United States,English,8.0/10,tt0092400,72,16.0,1,fairy tail
2206,Bunheads,2012,16+,72/100,0,1,0,0,tv_show,comedy drama,United States,English,10.0,tt2006848,72,16.0,1,bunheads
2207,High Fidelity,2020,18+,72/100,0,1,0,0,tv_show,"romantic comedy, television series based on a novel",United States,English,10.0,tt8577458,72,18.0,1,high fidelity
2209,Horace and Pete,2016,18+,72/100,0,1,0,0,tv_show,reality television,United States,English,8.5/10,tt0092400,72,18.0,1,horace and pete
2210,The Amazing World of Gumball,2011,7+,71/100,0,1,0,0,tv_show,reality television,United States,English,8.2/10,tt0092400,71,7.0,1,the amazing world of gumball
2211,Blackadder,1983,7+,71/100,0,1,1,0,tv_show,"comedy television series, alternate history television series, historical television series",United Kingdom,English,8.0,tt0084988,71,7.0,1,blackadder
2212,Hell's Kitchen,2005,16+,71/100,0,1,1,0,tv_show,"reality television, cooking show",United States,English,8.0,tt0437005,71,16.0,1,hell's kitchen
2213,Robot Chicken,2005,18+,71/100,0,1,0,0,tv_show,reality television,United States,English,7.7/10,tt0092400,71,18.0,1,robot chicken
2214,People of Earth,2016,18+,71/100,0,1,0,0,tv_show,"science fiction television program, comedy television series",United States,English,7.7,tt4695530,71,18.0,1,people of earth
2215,Boruto: Naruto Next Generations,2017,16+,71/100,0,1,0,0,tv_show,reality television,United States,English,7.0/10,tt0092400,71,16.0,1,boruto: naruto next generations
2216,The Musketeers,2014,16+,71/100,0,1,0,0,tv_show,"drama television series, swashbuckler film, television series based on a novel",United Kingdom,English,8.0,tt2733252,71,16.0,1,the musketeers
2218,Sesame Street,1969,all,71/100,0,1,1,0,tv_show,"sketch comedy, children's television series, educational television, puppet show",United States,English,8.1,tt0063951,71,16.0,1,sesame street
2219,Shrill,2019,18+,71/100,0,1,0,0,tv_show,LGBT-related television series,United States,English,6.0,tt8962130,71,18.0,1,shrill
2220,LEGO Masters,2020,7+,71/100,0,1,0,0,tv_show,reality television,United Kingdom,English,5.0,tt7332868,71,7.0,1,lego masters
2221,Good Behavior,2016,18+,71/100,0,1,0,0,tv_show,"drama television series, television series based on a novel",United States,English,9.0,tt4855114,71,18.0,1,good behavior
2222,Murdoch Mysteries,2008,7+,71/100,0,1,0,0,tv_show,"police procedural, historical fiction",Canada,English,10.0,tt1091909,71,7.0,1,murdoch mysteries
2223,Full House,1987,all,71/100,0,1,0,0,tv_show,"American television sitcom, sitcom, drama film, family film",United States,English,6.8,tt0092359,71,16.0,1,full house
2224,Mom,2013,16+,71/100,1,1,0,0,tv_show,sitcom,United States,English,10.0,tt2660806,71,16.0,1,mom
2227,Will & Grace,1998,16+,71/100,0,1,0,0,tv_show,"sitcom, LGBT-related television series",United States,English,7.4,tt0157246,71,16.0,1,will & grace
2228,King of the Hill,1997,7+,71/100,0,1,0,0,tv_show,reality television,United States,English,7.3/10,tt0092400,71,7.0,1,king of the hill
2229,Doc Martin,2004,7+,71/100,0,1,0,0,tv_show,"medical drama, drama television series, romantic television drama",United Kingdom,English,8.4,tt0408381,71,7.0,1,doc martin
2230,Impractical Jokers,2011,16+,71/100,0,1,0,0,tv_show,"reality television, comedy television series",United States,English,8.0,tt2100976,71,16.0,1,impractical jokers
2231,Debris,2021,16+,71/100,0,1,0,0,tv_show,science fiction television program,United States,English,7.0,tt11640020,71,16.0,1,debris
2233,Solar Opposites,2020,18+,70/100,0,1,0,0,tv_show,reality television,United States,English,8.0/10,tt0092400,70,18.0,1,solar opposites
2234,Trust,2018,18+,70/100,0,1,0,0,tv_show,reality television,United States,English,7.6/10,tt0092400,70,18.0,1,trust
2235,SIX,2017,18+,70/100,0,1,0,0,tv_show,reality television,United States,English,7.3/10,tt0092400,70,18.0,1,six
2236,Last Man Standing,2011,7+,70/100,0,1,0,0,tv_show,American television sitcom,United States,English,7.0,tt1828327,70,7.0,1,last man standing
2237,Body of Proof,2011,16+,70/100,0,1,0,0,tv_show,"comedy drama, police procedural, medical drama",United States,English,8.0,tt1587669,70,16.0,1,body of proof
2238,The Hitchhiker's Guide to the Galaxy,1981,7+,70/100,0,1,1,0,tv_show,reality television,United States,English,8.0/10,tt0092400,70,7.0,1,the hitchhiker's guide to the galaxy
2239,Afro Samurai,2007,18+,70/100,0,1,0,0,tv_show,reality television,United States,English,7.7/10,tt0092400,70,18.0,1,afro samurai
2240,S.W.A.T.,2017,16+,70/100,0,1,0,0,tv_show,"thriller television series, action film",United States,English,6.0,tt6111130,70,16.0,1,s.w.a.t.
2241,A Million Little Things,2018,16+,70/100,0,1,0,0,tv_show,"family drama, comedy drama",United States,English,7.0,tt7608248,70,16.0,1,a million little things
2242,For Life,2020,16+,70/100,0,1,0,0,tv_show,"police television drama, legal drama, thriller television series",United States,English,6.0,tt10327830,70,16.0,1,for life
2243,Battlestar Galactica,1978,7+,70/100,0,1,0,0,tv_show,science fiction television program,United States,English,7.2,tt0076984,70,7.0,1,battlestar galactica
2244,Alfred Hitchcock Presents,1955,16+,70/100,0,1,0,0,tv_show,"anthology series, thriller television series, horror television series",United States,English,8.5,tt0047708,70,16.0,1,alfred hitchcock presents
2246,Flashpoint,2008,16+,70/100,0,1,1,0,tv_show,"police television drama, adventure television series","Canada, United States","English, Canadian English",10.0,tt1059475,70,16.0,1,flashpoint
2247,The Detour,2016,18+,70/100,0,1,0,0,tv_show,sitcom,United States,English,8.0,tt4903242,70,18.0,1,the detour
2248,Greek,2007,16+,70/100,0,1,0,0,tv_show,reality television,United States,English,7.5/10,tt0092400,70,16.0,1,greek
2249,Casual,2015,18+,70/100,0,1,0,0,tv_show,"comedy drama, LGBT-related television series",United States,English,6.0,tt4577466,70,18.0,1,casual
2250,Mary Kills People,2017,18+,70/100,0,1,0,0,tv_show,drama,Canada,English,9.0,tt6236572,70,18.0,1,mary kills people
2251,Mushi-Shi,2005,16+,70/100,0,1,1,0,tv_show,reality television,United States,English,8.5/10,tt0092400,70,16.0,1,mushi-shi
2252,Baskets,2016,18+,70/100,0,1,0,0,tv_show,"comedy television series, LGBT-related television series",United States,English,9.0,tt3468798,70,18.0,1,baskets
2253,Touch,2012,16+,70/100,0,1,1,0,tv_show,reality television,United States,English,7.3/10,tt0092400,70,16.0,1,touch
2254,Rurouni Kenshin,1996,16+,70/100,0,1,1,0,tv_show,reality television,United States,English,8.5/10,tt0092400,70,16.0,1,rurouni kenshin
2255,Big Sky,2020,16+,70/100,0,1,1,0,tv_show,television series based on a novel,United States,English,6.0,tt11794642,70,16.0,1,big sky
2256,The Wrong Mans,2013,18+,70/100,0,1,0,0,tv_show,comedy drama,United Kingdom,English,7.7,tt2603596,70,18.0,1,the wrong mans
2257,Chance,2016,18+,69/100,0,1,0,0,tv_show,reality television,United States,English,7.7/10,tt0092400,69,18.0,1,chance
2258,The Split,2018,18+,69/100,0,1,0,0,tv_show,"drama television series, legal drama",United Kingdom,English,10.0,tt7631146,69,18.0,1,the split
2259,Make It or Break It,2009,16+,69/100,0,1,0,0,tv_show,"drama television series, youth series",United States,English,9.0,tt1332030,69,16.0,1,make it or break it
2261,Das Boot,2018,18+,69/100,0,1,0,0,tv_show,reality television,Germany,German,9.0,tt5830254,69,18.0,1,das boot
2262,Legit,2013,18+,69/100,0,1,0,0,tv_show,comedy television series,United States,English,9.0,tt2400391,69,18.0,1,legit
2263,Breeders,2020,18+,69/100,0,1,0,0,tv_show,comedy television program,United Kingdom,English,8.0,tt8129450,69,18.0,1,breeders
2264,Queen Sugar,2016,16+,69/100,0,1,0,0,tv_show,LGBT-related television series,United States,English,7.0,tt4419214,69,16.0,1,queen sugar
2265,Drake & Josh,2004,all,69/100,0,1,0,0,tv_show,teen sitcom,United States,English,7.7,tt0363328,69,16.0,1,drake & josh
2266,MasterChef,2010,16+,69/100,0,1,0,0,tv_show,"reality television, cooking show",United States,English,2.0,tt1694423,69,16.0,1,masterchef
2267,Young Rock,2021,16+,69/100,0,1,0,0,tv_show,reality television,United States,English,5.0,tt11639952,69,16.0,1,young rock
2268,The Eric Andre Show,2012,18+,69/100,0,1,0,0,tv_show,comedy,United States,English,10.0,tt2244495,69,18.0,1,the eric andre show
2269,Animaniacs,1993,all,69/100,0,1,0,0,tv_show,reality television,United States,English,7.9/10,tt0092400,69,16.0,1,animaniacs
2270,Man Seeking Woman,2015,18+,69/100,0,1,0,0,tv_show,sitcom,United States,English,8.0,tt4189492,69,18.0,1,man seeking woman
2272,Pretty Little Liars: The Perfectionists,2019,16+,69/100,0,1,0,0,tv_show,"teen drama television, thriller television series, mystery television series, LGBT-related television series",United States,English,7.0,tt7413448,69,16.0,1,pretty little liars: the perfectionists
2273,Yu Yu Hakusho,1992,16+,69/100,0,1,0,0,tv_show,reality television,United States,English,8.4/10,tt0092400,69,16.0,1,yu yu hakusho
2274,Brassic,2019,16+,69/100,0,1,0,0,tv_show,reality television,United States,English,8.3/10,tt0092400,69,16.0,1,brassic
2275,Lodge 49,2018,16+,69/100,0,1,0,0,tv_show,comedy drama,United States,English,7.0,tt6128254,69,16.0,1,lodge 49
2276,I Am the Night,2019,18+,69/100,0,1,0,0,tv_show,"drama television series, film based on book",United States,English,6.0,tt7186588,69,18.0,1,i am the night
2277,Hey Arnold!,1996,all,69/100,0,1,0,0,tv_show,reality television,United States,English,7.6/10,tt0092400,69,16.0,1,hey arnold!
2278,NOS4A2,2019,16+,69/100,0,1,0,0,tv_show,"horror television series, television series based on a novel",United States,English,7.0,tt5194792,69,16.0,1,nos4a2
2279,The Glades,2010,16+,69/100,0,1,0,0,tv_show,police procedural,United States,English,8.0,tt1552112,69,16.0,1,the glades
2280,The Bridge,2013,18+,69/100,1,1,0,0,tv_show,reality television,United States,English,7.6/10,tt0092400,69,18.0,1,the bridge
2282,Underground,2016,18+,69/100,0,1,1,0,tv_show,drama film,United States,English,8.0,tt4522400,69,18.0,1,underground
2284,A Teacher,2020,18+,69/100,0,1,0,0,tv_show,drama television series,United States,English,8.0,tt10680614,69,18.0,1,a teacher
2285,Danny Phantom,2004,7+,69/100,0,1,0,0,tv_show,reality television,United States,English,7.1/10,tt0092400,69,7.0,1,danny phantom
2286,Sliders,1995,7+,69/100,0,1,0,0,tv_show,"science fiction television program, fantasy television series",United States,English,7.4,tt0112167,69,7.0,1,sliders
2287,30 for 30,2009,7+,69/100,0,1,0,0,tv_show,reality television,United States,English,8.8/10,tt0092400,69,7.0,1,30 for 30
2288,Life in Pieces,2015,16+,69/100,0,1,1,0,tv_show,American television sitcom,United States,English,9.0,tt4384086,69,16.0,1,life in pieces
2289,The Amazing Race,2001,7+,68/100,0,1,1,0,tv_show,"game show, reality competition",United States,English,9.0,tt0285335,68,7.0,1,the amazing race
2290,Pitch,2016,16+,68/100,0,1,0,0,tv_show,reality television,United States,English,7.4/10,tt0092400,68,16.0,1,pitch
2291,Numb3rs,2005,7+,68/100,0,1,0,0,tv_show,"police procedural, procedural television drama, drama television series",United States,English,7.0,tt0433309,68,7.0,1,numb3rs
2292,Roswell,1999,16+,68/100,0,1,0,0,tv_show,"science fiction television program, drama television series, youth series",United States,English,10.0,tt0201391,68,16.0,1,roswell
2293,Tyrant,2014,18+,68/100,0,1,0,0,tv_show,"drama television series, LGBT-related television series",United States,English,7.0,tt2568204,68,18.0,1,tyrant
2294,Legends,2014,16+,68/100,0,1,0,0,tv_show,"drama television series, television series based on a novel",United States,English,7.0,tt2402137,68,16.0,1,legends
2295,Angie Tribeca,2016,16+,68/100,0,1,0,0,tv_show,"parody, crime television series, mystery television series, comedy television series",United States,English,7.0,tt3597790,68,16.0,1,angie tribeca
2296,FLCL,2000,18+,68/100,0,1,0,0,tv_show,reality television,United States,English,8.2/10,tt0092400,68,18.0,1,flcl
2297,Rugrats,1991,all,68/100,0,1,0,0,tv_show,reality television,United States,English,7.4/10,tt0092400,68,16.0,1,rugrats
2298,Fosse/Verdon,2019,18+,68/100,0,1,0,0,tv_show,"drama television series, film based on book",United States,English,7.9,tt8746478,68,18.0,1,fosse/verdon
2299,Assassination Classroom,2015,16+,68/100,0,1,0,0,tv_show,reality television,United States,English,8.0/10,tt0092400,68,16.0,1,assassination classroom
2300,Top Chef,2006,16+,68/100,0,1,0,0,tv_show,"reality competition, cooking show",United States,English,7.0,tt0765425,68,16.0,1,top chef
2301,Ghost Whisperer,2005,7+,68/100,0,1,1,0,tv_show,"fantasy television series, drama television series",United States,English,8.0,tt0460644,68,7.0,1,ghost whisperer
2302,Darker than Black,2007,16+,68/100,0,1,1,0,tv_show,reality television,United States,English,7.7/10,tt0092400,68,16.0,1,darker than black
2303,Kaguya-sama: Love is War,2019,16+,68/100,0,1,0,0,tv_show,reality television,United States,English,8.4/10,tt0092400,68,16.0,1,kaguya-sama: love is war
2305,Ally McBeal,1997,16+,68/100,0,1,0,0,tv_show,"comedy drama, legal drama",United States,English,6.0,tt0118254,68,16.0,1,ally mcbeal
2307,Everything's Gonna Be Okay,2020,16+,68/100,0,1,0,0,tv_show,comedy film,United States,English,10.0,tt8680006,68,16.0,1,everything's gonna be okay
2308,Psycho-Pass,2012,18+,68/100,0,1,1,0,tv_show,reality television,United States,English,8.2/10,tt0092400,68,18.0,1,psycho-pass
2309,The Powerpuff Girls,1998,7+,68/100,0,1,0,0,tv_show,reality television,United States,English,7.3/10,tt0092400,68,7.0,1,the powerpuff girls
2310,"Beverly Hills, 90210",1990,16+,68/100,0,1,0,0,tv_show,"soap opera, teen drama television",United States,English,6.6,tt0098749,68,16.0,1,"beverly hills, 90210"
2311,"McCartney 3,2,1",2021,16+,68/100,0,1,0,0,tv_show,documentary,United States,English,9.0,tt13679628,68,16.0,1,"mccartney 3,2,1"
2312,Friday Night Dinner,2011,18+,68/100,0,1,0,0,tv_show,sitcom,United Kingdom,English,9.0,tt1844923,68,18.0,1,friday night dinner
2313,Wu-Tang: An American Saga,2019,18+,68/100,0,1,0,0,tv_show,reality television,United States,English,8.2/10,tt0092400,68,18.0,1,wu-tang: an american saga
2315,Hellsing Ultimate,2006,18+,68/100,0,1,0,0,tv_show,reality television,United States,English,8.3/10,tt0092400,68,18.0,1,hellsing ultimate
2316,Claws,2017,18+,68/100,0,1,0,0,tv_show,"comedy drama, LGBT-related television series",United States,English,7.5,tt5640558,68,18.0,1,claws
2317,Marvel's M.O.D.O.K.,2021,18+,68/100,0,1,0,0,tv_show,reality television,United States,English,6.3/10,tt0092400,68,18.0,1,marvel's m.o.d.o.k.
2318,Shark Tank,2009,7+,68/100,0,1,0,0,tv_show,reality television,United States,English,7.6,tt1442550,68,7.0,1,shark tank
2319,Ghost Adventures,2008,13+,67/100,0,1,0,0,tv_show,"reality television, television documentary",United States,English,6.0,tt1319900,67,13.0,1,ghost adventures
2320,Miranda,2009,7+,67/100,0,1,0,0,tv_show,reality television,United States,English,8.2/10,tt0092400,67,7.0,1,miranda
2321,Making It,2018,7+,67/100,0,1,0,0,tv_show,reality television,United States,English,8.0,tt6874206,67,7.0,1,making it
2322,The Son,2017,16+,67/100,1,1,0,0,tv_show,"Westerns on television, drama television series, television series based on a novel",United States,English,8.0,tt3839822,67,16.0,1,the son
2323,10 Things I Hate About You,2009,16+,67/100,0,1,0,1,tv_show,"sitcom, teen sitcom",United States,English,7.0,tt1321805,67,16.0,1,10 things i hate about you
2325,Good Trouble,2019,16+,67/100,0,1,0,0,tv_show,"drama television series, LGBT-related television series",United States,English,7.0,tt7820906,67,16.0,1,good trouble
2326,Ben 10,2005,7+,67/100,0,1,0,0,tv_show,reality television,United States,English,7.3/10,tt0092400,67,7.0,1,ben 10
2327,The Mick,2017,16+,67/100,0,1,0,0,tv_show,sitcom,United States,English,9.0,tt5638056,67,16.0,1,the mick
2328,WWE Raw,1993,7+,67/100,0,1,0,0,tv_show,"professional wrestling, sports entertainment",United States,"English, French, Spanish",5.0,tt0185103,67,7.0,1,wwe raw
2329,Party of Five,1994,7+,67/100,0,1,0,0,tv_show,"drama television series, youth series",United States,English,6.8,tt0108894,67,7.0,1,party of five
2330,Overlord,2015,18+,67/100,0,1,0,0,tv_show,reality television,United States,English,7.8/10,tt0092400,67,18.0,1,overlord
2331,The Path,2016,18+,67/100,0,1,0,0,tv_show,drama television series,United States,English,6.0,tt4789576,67,18.0,1,the path
2332,Descendants of the Sun,2016,16+,67/100,0,1,1,0,tv_show,"romance television series, action television series, comedy television series, drama television series",South Korea,Korean,9.0,tt4925000,67,16.0,1,descendants of the sun
2333,Single Parents,2018,7+,67/100,0,1,0,0,tv_show,comedy television series,United States,English,8.0,tt7845644,67,7.0,1,single parents
2335,Deadliest Catch,2005,16+,67/100,0,1,0,0,tv_show,documentary film,United States,English,8.0,tt0446809,67,16.0,1,deadliest catch
2336,Gangland Undercover,2015,16+,67/100,0,1,0,0,tv_show,reality television,"Canada, United States",English,9.0,tt4341996,67,16.0,1,gangland undercover
2337,ThunderCats,1985,7+,67/100,0,1,0,0,tv_show,reality television,United States,English,7.9/10,tt0092400,67,7.0,1,thundercats
2338,Shiki,2010,18+,67/100,0,1,0,0,tv_show,reality television,United States,English,7.7/10,tt0092400,67,18.0,1,shiki
2339,Rascal Does Not Dream of Bunny Girl Senpai,2018,16+,67/100,0,1,0,0,tv_show,reality television,United States,English,8.2/10,tt0092400,67,16.0,1,rascal does not dream of bunny girl senpai
2340,Jane Eyre,2006,7+,67/100,0,1,1,0,tv_show,reality television,United States,English,8.3/10,tt0092400,67,7.0,1,jane eyre
2341,Kitchen Nightmares,2007,16+,67/100,0,1,0,0,tv_show,"reality television, cooking show",United States,English,8.0,tt0983514,67,16.0,1,kitchen nightmares
2342,Devious Maids,2013,7+,67/100,0,1,0,0,tv_show,"soap opera, comedy drama, LGBT-related television series",United States,English,8.0,tt2226342,67,7.0,1,devious maids
2343,My Wife and Kids,2001,7+,67/100,0,1,0,0,tv_show,sitcom,United States,English,7.0,tt0273855,67,7.0,1,my wife and kids
2344,Star vs. the Forces of Evil,2015,7+,67/100,0,1,0,1,tv_show,reality television,United States,English,8.0/10,tt0092400,67,7.0,1,star vs. the forces of evil
2345,Dark Side of the Ring,2019,16+,67/100,0,1,0,0,tv_show,documentary film,United States,English,10.0,tt9159144,67,16.0,1,dark side of the ring
2346,High School DxD,2012,18+,67/100,0,1,0,0,tv_show,reality television,United States,English,7.6/10,tt0092400,67,18.0,1,high school dxd
2347,Transplant,2020,16+,67/100,0,1,0,0,tv_show,reality television,United States,English,7.9/10,tt0092400,67,16.0,1,transplant
2348,Apple Tree Yard,2017,16+,67/100,0,1,0,0,tv_show,drama,United Kingdom,English,8.0,tt5336698,67,16.0,1,apple tree yard
2349,9-1-1: Lone Star,2020,16+,67/100,0,1,0,0,tv_show,"police television drama, action television series, drama television series, LGBT-related television series",United States,English,7.0,tt10323338,67,16.0,1,9-1-1: lone star
2352,Fruits Basket,2019,7+,66/100,0,1,0,0,tv_show,reality television,United States,English,8.6/10,tt0092400,66,7.0,1,fruits basket
2353,Siren,2018,7+,66/100,0,1,0,0,tv_show,reality television,United States,English,7.0/10,tt0092400,66,7.0,1,siren
2354,Holey Moley,2019,7+,66/100,0,1,0,0,tv_show,reality television,United States,English,8.0,tt10133226,66,7.0,1,holey moley
2355,Diabolik Lovers,2013,16+,66/100,0,1,0,0,tv_show,reality television,United States,English,5.2/10,tt0092400,66,16.0,1,diabolik lovers
2356,Dates,2013,16+,66/100,0,1,0,0,tv_show,"drama television series, LGBT-related television series",United Kingdom,English,9.0,tt2964118,66,16.0,1,dates
2357,Baby Daddy,2012,16+,66/100,0,1,0,0,tv_show,American television sitcom,United States,English,7.0,tt2177489,66,16.0,1,baby daddy
2358,Digimon Adventure,1999,7+,66/100,0,1,0,0,tv_show,reality television,United States,English,7.3/10,tt0092400,66,7.0,1,digimon adventure
2360,The Long Road Home,2017,18+,66/100,0,1,0,0,tv_show,reality television,United States,English,7.5/10,tt0092400,66,18.0,1,the long road home
2361,Black Lagoon,2006,18+,66/100,0,1,0,0,tv_show,reality television,United States,English,8.0/10,tt0092400,66,18.0,1,black lagoon
2362,Taken,2017,18+,66/100,0,1,0,0,tv_show,"drama television series, thriller television series",United States,English,9.0,tt5134476,66,18.0,1,taken
2363,Harrow,2018,16+,66/100,0,1,0,0,tv_show,reality television,United States,English,7.6/10,tt0092400,66,16.0,1,harrow
2364,Walker,2021,16+,66/100,0,1,0,0,tv_show,reality television,United States,English,5.9/10,tt0092400,66,16.0,1,walker
2365,Catfish: The TV Show,2012,16+,66/100,0,1,0,0,tv_show,"docudrama, LGBT-related television series",United States,English,5.0,tt2498968,66,16.0,1,catfish: the tv show
2366,Treadstone,2019,18+,66/100,0,1,0,0,tv_show,"action television series, thriller television series, drama television series",United States,"English, Russian, Korean",8.0,tt8289480,66,18.0,1,treadstone
2367,The Incredible Hulk,1977,7+,66/100,0,1,0,1,tv_show,"science fiction television program, adventure television series, fantasy television series, drama television series",United States,English,7.0,tt0077031,66,7.0,1,the incredible hulk
2368,"Sabrina, the Teenage Witch",1996,all,66/100,0,1,0,0,tv_show,reality television,United States,English,6.7/10,tt0092400,66,16.0,1,"sabrina, the teenage witch"
2369,X-Men: Evolution,2000,7+,66/100,0,1,0,1,tv_show,reality television,United States,English,7.8/10,tt0092400,66,7.0,1,x-men: evolution
2370,Death Parade,2015,18+,66/100,0,1,0,0,tv_show,reality television,United States,English,7.9/10,tt0092400,66,18.0,1,death parade
2371,NEXT,2020,16+,66/100,0,1,1,0,tv_show,reality television,United States,English,6.7/10,tt0092400,66,16.0,1,next
2372,The Pink Panther,1964,all,66/100,0,1,1,0,tv_show,reality television,United States,English,7.6/10,tt0092400,66,16.0,1,the pink panther
2373,Golden Time,2013,16+,66/100,0,1,0,0,tv_show,reality television,South Korea,Korean,7.5,tt2474948,66,16.0,1,golden time
2374,Dollface,2019,18+,66/100,0,1,0,0,tv_show,comedy television series,United States,English,10.0,tt7661046,66,18.0,1,dollface
2375,Taxi,1978,7+,66/100,0,1,0,0,tv_show,"entertainment television program, game show",Greece,Greek,5.8,tt13125512,66,7.0,1,taxi
2376,Being Mary Jane,2014,16+,66/100,0,1,0,0,tv_show,drama television series,United States,English,4.0,tt2345481,66,16.0,1,being mary jane
2377,Drunk History,2013,16+,65/100,0,1,0,0,tv_show,comedy television series,United States,English,9.0,tt2712612,65,16.0,1,drunk history
2378,Twisted,2013,16+,65/100,0,1,0,0,tv_show,reality television,United States,English,7.3/10,tt0092400,65,16.0,1,twisted
2379,Brothers and Sisters,2006,16+,65/100,0,1,0,0,tv_show,reality television,United States,English,7.3/10,tt0092400,65,16.0,1,brothers and sisters
2380,Breakout Kings,2011,16+,65/100,0,1,0,0,tv_show,drama television series,United States,English,9.0,tt1590961,65,16.0,1,breakout kings
2382,Scott & Bailey,2011,7+,65/100,0,1,0,0,tv_show,"police procedural, detective fiction, crime drama film",United Kingdom,English,9.0,tt1843678,65,7.0,1,scott & bailey
2383,Little Britain,2003,18+,65/100,0,1,0,0,tv_show,"satire, comedy television series",United Kingdom,English,8.0,tt0358856,65,18.0,1,little britain
2384,Law & Order: Organized Crime,2021,16+,65/100,0,1,0,0,tv_show,"police procedural, thriller television series, drama television series",United States,English,7.7,tt12677870,65,16.0,1,law & order: organized crime
2385,Pinky and the Brain,1995,7+,65/100,0,1,0,0,tv_show,reality television,United States,English,7.8/10,tt0092400,65,7.0,1,pinky and the brain
2387,Ergo Proxy,2006,18+,65/100,0,1,0,0,tv_show,reality television,United States,English,8.0/10,tt0092400,65,18.0,1,ergo proxy
2388,Noragami,2014,16+,65/100,0,1,0,0,tv_show,reality television,United States,English,7.9/10,tt0092400,65,16.0,1,noragami
2390,Primeval,2007,16+,65/100,0,1,0,0,tv_show,"science fiction television program, fantasy television series",United Kingdom,English,7.0,tt0808096,65,16.0,1,primeval
2391,Face Off,2011,7+,65/100,0,1,0,0,tv_show,"reality television, game show, talent show",United States,English,10.0,tt1663641,65,7.0,1,face off
2392,Love Island,2015,18+,65/100,0,1,0,0,tv_show,reality television series,England,English,1.0,tt4770018,65,18.0,1,love island
2393,Highlander: The Series,1992,16+,65/100,0,1,0,0,tv_show,"paranormal television program, science fiction television program, fantasy television series, action television series","United States, Canada, France",English,7.2,tt0103442,65,16.0,1,highlander: the series
2395,Prison School,2015,18+,65/100,0,1,0,0,tv_show,reality television,United States,English,7.6/10,tt0092400,65,18.0,1,prison school
2396,Good Luck Charlie,2010,all,65/100,0,1,0,1,tv_show,"sitcom, youth series",United States,English,8.0,tt1415889,65,16.0,1,good luck charlie
2397,Medium,2005,16+,65/100,0,1,0,0,tv_show,"paranormal television program, drama television series, thriller television series, legal drama",United States,English,7.2,tt0412175,65,16.0,1,medium
2398,Fire Force,2019,16+,65/100,0,1,0,0,tv_show,reality television,United States,English,7.7/10,tt0092400,65,16.0,1,fire force
2399,Second Chance,2016,16+,65/100,0,1,0,0,tv_show,science fiction television program,United States,English,10.0,tt4378456,65,16.0,1,second chance
2400,American Housewife,2016,7+,65/100,0,1,0,0,tv_show,"LGBT-related television series, comedy television program",United States,English,8.0,tt5396394,65,7.0,1,american housewife
2401,The First,2018,18+,65/100,0,1,0,0,tv_show,reality television,United States,English,6.7/10,tt0092400,65,18.0,1,the first
2403,Reprisal,2019,18+,65/100,0,1,0,0,tv_show,reality television,United States,English,7.5/10,tt0092400,65,18.0,1,reprisal
2404,Mushoku Tensei: Jobless Reincarnation,2021,16+,64/100,0,1,0,0,tv_show,reality television,United States,English,8.3/10,tt0092400,64,16.0,1,mushoku tensei: jobless reincarnation
2405,The Kids Are Alright,2018,7+,64/100,0,1,0,0,tv_show,reality television,United States,English,7.9/10,tt0092400,64,7.0,1,the kids are alright
2406,Remington Steele,1982,7+,64/100,0,1,0,0,tv_show,"crime television series, comedy television series",United States,English,7.3,tt0083470,64,7.0,1,remington steele
2407,Saved by the Bell,1989,all,64/100,0,1,0,0,tv_show,"teen sitcom, comedy film, American television sitcom",United States,English,7.0,tt0096694,64,16.0,1,saved by the bell
2408,The Fades,2011,18+,64/100,0,1,0,0,tv_show,"paranormal television program, drama television series",United Kingdom,English,8.0,tt1772379,64,18.0,1,the fades
2409,My Teen Romantic Comedy SNAFU,2013,16+,64/100,0,1,0,0,tv_show,reality television,United States,English,7.9/10,tt0092400,64,16.0,1,my teen romantic comedy snafu
2410,Station 19,2018,16+,64/100,0,1,0,0,tv_show,"action television series, drama television series",United States,English,10.0,tt7053188,64,16.0,1,station 19
2412,New Tricks,2003,7+,64/100,0,1,0,0,tv_show,"police procedural, drama television series",United Kingdom,English,9.0,tt0362357,64,7.0,1,new tricks
2414,The Mary Tyler Moore Show,1970,7+,64/100,0,1,0,0,tv_show,American television sitcom,United States,English,8.3,tt0065314,64,7.0,1,the mary tyler moore show
2415,Hill Street Blues,1981,16+,64/100,0,1,0,0,tv_show,"police procedural, drama television series",United States,English,8.2,tt0081873,64,16.0,1,hill street blues
2416,Monster Musume: Everyday Life with Monster Girls,2015,18+,64/100,0,1,0,0,tv_show,reality television,United States,English,6.7/10,tt0092400,64,18.0,1,monster musume: everyday life with monster girls
2417,The Conners,2018,7+,64/100,0,1,0,0,tv_show,sitcom,United States,English,4.0,tt8595140,64,7.0,1,the conners
2418,NYPD Blue,1993,16+,64/100,0,1,1,0,tv_show,"police procedural, drama television series",United States,English,9.0,tt0106079,64,16.0,1,nypd blue
2419,CSI: Miami,2002,16+,64/100,0,1,0,0,tv_show,"police procedural, drama television series",United States,English,6.5,tt0313043,64,16.0,1,csi: miami
2420,Metalocalypse,2006,18+,64/100,0,1,0,0,tv_show,reality television,United States,English,10.0,tt3298820,64,18.0,1,metalocalypse
2421,America's Got Talent,2006,7+,64/100,0,1,0,0,tv_show,"talent show, music program",United States,English,5.8,tt0759364,64,7.0,1,america's got talent
2422,Fixer Upper,2013,all,64/100,0,1,0,0,tv_show,reality television,United States,English,6.0,tt4591390,64,16.0,1,fixer upper
2424,DCI Banks,2011,16+,64/100,0,1,0,0,tv_show,"drama television series, crime television series",United Kingdom,English,9.0,tt1652216,64,16.0,1,dci banks
2425,The Future Diary,2011,18+,64/100,0,1,0,0,tv_show,reality television,United States,English,7.6/10,tt0092400,64,18.0,1,the future diary
2426,Childrens Hospital,2008,18+,64/100,0,1,0,0,tv_show,"satire, sitcom, parody, comedy television series",United States,English,10.0,tt1325113,64,18.0,1,childrens hospital
2427,The First 48,2004,18+,64/100,0,1,0,0,tv_show,reality television,United States,English,10.0,tt0423652,64,18.0,1,the first 48
2428,Chopped,2009,all,64/100,0,1,0,0,tv_show,"cooking show, game show",United States,English,6.0,tt1353281,64,16.0,1,chopped
2429,Sense and Sensibility,2008,16+,64/100,0,1,1,0,tv_show,television series based on a novel,United Kingdom,English,10.0,tt0254768,64,16.0,1,sense and sensibility
2430,House Hunters,1999,all,64/100,0,1,0,0,tv_show,reality television,United States,English,7.0,tt0369117,64,16.0,1,house hunters
2431,Teenage Mutant Ninja Turtles,2012,7+,64/100,0,1,0,0,tv_show,reality television,United States,English,7.8/10,tt0092400,64,7.0,1,teenage mutant ninja turtles
2432,Flower of Evil,2020,16+,64/100,0,1,0,0,tv_show,"melodrama, thriller television series, romance television series, crime television series",South Korea,Korean,10.0,tt11691684,64,16.0,1,flower of evil
2434,Monogatari,2009,16+,64/100,0,1,0,0,tv_show,reality television,United States,English,8.0/10,tt0092400,64,16.0,1,monogatari
2435,Prisoners of War,2010,16+,63/100,0,1,0,0,tv_show,drama television series,Israel,Hebrew,8.0,tt1676462,63,16.0,1,prisoners of war
2436,Clique,2017,18+,63/100,0,1,0,0,tv_show,reality television,United States,English,7.0/10,tt0092400,63,18.0,1,clique
2437,Atlantis,2013,7+,63/100,0,1,0,0,tv_show,reality television,United States,English,6.6/10,tt0092400,63,7.0,1,atlantis
2438,Travel Man: 48 Hours in...,2015,7+,63/100,0,1,0,0,tv_show,travel documentary,United Kingdom,English,10.0,tt4719744,63,7.0,1,travel man: 48 hours in...
2439,Chowder,2007,7+,63/100,0,1,0,0,tv_show,reality television,United States,English,7.3/10,tt0092400,63,7.0,1,chowder
2440,The Hardy Boys,2020,7+,63/100,0,1,0,0,tv_show,"action television series, family television series, teen drama television, adventure television series",Canada,English,8.0,tt11252090,63,7.0,1,the hardy boys
2442,Shots Fired,2017,16+,63/100,0,1,0,0,tv_show,drama television series,United States,English,7.0,tt5519456,63,16.0,1,shots fired
2443,National Treasure,2016,16+,63/100,0,1,0,1,tv_show,reality television,United States,English,7.4/10,tt0092400,63,16.0,1,national treasure
2444,The Familiar of Zero,2006,16+,63/100,0,1,0,0,tv_show,reality television,United States,English,7.0/10,tt0092400,63,16.0,1,the familiar of zero
2445,The Brady Bunch,1969,all,63/100,0,1,0,0,tv_show,comedy television series,United States,English,6.8,tt0063878,63,16.0,1,the brady bunch
2446,Four Weddings and a Funeral,2019,18+,63/100,0,1,0,0,tv_show,reality television,United States,English,7.2/10,tt0092400,63,18.0,1,four weddings and a funeral
2448,Hamilton's Pharmacopeia,2016,18+,63/100,0,1,0,0,tv_show,television documentary,United States,English,10.0,tt6090814,63,18.0,1,hamilton's pharmacopeia
2449,The New York Times Presents,2020,18+,63/100,0,1,0,0,tv_show,television documentary,United States,English,8.0,tt8629150,63,18.0,1,the new york times presents
2450,What's Wrong with Secretary Kim,2018,all,63/100,0,1,0,0,tv_show,"drama television series, television series based on a novel",South Korea,Korean,7.0,tt8242904,63,16.0,1,what's wrong with secretary kim
2452,The Great North,2021,16+,63/100,0,1,0,0,tv_show,reality television,United States,English,6.5/10,tt0092400,63,16.0,1,the great north
2453,The Ultimate Fighter,2005,16+,63/100,0,1,0,0,tv_show,"reality television, sports television program",United States,English,7.8,tt0445912,63,16.0,1,the ultimate fighter
2455,Tiny Toon Adventures,1990,all,63/100,0,1,0,0,tv_show,reality television,United States,English,7.5/10,tt0092400,63,16.0,1,tiny toon adventures
2456,Foster's Home for Imaginary Friends,2004,7+,63/100,0,1,0,0,tv_show,reality television,United States,English,7.6/10,tt0092400,63,7.0,1,foster's home for imaginary friends
2457,The Tonight Show Starring Jimmy Fallon,2014,16+,63/100,0,1,0,0,tv_show,"late-night talk show, variety show",United States,English,7.0,tt3444938,63,16.0,1,the tonight show starring jimmy fallon
2458,Barkskins,2020,18+,63/100,0,1,0,0,tv_show,television series based on a novel,United States,English,9.0,tt9426272,63,18.0,1,barkskins
2459,River Monsters,2009,7+,63/100,0,1,1,0,tv_show,documentary,"United States, United Kingdom",English,8.0,tt1476750,63,7.0,1,river monsters
2460,The Dick Van Dyke Show,1961,all,63/100,0,1,0,0,tv_show,sitcom,United States,English,9.0,tt0054533,63,16.0,1,the dick van dyke show
2461,Yu-Gi-Oh! GX,2004,all,63/100,0,1,0,0,tv_show,reality television,United States,English,6.8/10,tt0092400,63,16.0,1,yu-gi-oh! gx
2462,Highschool of the Dead,2010,18+,63/100,0,1,0,0,tv_show,reality television,United States,English,7.2/10,tt0092400,63,18.0,1,highschool of the dead
2464,While You Were Sleeping,2017,16+,63/100,0,1,0,1,tv_show,"romance television series, fantasy television series",South Korea,Korean,10.0,tt6256484,63,16.0,1,while you were sleeping
2465,The Marvelous Misadventures of Flapjack,2008,7+,63/100,0,1,0,0,tv_show,reality television,United States,English,7.8/10,tt0092400,63,7.0,1,the marvelous misadventures of flapjack
2466,Difficult People,2015,18+,63/100,0,1,0,0,tv_show,"comedy television series, LGBT-related television series",United States,English,5.0,tt4676574,63,18.0,1,difficult people
2467,Reba,2001,7+,63/100,0,1,0,0,tv_show,sitcom,United States,English,6.8,tt0284722,63,7.0,1,reba
2468,The Event,2010,16+,62/100,0,1,0,0,tv_show,science fiction television program,United States,English,9.0,tt1582459,62,16.0,1,the event
2469,American Gothic,1995,7+,62/100,0,1,0,0,tv_show,drama television series,United States,English,8.1,tt0111880,62,7.0,1,american gothic
2470,Garfield and Friends,1988,7+,62/100,0,1,0,0,tv_show,reality television,United States,English,7.3/10,tt0092400,62,7.0,1,garfield and friends
2471,Home Economics,2021,7+,62/100,0,1,0,0,tv_show,"comedy television program, American television sitcom",United States,English,7.0,tt9214684,62,7.0,1,home economics
2472,Clannad After Story,2009,7+,62/100,0,1,0,0,tv_show,reality television,United States,English,8.6/10,tt0092400,62,7.0,1,clannad after story
2473,The Choe Show,2021,16+,62/100,0,1,0,0,tv_show,"talk show, variety show",United States,American English,8.0,tt14535092,62,16.0,1,the choe show
2474,Bless This Mess,2019,7+,62/100,0,1,0,0,tv_show,sitcom,United States,English,7.0,tt9418572,62,7.0,1,bless this mess
2475,Horrible Histories,2009,7+,62/100,0,1,1,0,tv_show,comedy television series,United Kingdom,English,9.0,tt1400819,62,7.0,1,horrible histories
2476,grown-ish,2018,16+,62/100,0,1,0,0,tv_show,"sitcom, LGBT-related television series, college life television program, comedy drama",United States,English,7.0,tt7018644,62,16.0,1,grown-ish
2478,Duncanville,2020,16+,62/100,0,1,0,0,tv_show,reality television,United States,English,6.0/10,tt0092400,62,16.0,1,duncanville
2479,The Guest Book,2017,18+,62/100,0,1,0,0,tv_show,"comedy television program, anthology series",United States,English,8.0,tt5990096,62,18.0,1,the guest book
2480,Speechless,2016,7+,62/100,0,1,0,0,tv_show,sitcom,United States,English,10.0,tt5592146,62,7.0,1,speechless
2481,Intervention,2005,16+,62/100,0,1,0,0,tv_show,reality television,United States,English,7.9,tt0450920,62,16.0,1,intervention
2482,K.C. Undercover,2015,all,62/100,0,1,0,1,tv_show,"teen sitcom, American television sitcom",United States,English,10.0,tt3598030,62,16.0,1,k.c. undercover
2483,The Three Stooges,1934,all,62/100,0,1,0,0,tv_show,reality television,United States,English,8.6/10,tt0092400,62,16.0,1,the three stooges
2485,Dragon Ball GT,1996,7+,62/100,0,1,0,0,tv_show,reality television,United States,English,6.8/10,tt0092400,62,7.0,1,dragon ball gt
2486,Melissa & Joey,2010,16+,62/100,0,1,0,0,tv_show,"comedy television series, American television sitcom",United States,English,6.0,tt1597420,62,16.0,1,melissa & joey
2487,The Bob Newhart Show,1972,all,62/100,0,1,0,0,tv_show,American television sitcom,United States,English,8.1,tt0068049,62,16.0,1,the bob newhart show
2488,General Hospital,1963,16+,62/100,0,1,0,0,tv_show,"soap opera, medical drama, LGBT-related television series",United States,English,6.6,tt0056758,62,16.0,1,general hospital
2489,Lupin the Third,1971,16+,62/100,0,1,0,0,tv_show,reality television,United States,English,7.9/10,tt0092400,62,16.0,1,lupin the third
2490,Charlotte,2015,16+,62/100,0,1,0,0,tv_show,reality television,United States,English,7.6/10,tt0092400,62,16.0,1,charlotte
2491,Mr. Mayor,2021,16+,62/100,0,1,0,0,tv_show,sitcom,United States,English,8.0,tt10662034,62,16.0,1,mr. mayor
2492,Murder in the First,2014,18+,62/100,0,1,0,0,tv_show,crime film,United States,English,7.0,tt2402227,62,18.0,1,murder in the first
2493,Jersey Shore: Family Vacation,2018,16+,62/100,0,1,0,0,tv_show,reality television,United States,English,7.0,tt7686456,62,16.0,1,jersey shore: family vacation
2494,Family Matters,1989,all,62/100,0,1,0,0,tv_show,"American television sitcom, family television series",United States,English,6.6,tt0096579,62,16.0,1,family matters
2497,24: Legacy,2017,16+,62/100,0,1,0,0,tv_show,"thriller television series, espionage television series, action television series",United States,English,6.3,tt5345490,62,16.0,1,24: legacy
2499,American Ninja Warrior,2009,7+,62/100,0,1,0,0,tv_show,"reality television, game show",United States,English,5.0,tt1587934,62,7.0,1,american ninja warrior
2500,Seraph of the End,2015,13+,62/100,0,1,0,0,tv_show,reality television,United States,English,7.5/10,tt0092400,62,13.0,1,seraph of the end
2501,Deutschland 86,2018,16+,62/100,0,1,0,0,tv_show,"drama television series, espionage television series",Germany,German,7.0,tt6148324,62,16.0,1,deutschland 86
2502,Brickleberry,2012,18+,62/100,0,1,0,0,tv_show,reality television,United States,English,7.3/10,tt0092400,62,18.0,1,brickleberry
2503,Ghosted,2017,7+,62/100,0,1,0,0,tv_show,science fiction television program,United States,English,7.0,tt6053538,62,7.0,1,ghosted
2504,Saving Hope,2012,16+,62/100,0,1,0,0,tv_show,"medical drama, LGBT-related television series",Canada,English,9.0,tt1954804,62,16.0,1,saving hope
2506,Married at First Sight,2014,7+,61/100,0,1,1,0,tv_show,reality television,Australia,English,3.0,tt4771108,61,7.0,1,married at first sight
2508,The Voice,2011,7+,61/100,0,1,0,0,tv_show,singing talent show,United States,English,8.0,tt1839337,61,7.0,1,the voice
2509,Wings,1990,7+,61/100,0,1,0,0,tv_show,American television sitcom,United States,English,7.3,tt0098948,61,7.0,1,wings
2510,American Pickers,2010,7+,61/100,0,1,0,0,tv_show,reality television,United States,English,7.0,tt1596786,61,7.0,1,american pickers
2511,Nightwatch,2015,16+,61/100,0,1,1,0,tv_show,reality television,United States,English,8.8/10,tt0092400,61,16.0,1,nightwatch
2512,Gold Rush,2010,7+,61/100,0,1,0,0,tv_show,reality television,United States,English,8.0,tt1800864,61,7.0,1,gold rush
2513,The Riches,2007,18+,61/100,0,1,0,0,tv_show,"comedy drama, LGBT-related television series, crime television series",United States,English,10.0,tt0496343,61,18.0,1,the riches
2514,Lark Rise to Candleford,2008,7+,61/100,0,1,0,0,tv_show,"drama television series, television series based on a novel",United Kingdom,English,10.0,tt1077744,61,7.0,1,lark rise to candleford
2515,Stan Against Evil,2016,16+,61/100,0,1,0,0,tv_show,"comedy television program, horror television series",United States,English,7.0,tt5722214,61,16.0,1,stan against evil
2516,Homicide Hunter: Lt Joe Kenda,2011,16+,61/100,0,1,0,0,tv_show,reality television,United States,English,8.8/10,tt0092400,61,16.0,1,homicide hunter: lt joe kenda
2517,RuPaul's Drag Race: Untucked,2010,16+,61/100,0,1,0,0,tv_show,reality television,United States,English,8.0,tt1588754,61,16.0,1,rupaul's drag race: untucked
2518,The Carmichael Show,2015,7+,61/100,0,1,0,0,tv_show,American television sitcom,United States,English,9.0,tt4307902,61,7.0,1,the carmichael show
2519,Moone Boy,2012,16+,61/100,0,1,0,0,tv_show,sitcom,United States,English,9.0,tt2319283,61,16.0,1,moone boy
2520,Tyler Perry's The Haves and the Have Nots,2013,16+,61/100,0,1,0,0,tv_show,reality television,United States,English,6.0/10,tt0092400,61,16.0,1,tyler perry's the haves and the have nots
2522,Perfect Strangers,1986,7+,61/100,0,1,1,0,tv_show,comedy television series,United States,English,7.2,tt0090501,61,7.0,1,perfect strangers
2523,The Practice,1997,16+,61/100,0,1,0,0,tv_show,legal drama,United States,English,7.7,tt0118437,61,16.0,1,the practice
2525,Light as a Feather,2018,16+,61/100,0,1,0,0,tv_show,thriller television series,United States,English,4.0,tt8619822,61,16.0,1,light as a feather
2526,Burden of Truth,2018,16+,61/100,0,1,0,0,tv_show,drama,Canada,English,9.0,tt6987476,61,16.0,1,burden of truth
2527,Mister Ed,1961,all,61/100,0,1,0,0,tv_show,sitcom,United States,English,6.9,tt0054557,61,16.0,1,mister ed
2528,Kamisama Kiss,2012,7+,61/100,0,1,0,0,tv_show,reality television,United States,English,8.1/10,tt0092400,61,7.0,1,kamisama kiss
2530,Mike Tyson Mysteries,2014,16+,61/100,0,1,0,0,tv_show,reality television,United States,English,8.1/10,tt0092400,61,16.0,1,mike tyson mysteries
2531,American Gladiators,1988,7+,61/100,0,1,0,0,tv_show,game show,United States,English,9.0,tt1092447,61,7.0,1,american gladiators
2532,My Life as a Teenage Robot,2003,all,60/100,0,1,0,0,tv_show,reality television,United States,English,6.9/10,tt0092400,60,16.0,1,my life as a teenage robot
2533,Felicity,1998,16+,60/100,0,1,0,0,tv_show,"drama television series, coming-of-age television program, college life television program",United States,English,6.9,tt0134247,60,16.0,1,felicity
2535,Expedition Unknown,2015,7+,60/100,0,1,0,0,tv_show,"documentary film, reality television",United States,English,10.0,tt4305162,60,7.0,1,expedition unknown
2536,Rosewood,2015,16+,60/100,0,1,0,0,tv_show,LGBT-related television series,United States,English,10.0,tt4465472,60,16.0,1,rosewood
2537,The Guardian,2001,7+,60/100,0,1,1,0,tv_show,drama television series,United States,English,7.0,tt0285370,60,7.0,1,the guardian
2538,Jeremiah,2002,18+,60/100,0,1,1,0,tv_show,reality television,United States,English,7.0/10,tt0092400,60,18.0,1,jeremiah
2539,The Secret of Skinwalker Ranch,2020,7+,60/100,0,1,0,0,tv_show,reality television,United States,English,6.0,tt10589968,60,7.0,1,the secret of skinwalker ranch
2540,Dharma & Greg,1997,16+,60/100,0,1,0,0,tv_show,"American television sitcom, comedy television series, romantic comedy",United States,English,6.4,tt0118303,60,16.0,1,dharma & greg
2541,The Real Housewives of Beverly Hills,2010,16+,60/100,0,1,0,0,tv_show,reality television,United States,English,7.0,tt1720601,60,16.0,1,the real housewives of beverly hills
2542,The Fall Guy,1981,16+,60/100,0,1,0,0,tv_show,"action television series, adventure television series, comedy television series",United States,English,7.1,tt0081859,60,16.0,1,the fall guy
2543,Sealab 2021,2000,16+,60/100,0,1,1,0,tv_show,reality television,United States,English,7.9/10,tt0092400,60,16.0,1,sealab 2021
2544,The Incredible Dr. Pol,2011,7+,60/100,0,1,0,1,tv_show,"reality television, docu-soap",United States,English,8.0,tt2136396,60,7.0,1,the incredible dr. pol
2545,Whose Line Is It Anyway? (UK),1988,7+,60/100,0,1,0,0,tv_show,reality television,United States,English,8.2/10,tt0092400,60,7.0,1,whose line is it anyway? (uk)
2546,The Fruit of Grisaia,2014,18+,60/100,0,1,0,0,tv_show,reality television,United States,English,7.1/10,tt0092400,60,18.0,1,the fruit of grisaia
2547,St. Elsewhere,1982,7+,60/100,0,1,0,0,tv_show,"comedy drama, medical drama",United States,English,8.0,tt0083483,60,7.0,1,st. elsewhere
2548,Ben 10: Omniverse,2012,7+,60/100,0,1,0,0,tv_show,reality television,United States,English,6.0/10,tt0092400,60,7.0,1,ben 10: omniverse
2550,Naked and Afraid,2013,16+,60/100,0,1,0,0,tv_show,reality television,United States,English,7.0,tt3007640,60,16.0,1,naked and afraid
2551,Woke,2020,18+,60/100,0,1,0,0,tv_show,LGBT-related television series,France,French,9.0,tt6472922,60,18.0,1,woke
2553,Mr. Pickles,2014,18+,60/100,0,1,0,0,tv_show,reality television,United States,English,7.4/10,tt0092400,60,18.0,1,mr. pickles
2554,The Moodys,2019,16+,60/100,0,1,0,0,tv_show,comedy,Australia,English,9.0,tt3184748,60,16.0,1,the moodys
2555,Being Erica,2009,16+,60/100,0,1,1,0,tv_show,"comedy drama, LGBT-related television series",Canada,English,10.0,tt1149608,60,16.0,1,being erica
2556,Dual Survival,2010,16+,60/100,0,1,0,0,tv_show,documentary film,United States,English,10.0,tt1673441,60,16.0,1,dual survival
2557,Dimension 404,2017,16+,60/100,0,1,0,0,tv_show,science fiction television program,United States,English,7.0,tt5798078,60,16.0,1,dimension 404
2558,Diff'rent Strokes,1978,all,60/100,0,1,0,0,tv_show,sitcom,United States,English,9.0,tt0077003,60,16.0,1,diff'rent strokes
2559,Bad Banks,2018,7+,60/100,0,1,0,0,tv_show,reality television,United States,English,7.9/10,tt0092400,60,7.0,1,bad banks
2560,Kojak,1973,16+,60/100,0,1,0,0,tv_show,"crime television series, drama television series, police television drama",United States,English,7.1,tt0069599,60,16.0,1,kojak
2561,Robin of Sherwood,1984,7+,60/100,0,1,1,0,tv_show,"fantasy television series, historical drama, action television series, drama film",United Kingdom,English,8.4,tt0086791,60,7.0,1,robin of sherwood
2562,Ranma ½,1989,16+,60/100,0,1,0,0,tv_show,reality television,United States,English,7.9/10,tt0092400,60,16.0,1,ranma ½
2563,McLeod's Daughters,2001,16+,60/100,0,1,0,0,tv_show,drama television series,Australia,English,7.0,tt0292414,60,16.0,1,mcleod's daughters
2564,Life Below Zero,2013,7+,60/100,0,1,0,1,tv_show,television documentary,United States,English,8.0,tt2964642,60,7.0,1,life below zero
2566,mixed-ish,2019,7+,60/100,0,1,0,0,tv_show,sitcom,United States,English,7.0,tt10276062,60,7.0,1,mixed-ish
2567,Mountain Men,2012,7+,60/100,0,1,0,0,tv_show,reality television,United States,English,9.0,tt2202488,60,7.0,1,mountain men
2569,Baywatch,1989,7+,60/100,0,1,1,0,tv_show,drama television series,United States,English,5.5,tt0096542,60,7.0,1,baywatch
2570,Shut Eye,2016,18+,59/100,0,1,0,0,tv_show,"drama television series, LGBT-related television series",United States,English,9.0,tt5520392,59,18.0,1,shut eye
2571,Dietland,2018,18+,59/100,0,1,0,0,tv_show,"black comedy, television series based on a novel",United States,English,6.0,tt5869202,59,18.0,1,dietland
2572,Yona of the Dawn,2014,16+,59/100,0,1,0,0,tv_show,reality television,United States,English,8.1/10,tt0092400,59,16.0,1,yona of the dawn
2573,The Hustler,2021,7+,59/100,0,1,0,0,tv_show,reality television,United States,English,7.7/10,tt0092400,59,7.0,1,the hustler
2574,Man v. Food,2008,all,59/100,0,1,0,0,tv_show,"documentary film, cooking show, reality show",United States,English,7.3,tt1342711,59,16.0,1,man v. food
2576,Teen Titans Go!,2013,7+,59/100,0,1,0,0,tv_show,reality television,United States,English,5.4/10,tt0092400,59,7.0,1,teen titans go!
2577,Designing Women,1986,7+,59/100,0,1,0,0,tv_show,American television sitcom,United States,English,7.3,tt0090418,59,7.0,1,designing women
2578,Into the Dark,2018,18+,59/100,0,1,0,0,tv_show,horror fiction,United States,English,6.0,tt8427140,59,18.0,1,into the dark
2579,Mobile Suit Gundam Wing,2000,13+,59/100,0,1,0,0,tv_show,reality television,United States,English,8.1/10,tt0092400,59,13.0,1,mobile suit gundam wing
2580,Damien,2016,16+,59/100,0,1,0,0,tv_show,reality television,United States,English,6.9/10,tt0092400,59,16.0,1,damien
2581,Mistresses,2013,16+,59/100,0,1,0,0,tv_show,"drama television series, soap opera, LGBT-related television series",United States,English,10.0,tt2295809,59,16.0,1,mistresses
2582,The Lord of the Skies,2013,16+,59/100,0,1,0,0,tv_show,reality television,United States,English,6.8/10,tt0092400,59,16.0,1,the lord of the skies
2583,Snow White with the Red Hair,2015,16+,59/100,0,1,0,0,tv_show,reality television,United States,English,7.8/10,tt0092400,59,16.0,1,snow white with the red hair
2584,The Masked Singer,2019,7+,59/100,0,1,0,0,tv_show,"singing talent show, reality television, reality show, game show",United States,English,5.0,tt7670568,59,7.0,1,the masked singer
2585,Danganronpa: The Animation,2013,18+,59/100,0,1,0,0,tv_show,reality television,United States,English,6.9/10,tt0092400,59,18.0,1,danganronpa: the animation
2586,Hellsing,2001,18+,59/100,0,1,0,0,tv_show,reality television,United States,English,7.9/10,tt0092400,59,18.0,1,hellsing
2587,Fate/stay night,2006,18+,59/100,0,1,0,0,tv_show,reality television,United States,English,7.3/10,tt0092400,59,18.0,1,fate/stay night
2588,Uncle,2014,16+,59/100,0,1,0,0,tv_show,reality television,United States,English,7.9/10,tt0092400,59,16.0,1,uncle
2589,Deadly Women,2005,16+,59/100,0,1,1,0,tv_show,reality television,"Australia, United States",English,10.0,tt1319260,59,16.0,1,deadly women
2590,Ironside,1967,7+,59/100,0,1,0,0,tv_show,crime television series,United States,English,10.0,tt0061266,59,7.0,1,ironside
2592,D.Gray-man,2006,16+,59/100,0,1,0,0,tv_show,reality television,United States,English,7.7/10,tt0092400,59,16.0,1,d.gray-man
2593,Space Dandy,2014,16+,59/100,0,1,0,0,tv_show,reality television,United States,English,8.1/10,tt0092400,59,16.0,1,space dandy
2594,Songland,2019,7+,59/100,0,1,0,0,tv_show,"reality show, talent show",United States,English,8.0,tt9165752,59,7.0,1,songland
2595,Running Wild with Bear Grylls,2014,7+,59/100,0,1,0,1,tv_show,docu-soap,United States,English,3.0,tt3816666,59,7.0,1,running wild with bear grylls
2596,Living Single,1993,7+,59/100,0,1,0,0,tv_show,sitcom,United States,English,7.7,tt0106056,59,7.0,1,living single
2597,My 600-lb Life,2012,16+,59/100,0,1,0,0,tv_show,reality television,United States,English,10.0,tt2152112,59,16.0,1,my 600-lb life
2598,Naked and Afraid XL,2015,16+,59/100,0,1,0,0,tv_show,reality television,United States,English,9.0,tt4791250,59,16.0,1,naked and afraid xl
2600,Popeye the Sailor,1960,all,59/100,0,1,0,0,tv_show,reality television,United States,English,7.1/10,tt0092400,59,16.0,1,popeye the sailor
2601,20/20,1978,16+,59/100,0,1,0,0,tv_show,news program,United States,English,6.0,tt0124932,59,16.0,1,20/20
2602,The Thundermans,2013,all,59/100,0,1,0,0,tv_show,"teen sitcom, American television sitcom",United States,English,7.0,tt2712516,59,16.0,1,the thundermans
2603,90 Day Fiancé,2014,16+,59/100,0,1,0,0,tv_show,reality television,United States,English,7.0,tt3469050,59,16.0,1,90 day fiancé
2604,Duck Dynasty,2012,7+,59/100,0,1,0,0,tv_show,reality television,United States,English,6.0,tt2229907,59,7.0,1,duck dynasty
2605,Pasión prohibida,2013,16+,59/100,0,1,0,0,tv_show,"drama television series, romance television series",United States,"Spanish, English",10.0,tt2636446,59,16.0,1,pasión prohibida
2606,No Man's Land,2020,16+,59/100,0,1,0,0,tv_show,reality television,United States,English,7.7/10,tt0092400,59,16.0,1,no man's land
2607,Upstairs Downstairs,2010,7+,59/100,0,1,0,0,tv_show,"drama television series, period drama film",United Kingdom,English,8.0,tt1782352,59,7.0,1,upstairs downstairs
2608,The Bastard Executioner,2015,18+,59/100,0,1,0,0,tv_show,"historical television series, drama television series",United States,English,9.0,tt4218618,59,18.0,1,the bastard executioner
2610,The Food That Built America,2019,7+,59/100,0,1,0,0,tv_show,reality television,United States,English,10.0,tt10098248,59,7.0,1,the food that built america
2611,Hang Ups,2018,16+,59/100,0,1,0,0,tv_show,teen sitcom,United Kingdom,English,8.0,tt7411444,59,16.0,1,hang ups
2612,Star,2016,16+,59/100,0,1,0,0,tv_show,reality television,United States,English,6.7/10,tt0092400,59,16.0,1,star
2614,Saving Grace,2007,18+,59/100,0,1,0,0,tv_show,"fantasy television series, crime television series, drama television series",United States,English,7.6,tt0830900,59,18.0,1,saving grace
2615,Full Metal Panic!,2002,16+,58/100,0,1,0,0,tv_show,reality television,United States,English,7.7/10,tt0092400,58,16.0,1,full metal panic!
2616,America's Funniest Home Videos,1989,7+,58/100,0,1,0,1,tv_show,comedy television program,United States,English,3.0,tt0098740,58,7.0,1,america's funniest home videos
2617,BuzzFeed Unsolved - True Crime,2016,16+,58/100,0,1,1,0,tv_show,reality television,United States,English,8.9/10,tt0092400,58,16.0,1,buzzfeed unsolved - true crime
2618,Log Horizon,2013,16+,58/100,0,1,0,0,tv_show,reality television,United States,English,7.7/10,tt0092400,58,16.0,1,log horizon
2619,Son of Zorn,2016,16+,58/100,0,1,0,0,tv_show,sitcom,United States,English,9.0,tt4798814,58,16.0,1,son of zorn
2620,Him & Her,2010,16+,58/100,0,1,0,0,tv_show,"sitcom, LGBT-related television series",United Kingdom,English,9.0,tt1493923,58,16.0,1,him & her
2621,World Trigger,2014,16+,58/100,0,1,0,0,tv_show,reality television,United States,English,7.5/10,tt0092400,58,16.0,1,world trigger
2622,Clarence,2014,7+,58/100,0,1,0,0,tv_show,reality television,United States,English,6.6/10,tt0092400,58,7.0,1,clarence
2623,Kenan,2021,7+,58/100,0,1,0,0,tv_show,reality television,United States,English,5.6/10,tt0092400,58,7.0,1,kenan
2624,Mayo Chiki!,2011,18+,58/100,0,1,0,0,tv_show,reality television,United States,English,7.0/10,tt0092400,58,18.0,1,mayo chiki!
2625,Haven't You Heard? I'm Sakamoto,2016,16+,58/100,0,1,0,0,tv_show,reality television,United States,English,7.2/10,tt0092400,58,16.0,1,haven't you heard? i'm sakamoto
2626,Hard Sun,2018,18+,58/100,0,1,0,0,tv_show,science fiction television program,United Kingdom,English,9.0,tt6402362,58,18.0,1,hard sun
2627,Crime Scene Kitchen,2021,16+,58/100,0,1,0,0,tv_show,cooking show,United States,English,10.0,tt14409846,58,16.0,1,crime scene kitchen
2628,Dance Moms,2011,7+,58/100,0,1,0,0,tv_show,"reality television, talent show",United States,English,1.0,tt1991410,58,7.0,1,dance moms
2629,Gordon Ramsay's 24 Hours to Hell and Back,2018,16+,58/100,0,1,0,0,tv_show,reality television,United States,English,7.0,tt7768166,58,16.0,1,gordon ramsay's 24 hours to hell and back
2630,The White Shadow,1978,16+,58/100,0,1,0,0,tv_show,reality television,United States,English,8.0,tt0077101,58,16.0,1,the white shadow
2631,X Company,2015,16+,58/100,0,1,0,0,tv_show,thriller television series,Canada,English,9.0,tt4338336,58,16.0,1,x company
2632,Step by Step,1991,all,58/100,0,1,0,0,tv_show,comedy television series,United States,English,6.6,tt0101205,58,16.0,1,step by step
2633,False Flag,2015,16+,58/100,0,1,0,0,tv_show,"drama television series, thriller television series",Israel,Hebrew,9.0,tt5091684,58,16.0,1,false flag
2634,Housebroken,2021,16+,58/100,0,1,0,0,tv_show,reality television,United States,English,5.9/10,tt0092400,58,16.0,1,housebroken
2635,Jimmy Kimmel Live!,2003,16+,58/100,0,1,0,0,tv_show,late-night talk show,United States,English,6.4,tt0320037,58,16.0,1,jimmy kimmel live!
2636,The Cleveland Show,2009,16+,58/100,0,1,0,0,tv_show,reality television,United States,English,5.5/10,tt0092400,58,16.0,1,the cleveland show
2637,Midnight Sun,2016,16+,58/100,1,1,0,0,tv_show,reality television,United States,English,7.5/10,tt0092400,58,16.0,1,midnight sun
2638,Dice,2016,18+,58/100,0,1,0,0,tv_show,reality television,United States,English,7.5/10,tt0092400,58,18.0,1,dice
2639,Primeval: New World,2012,16+,58/100,0,1,0,0,tv_show,science fiction television program,Canada,English,8.0,tt2295953,58,16.0,1,primeval: new world
2640,7th Heaven,1996,7+,58/100,0,1,1,0,tv_show,drama television series,United States,English,5.3,tt0115083,58,7.0,1,7th heaven
2641,Cutthroat Kitchen,2013,all,58/100,0,1,0,0,tv_show,"game show, cooking show",United States,English,9.0,tt2930446,58,16.0,1,cutthroat kitchen
2642,Married,2014,18+,58/100,0,1,0,0,tv_show,sitcom,United States,English,8.1,tt0092400,58,18.0,1,married
2643,Land of Honor,2014,16+,58/100,0,1,0,0,tv_show,drama television series,United States,"Spanish, English",10.0,tt4017986,58,16.0,1,land of honor
2644,The UnXplained,2019,16+,58/100,0,1,0,0,tv_show,reality television,United States,English,6.0,tt10098498,58,16.0,1,the unxplained
2645,Deadbeat,2014,16+,58/100,0,1,0,0,tv_show,"paranormal television program, comedy television series",United States,English,8.0,tt3147316,58,16.0,1,deadbeat
2646,Alone Together,2018,16+,58/100,0,1,0,0,tv_show,reality television,United States,English,9.0,tt5615840,58,16.0,1,alone together
2648,Chivalry of a Failed Knight,2015,18+,58/100,0,1,0,0,tv_show,reality television,United States,English,7.4/10,tt0092400,58,18.0,1,chivalry of a failed knight
2649,Intruders,2014,18+,58/100,0,1,1,0,tv_show,reality television,United States,English,6.7/10,tt0092400,58,18.0,1,intruders
2650,Kimi ni Todoke: From Me to You,2009,all,58/100,0,1,0,0,tv_show,reality television,United States,English,7.8/10,tt0092400,58,16.0,1,kimi ni todoke: from me to you
2651,WWE Friday Night SmackDown,1999,7+,58/100,0,1,0,0,tv_show,"sports entertainment, professional wrestling",United States,"American English, Spanish, French",7.3,tt0227972,58,7.0,1,wwe friday night smackdown
2652,Coronation Street,1960,7+,58/100,0,1,0,0,tv_show,soap opera,United Kingdom,English,5.6,tt0053494,58,7.0,1,coronation street
2653,Dirty Sexy Money,2007,7+,58/100,0,1,0,0,tv_show,"drama television series, LGBT-related television series",United States,English,9.0,tt0960136,58,7.0,1,dirty sexy money
2654,The Accident,2019,16+,58/100,0,1,0,0,tv_show,drama television series,United Kingdom,"English, British Sign Language, Welsh",6.0,tt9145372,58,16.0,1,the accident
2655,Kenichi: The Mightiest Disciple,2006,16+,58/100,0,1,1,0,tv_show,reality television,United States,English,8.2/10,tt0092400,58,16.0,1,kenichi: the mightiest disciple
2656,Archangel,2005,18+,58/100,0,1,0,0,tv_show,reality television,United States,English,6.5/10,tt0092400,58,18.0,1,archangel
2657,Persona 4 The Animation,2011,7+,58/100,0,1,0,0,tv_show,reality television,United States,English,7.6/10,tt0092400,58,7.0,1,persona 4 the animation
2658,Melrose Place,1992,16+,57/100,0,1,1,0,tv_show,"soap opera, youth series",United States,English,6.0,tt0103491,57,16.0,1,melrose place
2660,SHIMONETA: A Boring World Where the Concept of Dirty Jokes Doesn't Exist,2015,18+,57/100,0,1,0,0,tv_show,reality television,United States,English,7.0/10,tt0092400,57,18.0,1,shimoneta: a boring world where the concept of dirty jokes doesn't exist
2661,Restaurant: Impossible,2011,all,57/100,0,1,0,0,tv_show,reality television,United States,English,7.0,tt1771742,57,16.0,1,restaurant: impossible
2662,The Legend of the Blue Sea,2016,16+,57/100,0,1,0,0,tv_show,"fantasy television series, romance television series, comedy television series, drama television series",South Korea,Korean,9.0,tt5766194,57,16.0,1,the legend of the blue sea
2663,Alias Smith and Jones,1971,7+,57/100,0,1,0,0,tv_show,Westerns on television,United States,English,7.6,tt0066625,57,7.0,1,alias smith and jones
2664,Justice League Action,2016,7+,57/100,0,1,0,0,tv_show,reality television,United States,English,7.6/10,tt0092400,57,7.0,1,justice league action
2665,Helstrom,2020,16+,57/100,0,1,0,0,tv_show,"drama television series, fantasy television series, horror television series, superhero television program",United States,English,8.0,tt10266874,57,16.0,1,helstrom
2666,Packed to the Rafters,2008,18+,57/100,0,1,0,0,tv_show,drama television series,Australia,English,5.0,tt1132600,57,18.0,1,packed to the rafters
2667,Oh My Venus,2015,16+,57/100,0,1,0,0,tv_show,"romance film, comedy film, drama film",South Korea,Korean,9.0,tt5189944,57,16.0,1,oh my venus
2668,Banished,2015,18+,57/100,0,1,1,0,tv_show,drama,United Kingdom,English,8.0,tt3508050,57,18.0,1,banished
2669,Bizarre Foods with Andrew Zimmern,2006,7+,57/100,0,1,0,0,tv_show,reality television,United States,English,9.0,tt1138645,57,7.0,1,bizarre foods with andrew zimmern
2670,Blood Blockade Battlefront,2015,18+,57/100,0,1,0,0,tv_show,reality television,United States,English,7.3/10,tt0092400,57,18.0,1,blood blockade battlefront
2671,Curious George,2006,all,57/100,0,1,0,0,tv_show,reality television,United States,English,7.2/10,tt0092400,57,16.0,1,curious george
2672,Guilty Crown,2011,16+,57/100,0,1,0,0,tv_show,reality television,United States,English,7.1/10,tt0092400,57,16.0,1,guilty crown
2673,Outlaw Star,1998,16+,57/100,0,1,0,0,tv_show,reality television,United States,English,7.9/10,tt0092400,57,16.0,1,outlaw star
2674,The Real Housewives of New York City,2008,16+,57/100,0,1,0,0,tv_show,reality television,United States,English,8.0,tt1191056,57,16.0,1,the real housewives of new york city
2675,Storage Wars,2010,7+,57/100,0,1,1,0,tv_show,reality television,United States,English,6.3,tt1785123,57,7.0,1,storage wars
2676,Bluff City Law,2019,16+,57/100,0,1,0,0,tv_show,"legal drama, LGBT-related television series",United States,English,10.0,tt10312776,57,16.0,1,bluff city law
2677,Bad Girls Club,2006,16+,57/100,0,1,0,0,tv_show,reality television,United States,English,4.7/10,tt0092400,57,16.0,1,bad girls club
2678,The Bisexual,2018,16+,57/100,0,1,0,0,tv_show,"drama television series, comedy television series, LGBT-related television series","United Kingdom, United States",English,5.0,tt8050586,57,16.0,1,the bisexual
2679,McHale's Navy,1962,all,57/100,0,1,0,0,tv_show,American television sitcom,United States,English,7.4,tt0055689,57,16.0,1,mchale's navy
2681,The Four: Battle for Stardom,2018,16+,57/100,0,1,0,0,tv_show,singing talent show,United States,English,1.0,tt7235406,57,16.0,1,the four: battle for stardom
2682,"Doogie Howser, M.D.",1989,7+,57/100,0,1,0,0,tv_show,"medical drama, teen sitcom, comedy drama",United States,English,7.0,tt0096569,57,7.0,1,"doogie howser, m.d."
2683,House Hunters International,2006,all,57/100,0,1,0,0,tv_show,reality television,United States,English,8.0,tt0795129,57,16.0,1,house hunters international
2684,Shark,2006,16+,57/100,0,1,0,0,tv_show,legal drama,United States,English,10.0,tt0805666,57,16.0,1,shark
2685,Sasquatch,2021,18+,57/100,0,1,0,0,tv_show,reality television,United States,English,6.2/10,tt0092400,57,18.0,1,sasquatch
2686,The Electric Company,1971,all,57/100,0,1,1,0,tv_show,reality television,United States,English,8.2,tt0066651,57,16.0,1,the electric company
2687,Akudama Drive,2020,18+,57/100,0,1,0,0,tv_show,reality television,United States,English,7.5/10,tt0092400,57,18.0,1,akudama drive
2688,Love & Hip Hop Atlanta,2012,16+,57/100,0,1,0,0,tv_show,reality television,United States,English,5.5/10,tt0092400,57,16.0,1,love & hip hop atlanta
2689,Good Doctor,2013,16+,57/100,0,1,0,0,tv_show,"medical drama, drama film, romance film",South Korea,Korean,6.0,tt3184708,57,16.0,1,good doctor
2690,Alaska: The Last Frontier,2011,16+,57/100,0,1,0,0,tv_show,documentary film,United States,English,6.0,tt1877010,57,16.0,1,alaska: the last frontier
2692,Sonic Boom,2014,7+,57/100,0,1,0,0,tv_show,reality television,United States,English,6.9/10,tt0092400,57,7.0,1,sonic boom
2694,Graves,2016,18+,57/100,0,1,0,0,tv_show,reality television,United States,English,6.6/10,tt0092400,57,18.0,1,graves
2695,The Secret of Crickley Hall,2012,16+,56/100,0,1,0,0,tv_show,"drama television series, television series based on a novel",United Kingdom,English,9.0,tt2294227,56,16.0,1,the secret of crickley hall
2696,Locked Up Abroad,2008,16+,56/100,0,1,0,0,tv_show,reality television,United Kingdom,English,8.4,tt0765433,56,16.0,1,locked up abroad
2697,School Rumble,2004,7+,56/100,0,1,0,0,tv_show,reality television,United States,English,7.8/10,tt0092400,56,7.0,1,school rumble
2698,Princess Tutu,2002,16+,56/100,0,1,1,0,tv_show,reality television,United States,English,8.1/10,tt0092400,56,16.0,1,princess tutu
2699,Date a Live,2013,16+,56/100,0,1,0,0,tv_show,reality television,United States,English,7.0/10,tt0092400,56,16.0,1,date a live
2700,Devil May Cry,2007,16+,56/100,0,1,0,0,tv_show,reality television,United States,English,7.1/10,tt0092400,56,16.0,1,devil may cry
2701,MasterChef Junior,2013,all,56/100,0,1,0,0,tv_show,reality television,United States,English,6.0,tt3038248,56,16.0,1,masterchef junior
2702,Utopia Falls,2020,7+,56/100,0,1,0,0,tv_show,"science fiction, drama, music","Canada, United States",English,8.0,tt10193046,56,7.0,1,utopia falls
2703,Fear Factor,2001,7+,56/100,0,1,0,0,tv_show,game show,United States,English,7.0,tt0278191,56,7.0,1,fear factor
2704,Hellevator,2015,18+,56/100,0,1,0,0,tv_show,reality television,United States,English,5.0,tt4787000,56,18.0,1,hellevator
2705,Aesthetica of a Rogue Hero,2012,18+,56/100,0,1,0,0,tv_show,reality television,United States,English,7.1/10,tt0092400,56,18.0,1,aesthetica of a rogue hero
2706,"Drugs, Inc.",2010,16+,56/100,0,1,0,0,tv_show,television documentary,United States,English,8.0,tt1688779,56,16.0,1,"drugs, inc."
2707,Pure,2017,18+,56/100,0,1,0,0,tv_show,reality television,United States,English,7.0/10,tt0092400,56,18.0,1,pure
2708,Dr. Pimple Popper,2018,16+,56/100,0,1,0,0,tv_show,reality television,United States,English,7.0,tt8564914,56,16.0,1,dr. pimple popper
2709,The Biggest Loser,2004,7+,56/100,0,1,0,0,tv_show,reality television,United States,English,9.0,tt0429318,56,7.0,1,the biggest loser
2710,Filthy Rich,2020,16+,56/100,0,1,0,0,tv_show,comedy drama,United States,English,7.0,tt10327526,56,16.0,1,filthy rich
2711,Grimgar of Fantasy and Ash,2016,16+,56/100,0,1,0,0,tv_show,reality television,United States,English,7.4/10,tt0092400,56,16.0,1,grimgar of fantasy and ash
2712,Bless the Harts,2019,16+,56/100,0,1,0,0,tv_show,reality television,United States,English,5.4/10,tt0092400,56,16.0,1,bless the harts
2713,Celebrity Family Feud,2008,7+,56/100,0,1,0,0,tv_show,game show,United States,English,1.0,tt1249208,56,7.0,1,celebrity family feud
2714,xxxHOLiC,2006,16+,56/100,0,1,0,0,tv_show,thriller,Japan,Japanese,7.0,tt2651338,56,16.0,1,xxxholic
2715,Bloom,2019,16+,56/100,0,1,0,0,tv_show,reality television,United States,English,6.7/10,tt0092400,56,16.0,1,bloom
2716,Paradox,2009,16+,56/100,1,1,1,0,tv_show,reality television,United States,English,7.0/10,tt0092400,56,16.0,1,paradox
2717,Worst Cooks in America,2010,all,56/100,0,1,0,0,tv_show,reality television,United States,English,8.0,tt1570957,56,16.0,1,worst cooks in america
2718,Keeping Up with the Kardashians,2007,16+,56/100,0,1,0,0,tv_show,"docu-soap, reality show",United States,English,2.9,tt1086761,56,16.0,1,keeping up with the kardashians
2719,Blossom,1990,all,56/100,0,1,0,0,tv_show,"American television sitcom, teen sitcom",United States,English,6.1,tt0101050,56,16.0,1,blossom
2720,Taste the Nation with Padma Lakshmi,2020,16+,56/100,0,1,0,0,tv_show,television documentary,United States,English,10.0,tt12244950,56,16.0,1,taste the nation with padma lakshmi
2721,Digimon Tamers,2001,7+,56/100,0,1,0,0,tv_show,reality television,United States,English,7.7/10,tt0092400,56,7.0,1,digimon tamers
2722,"BOFURI: I Don’t Want to Get Hurt, so I’ll Max Out My Defense.",2020,16+,56/100,0,1,0,0,tv_show,reality television,United States,English,7.5/10,tt0092400,56,16.0,1,"bofuri: i don’t want to get hurt, so i’ll max out my defense."
2723,Cake Boss,2009,7+,56/100,0,1,0,0,tv_show,"docu-reality, culinary art",United States,English,6.6,tt1444382,56,7.0,1,cake boss
2724,Tyler Perry's If Loving You Is Wrong,2014,16+,56/100,0,1,0,0,tv_show,reality television,United States,English,5.8/10,tt0092400,56,16.0,1,tyler perry's if loving you is wrong
2725,Plastic Memories,2015,16+,56/100,0,1,0,0,tv_show,reality television,United States,English,7.4/10,tt0092400,56,16.0,1,plastic memories
2726,Love It or List It,2008,all,56/100,0,1,0,0,tv_show,"reality television, home renovation show","Canada, United States",English,3.0,tt1773182,56,16.0,1,love it or list it
2727,Dragnet,1967,7+,56/100,0,1,0,0,tv_show,police procedural,United States,English,7.5,tt0043194,56,7.0,1,dragnet
2728,"Say ""I Love You.""",2012,16+,56/100,0,1,0,0,tv_show,reality television,United States,English,7.4/10,tt0092400,56,16.0,1,"say ""i love you."""
2729,Rev.,2010,16+,56/100,0,1,0,0,tv_show,reality television,United States,English,7.9/10,tt0092400,56,16.0,1,rev.
2730,Axe Cop,2013,18+,56/100,0,1,0,0,tv_show,reality television,United States,English,7.4/10,tt0092400,56,18.0,1,axe cop
2731,The Secret Life of the American Teenager,2008,16+,55/100,0,1,0,0,tv_show,"drama television series, LGBT-related television series, youth series",United States,English,5.0,tt1179817,55,16.0,1,the secret life of the american teenager
2732,Extreme Ghostbusters,1997,7+,55/100,0,1,0,0,tv_show,reality television,United States,English,6.9/10,tt0092400,55,7.0,1,extreme ghostbusters
2733,OK K.O.! Let's Be Heroes,2017,7+,55/100,0,1,0,0,tv_show,reality television,United States,English,7.0/10,tt0092400,55,7.0,1,ok k.o.! let's be heroes
2734,頭文字D First Stage,1998,7+,55/100,0,1,0,0,tv_show,reality television,United States,English,8.4/10,tt0092400,55,7.0,1,頭文字d first stage
2735,The Firm,2012,16+,55/100,0,1,1,0,tv_show,reality television,United States,English,7.1/10,tt0092400,55,16.0,1,the firm
2736,The Titan Games,2019,all,55/100,0,1,0,0,tv_show,sports television program,United States,English,6.0,tt7967262,55,16.0,1,the titan games
2737,Attack on Titan: Junior High,2015,16+,55/100,0,1,0,0,tv_show,reality television,United States,English,7.1/10,tt0092400,55,16.0,1,attack on titan: junior high
2738,To Love-Ru,2008,18+,55/100,0,1,0,0,tv_show,reality television,United States,English,6.9/10,tt0092400,55,18.0,1,to love-ru
2739,Rosario + Vampire,2008,18+,55/100,0,1,0,0,tv_show,reality television,United States,English,7.0/10,tt0092400,55,18.0,1,rosario + vampire
2740,All Saints,1998,16+,55/100,0,1,0,0,tv_show,"drama television series, LGBT-related television series, medical drama",Australia,English,10.0,tt0163924,55,16.0,1,all saints
2741,Fast N' Loud,2012,16+,55/100,0,1,0,0,tv_show,reality television,United States,English,7.0,tt2346169,55,16.0,1,fast n' loud
2742,Upper Middle Bogan,2013,16+,55/100,0,1,0,0,tv_show,comedy television series,Australia,English,9.0,tt2401525,55,16.0,1,upper middle bogan
2743,Toilet-Bound Hanako-kun,2020,16+,55/100,0,1,0,0,tv_show,reality television,United States,English,7.6/10,tt0092400,55,16.0,1,toilet-bound hanako-kun
2744,Barbarians Rising,2016,18+,55/100,0,1,0,0,tv_show,reality television,United States,English,8.0,tt5807292,55,18.0,1,barbarians rising
2745,Prey,2014,16+,55/100,0,1,0,0,tv_show,reality television,United States,English,7.2/10,tt0092400,55,16.0,1,prey
2747,Silk Stalkings,1991,16+,55/100,0,1,0,0,tv_show,"crime television series, drama television series",United States,English,8.0,tt0101198,55,16.0,1,silk stalkings
2748,Match Game,1973,7+,55/100,0,1,1,0,tv_show,panel game,United States,English,7.5,tt0055688,55,7.0,1,match game
2749,The Most Dangerous Animal of All,2020,16+,55/100,0,1,0,0,tv_show,reality television,United States,English,6.3/10,tt0092400,55,16.0,1,the most dangerous animal of all
2750,Arifureta: From Commonplace to World's Strongest,2019,16+,55/100,0,1,0,0,tv_show,reality television,United States,English,7.0/10,tt0092400,55,16.0,1,arifureta: from commonplace to world's strongest
2751,Renegade,1992,16+,55/100,0,1,0,0,tv_show,action television series,United States,English,6.0,tt0103524,55,16.0,1,renegade
2752,Disappeared,2009,7+,55/100,0,1,0,0,tv_show,"true crime, television documentary",United States,English,9.0,tt1563280,55,7.0,1,disappeared
2753,My Favorite Martian,1963,all,55/100,0,1,0,1,tv_show,"fantasy television series, science fiction television program, American television sitcom",United States,English,7.2,tt0056775,55,16.0,1,my favorite martian
2754,Wise Man’s Grandchild,2019,16+,55/100,0,1,0,0,tv_show,reality television,United States,English,6.8/10,tt0092400,55,16.0,1,wise man’s grandchild
2755,The Slap,2015,16+,55/100,0,1,1,0,tv_show,drama television series,Australia,English,8.0,tt1823011,55,16.0,1,the slap
2756,Daniel Deronda,2002,16+,55/100,0,1,0,0,tv_show,reality television,United States,English,7.2/10,tt0092400,55,16.0,1,daniel deronda
2757,90 Day Fiancé: Before the 90 Days,2017,16+,55/100,0,1,0,0,tv_show,reality television,United States,English,6.8/10,tt0092400,55,16.0,1,90 day fiancé: before the 90 days
2758,Love Thy Neighbor,2013,7+,55/100,0,1,0,0,tv_show,comedy television series,United States,English,1.0,tt2834032,55,7.0,1,love thy neighbor
2759,Infinite Stratos,2011,18+,55/100,0,1,0,0,tv_show,reality television,United States,English,6.7/10,tt0092400,55,18.0,1,infinite stratos
2760,A Certain Scientific Railgun,2009,16+,55/100,0,1,0,0,tv_show,reality television,United States,English,7.6/10,tt0092400,55,16.0,1,a certain scientific railgun
2761,Taggart,1983,18+,55/100,0,1,0,0,tv_show,"crime television series, police television drama, drama television series",United Kingdom,English,7.4,tt0088621,55,18.0,1,taggart
2762,Call Me Kat,2021,7+,55/100,0,1,0,0,tv_show,American television sitcom,United States,English,8.0,tt10985096,55,7.0,1,call me kat
2763,My Love Story!!,2015,16+,55/100,0,1,0,0,tv_show,reality television,United States,English,7.8/10,tt0092400,55,16.0,1,my love story!!
2764,Digimon Adventure:,2020,all,55/100,0,1,0,0,tv_show,reality television,United States,English,7.4/10,tt0092400,55,16.0,1,digimon adventure:
2766,City Homicide,2007,16+,55/100,0,1,0,0,tv_show,"drama television series, police procedural",Australia,English,8.0,tt1024932,55,16.0,1,city homicide
2767,The Lucy Show,1962,7+,55/100,0,1,0,0,tv_show,American television sitcom,United States,English,6.0,tt0055686,55,7.0,1,the lucy show
2768,Bering Sea Gold,2012,all,55/100,0,1,0,0,tv_show,reality television,United States,English,9.0,tt2182427,55,16.0,1,bering sea gold
2769,Dog with a Blog,2012,all,55/100,0,1,0,1,tv_show,"sitcom, children's television series",United States,English,7.0,tt2222135,55,16.0,1,dog with a blog
2770,Beyond Scared Straight,2011,18+,55/100,0,1,0,0,tv_show,television documentary,United States,English,1.0,tt1707374,55,18.0,1,beyond scared straight
2771,Deutschland 89,2020,16+,55/100,0,1,0,0,tv_show,"drama television series, espionage television series",Germany,German,9.0,tt8760304,55,16.0,1,deutschland 89
2772,The Smile Has Left Your Eyes,2018,all,55/100,0,1,0,0,tv_show,"thriller television series, drama television series, mystery television series, romance television series",South Korea,Korean,9.0,tt8696768,55,16.0,1,the smile has left your eyes
2773,Bakuman。,2010,16+,55/100,0,1,0,0,tv_show,reality television,United States,English,8.0/10,tt0092400,55,16.0,1,bakuman。
2774,Castaways,2018,7+,55/100,0,1,0,0,tv_show,reality show,United States,English,10.0,tt8589128,55,7.0,1,castaways
2776,Iron Chef America,2005,all,54/100,0,1,0,0,tv_show,reality television,United States,English,7.1,tt0441718,54,16.0,1,iron chef america
2777,Your Pretty Face Is Going to Hell,2013,18+,54/100,0,1,0,0,tv_show,"comedy television series, slapstick, black comedy",United States,English,10.0,tt2362694,54,18.0,1,your pretty face is going to hell
2778,Jersey Shore,2009,16+,54/100,0,1,0,0,tv_show,"reality television, docu-soap",United States,English,1.0,tt1563069,54,16.0,1,jersey shore
2779,Tim and Eric's Bedtime Stories,2014,18+,54/100,0,1,0,0,tv_show,anthology series,United States,English,10.0,tt3292726,54,18.0,1,tim and eric's bedtime stories
2780,ID: INVADED,2020,18+,54/100,0,1,0,0,tv_show,reality television,United States,English,7.7/10,tt0092400,54,18.0,1,id: invaded
2781,Undercover Boss,2010,7+,54/100,0,1,0,0,tv_show,reality television,United States,English,8.0,tt1442553,54,7.0,1,undercover boss
2782,Sex&Drugs&Rock&Roll,2015,16+,54/100,0,1,0,0,tv_show,comedy,United States,English,10.0,tt3594982,54,16.0,1,sex&drugs&rock&roll
2783,Vanished,2006,18+,54/100,0,1,0,0,tv_show,reality television,United States,English,7.0/10,tt0092400,54,18.0,1,vanished
2784,Skin Wars,2014,16+,54/100,0,1,0,0,tv_show,reality television,United States,English,3.0,tt3231286,54,16.0,1,skin wars
2785,Hollywood Game Night,2013,7+,54/100,0,1,0,0,tv_show,game show,United States,English,1.0,tt3037520,54,7.0,1,hollywood game night
2786,A Christmas Carol,2019,18+,54/100,0,1,0,1,tv_show,reality television,United States,English,7.2/10,tt0092400,54,18.0,1,a christmas carol
2787,Black Narcissus,2020,18+,54/100,0,1,0,0,tv_show,television series based on a novel,United Kingdom,English,8.0,tt8001136,54,18.0,1,black narcissus
2789,Pramface,2012,16+,54/100,0,1,0,0,tv_show,sitcom,United Kingdom,English,9.0,tt2239949,54,16.0,1,pramface
2790,Buzzfeed Unsolved - Supernatural,2016,16+,54/100,0,1,1,0,tv_show,reality television,United States,English,8.7/10,tt0092400,54,16.0,1,buzzfeed unsolved - supernatural
2791,The Lowe Files,2017,7+,54/100,0,1,1,0,tv_show,reality television,United States,English,10.0,tt7214622,54,7.0,1,the lowe files
2792,When the Weather is Fine,2020,16+,54/100,0,1,0,0,tv_show,"drama film, romance film",South Korea,Korean,9.0,tt11535086,54,16.0,1,when the weather is fine
2793,Kämpfer,2009,18+,54/100,0,1,0,0,tv_show,reality television,United States,English,6.2/10,tt0092400,54,18.0,1,kämpfer
2794,City So Real,2020,16+,54/100,0,1,0,0,tv_show,television documentary,United States,English,4.0,tt11469904,54,16.0,1,city so real
2795,American Idol,2002,7+,54/100,0,1,0,0,tv_show,singing talent show,United States,English,4.3,tt0319931,54,7.0,1,american idol
2796,Lincoln Heights,2007,7+,54/100,0,1,0,0,tv_show,drama television series,United States,English,10.0,tt0775374,54,7.0,1,lincoln heights
2797,Some Girls,2012,16+,54/100,0,1,0,0,tv_show,reality television,United States,English,7.7/10,tt0092400,54,16.0,1,some girls
2798,The Asterisk War,2015,16+,54/100,0,1,0,0,tv_show,reality television,United States,English,6.9/10,tt0092400,54,16.0,1,the asterisk war
2799,The Housewife and the Hustler,2021,16+,54/100,0,1,0,0,tv_show,reality television,United States,English,6.4/10,tt0092400,54,16.0,1,the housewife and the hustler
2800,Nura: Rise of the Yokai Clan,2010,16+,54/100,0,1,0,0,tv_show,reality television,United States,English,7.6/10,tt0092400,54,16.0,1,nura: rise of the yokai clan
2801,Find Me in Paris,2018,all,54/100,0,1,0,0,tv_show,"romance film, LGBT-related television series","France, Germany",English,7.0,tt7150060,54,16.0,1,find me in paris
2802,Devils' Line,2018,18+,54/100,0,1,0,0,tv_show,reality television,United States,English,6.9/10,tt0092400,54,18.0,1,devils' line
2803,Wander Over Yonder,2013,7+,54/100,0,1,0,1,tv_show,reality television,United States,English,7.2/10,tt0092400,54,7.0,1,wander over yonder
2804,The Qwaser of Stigmata,2010,18+,54/100,0,1,0,0,tv_show,reality television,United States,English,5.6/10,tt0092400,54,18.0,1,the qwaser of stigmata
2805,Trust Me,2017,16+,54/100,0,1,0,0,tv_show,reality television,United States,English,7.0/10,tt0092400,54,16.0,1,trust me
2806,Dream Corp LLC,2016,16+,54/100,0,1,0,0,tv_show,comedy,United States,English,10.0,tt5475704,54,16.0,1,dream corp llc
2807,Top Gear,2010,7+,54/100,0,1,1,0,tv_show,"automotive television show, entertainment television program, factual television program",United Kingdom,English,8.7,tt1628033,54,7.0,1,top gear
2808,Swamp People,2010,7+,54/100,0,1,1,0,tv_show,"documentary film, reality television",United States,English,6.2,tt1747551,54,7.0,1,swamp people
2809,Still 17,2018,16+,54/100,0,1,0,0,tv_show,"comedy film, romance film, drama television series",South Korea,Korean,7.0,tt8648696,54,16.0,1,still 17
2810,Kiri,2018,16+,54/100,0,1,0,0,tv_show,reality television,United States,English,6.7/10,tt0092400,54,16.0,1,kiri
2811,Baghdad Central,2020,16+,54/100,0,1,0,0,tv_show,"crime thriller film, neo-noir",United Kingdom,"English, Arabic",8.0,tt7411098,54,16.0,1,baghdad central
2812,Haganai: I Don't Have Many Friends,2011,18+,54/100,0,1,0,0,tv_show,reality television,United States,English,7.1/10,tt0092400,54,18.0,1,haganai: i don't have many friends
2813,Coupling,2000,7+,53/100,0,1,0,0,tv_show,sitcom,United Kingdom,English,8.5,tt0237123,53,7.0,1,coupling
2814,Witchblade,2006,18+,53/100,0,1,0,0,tv_show,reality television,United States,English,6.5,tt0274298,53,18.0,1,witchblade
2815,The Bachelor,2002,16+,53/100,0,1,0,0,tv_show,reality television,United States,English,3.0,tt0313038,53,16.0,1,the bachelor
2816,Just Between Lovers,2017,16+,53/100,0,1,0,0,tv_show,"Korean drama, drama film, romance film",South Korea,English,8.0,tt7521898,53,16.0,1,just between lovers
2817,Doc McStuffins,2012,all,53/100,0,1,0,1,tv_show,reality television,United States,English,6.6/10,tt0092400,53,16.0,1,doc mcstuffins
2818,The Sister,2020,16+,53/100,0,1,0,0,tv_show,reality television,United States,English,5.7/10,tt0092400,53,16.0,1,the sister
2819,To Tell the Truth,2016,7+,53/100,0,1,0,0,tv_show,panel game,United States,English,7.7,tt0048907,53,7.0,1,to tell the truth
2820,Bachelor in Paradise,2014,16+,53/100,0,1,0,0,tv_show,reality television,United States,English,1.0,tt3780132,53,16.0,1,bachelor in paradise
2821,Hikaru no Go,2001,all,53/100,0,1,0,0,tv_show,"Chinese television drama, fantasy television series",People's Republic of China,Chinese,10.0,tt13364846,53,16.0,1,hikaru no go
2822,Everyone Is Doing Great,2021,16+,53/100,0,1,0,0,tv_show,reality television,United States,English,8.0,tt7082442,53,16.0,1,everyone is doing great
2823,Bring It!,2014,7+,53/100,0,1,1,0,tv_show,reality television,United States,English,6.7/10,tt0092400,53,7.0,1,bring it!
2824,Criminal Justice,2008,16+,53/100,0,1,0,0,tv_show,drama television series,United Kingdom,English,10.0,tt1188927,53,16.0,1,criminal justice
2825,Street Outlaws,2013,7+,53/100,0,1,0,0,tv_show,reality television,United States,English,2.0,tt3027156,53,7.0,1,street outlaws
2826,Zomboat!,2019,16+,53/100,0,1,0,0,tv_show,reality television,United States,English,7.0/10,tt0092400,53,16.0,1,zomboat!
2827,Accel World,2012,16+,53/100,0,1,0,0,tv_show,reality television,United States,English,7.1/10,tt0092400,53,16.0,1,accel world
2828,Beat Shazam,2017,16+,53/100,0,1,0,0,tv_show,game show,United States,English,5.0,tt6917254,53,16.0,1,beat shazam
2829,Eden of the East,2009,18+,53/100,0,1,0,0,tv_show,reality television,United States,English,7.6/10,tt0092400,53,18.0,1,eden of the east
2830,Saints & Sinners,2016,16+,53/100,0,1,0,0,tv_show,"LGBT-related television series, soap opera",United States,English,10.0,tt5336934,53,16.0,1,saints & sinners
2831,America's Most Wanted,1988,7+,53/100,0,1,0,0,tv_show,reality television,United States,English,7.2,tt0094415,53,7.0,1,america's most wanted
2832,Seed,2013,18+,53/100,0,1,0,0,tv_show,reality television,United States,English,5.6/10,tt0092400,53,18.0,1,seed
2833,"I Love You, America",2017,18+,53/100,0,1,0,0,tv_show,talk show,United States,English,10.0,tt7509270,53,18.0,1,"i love you, america"
2834,Young Hercules,1998,7+,53/100,0,1,0,0,tv_show,"action television series, children's television series, fantasy television series",United States,English,6.0,tt0169516,53,7.0,1,young hercules
2835,The Commish,1991,16+,53/100,0,1,0,0,tv_show,"comedy drama, crime television series",United States,English,7.1,tt0101069,53,16.0,1,the commish
2836,Vanderpump Rules,2013,16+,53/100,0,1,0,0,tv_show,reality television,United States,English,1.0,tt2343157,53,16.0,1,vanderpump rules
2837,Zeke and Luther,2009,7+,53/100,0,1,0,0,tv_show,teen sitcom,United States,English,6.4,tt1189346,53,7.0,1,zeke and luther
2838,Oreimo,2010,16+,53/100,0,1,0,0,tv_show,reality television,United States,English,6.4/10,tt0092400,53,16.0,1,oreimo
2839,Treehouse Masters,2013,7+,53/100,0,1,0,0,tv_show,reality television,United States,English,7.2,tt2838492,53,7.0,1,treehouse masters
2840,The Real Housewives of Atlanta,2008,16+,53/100,0,1,0,0,tv_show,reality television,United States,English,1.0,tt1252370,53,16.0,1,the real housewives of atlanta
2841,Bedlam,2011,16+,53/100,0,1,0,0,tv_show,horror fiction,United Kingdom,English,8.0,tt1822448,53,16.0,1,bedlam
2842,Slayers,1995,7+,53/100,0,1,0,0,tv_show,reality television,United States,English,7.5/10,tt0092400,53,7.0,1,slayers
2843,The Gong Show,1976,7+,53/100,0,1,0,0,tv_show,reality television,United States,English,7.0,tt0133303,53,7.0,1,the gong show
2844,James May's Man Lab,2010,16+,53/100,0,1,1,0,tv_show,documentary film,United Kingdom,English,7.8,tt1750269,53,16.0,1,james may's man lab
2845,Mr. D,2012,16+,53/100,0,1,0,0,tv_show,reality television,United States,English,6.6/10,tt0092400,53,16.0,1,mr. d
2846,Kick Buttowski: Suburban Daredevil,2010,7+,53/100,0,1,0,1,tv_show,reality television,United States,English,6.6/10,tt0092400,53,7.0,1,kick buttowski: suburban daredevil
2847,The Real Housewives of Potomac,2016,16+,53/100,0,1,0,0,tv_show,reality television,United States,English,10.0,tt5327970,53,16.0,1,the real housewives of potomac
2848,"Good Morning, Miss Bliss",1988,all,53/100,0,1,0,0,tv_show,"teen sitcom, American television sitcom",United States,English,6.7,tt0092363,53,16.0,1,"good morning, miss bliss"
2849,Astra Lost in Space,2019,16+,53/100,0,1,0,0,tv_show,reality television,United States,English,8.1/10,tt0092400,53,16.0,1,astra lost in space
2850,Nurses,2020,7+,52/100,0,1,0,0,tv_show,American television sitcom,United States,English,9.0,tt0101158,52,7.0,1,nurses
2851,Dragon Quest: The Adventure of Dai,2020,16+,52/100,0,1,0,0,tv_show,reality television,United States,English,8.2/10,tt0092400,52,16.0,1,dragon quest: the adventure of dai
2852,Feed the Beast,2016,16+,52/100,0,1,0,0,tv_show,drama television series,United States,English,8.0,tt5363766,52,16.0,1,feed the beast
2853,A Wilderness of Error,2020,18+,52/100,0,1,0,0,tv_show,reality television,United States,English,3.0,tt4504936,52,18.0,1,a wilderness of error
2855,Devil May Care,2021,18+,52/100,0,1,0,0,tv_show,reality television,United States,English,6.0/10,tt0092400,52,18.0,1,devil may care
2856,Handy Manny,2006,all,52/100,0,1,0,1,tv_show,reality television,United States,English,5.6/10,tt0092400,52,16.0,1,handy manny
2857,Deca-Dence,2020,16+,52/100,0,1,0,0,tv_show,reality television,United States,English,7.0/10,tt0092400,52,16.0,1,deca-dence
2859,Love Island Australia,2018,18+,52/100,0,1,0,0,tv_show,reality television,Australia,English,7.0,tt8467296,52,18.0,1,love island australia
2860,The Circus,2016,16+,52/100,0,1,0,0,tv_show,reality television,United States,English,7.0/10,tt0092400,52,16.0,1,the circus
2861,WWE NXT,2010,7+,52/100,0,1,0,0,tv_show,"professional wrestling, reality television",United States,English,8.0,tt1601141,52,7.0,1,wwe nxt
2865,Ruyi's Royal Love in the Palace,2018,16+,52/100,0,1,1,0,tv_show,Jidaigeki,People's Republic of China,Putonghua,10.0,tt7817930,52,16.0,1,ruyi's royal love in the palace
2866,Trafficked with Mariana van Zeller,2020,16+,52/100,0,1,0,0,tv_show,reality television,United States,English,8.0,tt10370750,52,16.0,1,trafficked with mariana van zeller
2867,Hillary,2020,7+,52/100,0,1,0,0,tv_show,reality television,United States,English,6.5/10,tt0092400,52,7.0,1,hillary
2868,La Patrona,2013,16+,52/100,0,1,0,0,tv_show,telenovela,Mexico,Spanish,9.0,tt2585808,52,16.0,1,la patrona
2869,Maison close,2010,18+,52/100,0,1,0,0,tv_show,LGBT-related television series,France,French,7.0,tt1521186,52,18.0,1,maison close
2870,Shahs of Sunset,2012,16+,52/100,0,1,0,0,tv_show,reality television,United States,English,8.0,tt1997999,52,16.0,1,shahs of sunset
2872,Tanked,2011,7+,52/100,0,1,0,0,tv_show,reality television,United States,English,5.0,tt1849622,52,7.0,1,tanked
2873,Little Women: LA,2014,16+,52/100,0,1,1,0,tv_show,reality television,United States,English,5.0,tt3761278,52,16.0,1,little women: la
2874,Quick Draw,2013,16+,52/100,0,1,0,0,tv_show,comedy television series,United States,English,9.0,tt2883562,52,16.0,1,quick draw
2875,Food Network Star,2005,7+,52/100,0,1,0,0,tv_show,reality television,United States,English,6.4,tt0461727,52,7.0,1,food network star
2876,Three Sheets,2006,18+,52/100,0,1,0,0,tv_show,reality television,United States,English,10.0,tt0818464,52,18.0,1,three sheets
2877,F*ck That's Delicious,2016,18+,52/100,0,1,0,0,tv_show,reality television,United States,English,8.0/10,tt0092400,52,18.0,1,f*ck that's delicious
2878,Blood-C,2011,18+,52/100,0,1,0,0,tv_show,reality television,United States,English,6.3/10,tt0092400,52,18.0,1,blood-c
2879,Unusual Suspects,2010,16+,52/100,0,1,0,0,tv_show,television documentary,United States,English,8.0,tt1546360,52,16.0,1,unusual suspects
2881,Food Paradise,2007,all,51/100,0,1,0,0,tv_show,reality television,United States,English,10.0,tt1200227,51,16.0,1,food paradise
2882,Black Jesus,2014,18+,51/100,0,1,0,0,tv_show,American television sitcom,United States,English,10.0,tt3589872,51,18.0,1,black jesus
2883,The Dick Cavett Show,1968,16+,51/100,0,1,0,0,tv_show,talk show,United States,English,8.3,tt0063894,51,16.0,1,the dick cavett show
2884,ItaKiss,2008,16+,51/100,0,1,0,0,tv_show,reality television,United States,English,7.4/10,tt0092400,51,16.0,1,itakiss
2885,Monsterland,2020,16+,51/100,0,1,0,0,tv_show,reality television,United States,American English,6.0,tt10404698,51,16.0,1,monsterland
2886,The Aliens,2016,7+,51/100,0,1,0,0,tv_show,science fiction television program,United Kingdom,English,8.0,tt5458832,51,7.0,1,the aliens
2887,Webster,1983,all,51/100,0,1,0,0,tv_show,American television sitcom,United States,English,9.0,tt0085109,51,16.0,1,webster
2888,Getting On,2009,16+,51/100,0,1,0,0,tv_show,sitcom,United Kingdom,English,3.0,tt1468773,51,16.0,1,getting on
2889,Kono Oto Tomare!: Sounds of Life,2019,7+,51/100,0,1,0,0,tv_show,reality television,United States,English,8.0/10,tt0092400,51,7.0,1,kono oto tomare!: sounds of life
2890,Dante's Cove,2005,18+,51/100,0,1,0,0,tv_show,"soap opera, LGBT-related television series, drama television series",United States,English,8.0,tt0414731,51,18.0,1,dante's cove
2891,Freakish,2016,16+,51/100,0,1,0,0,tv_show,horror fiction,United States,English,6.2,tt5875646,51,16.0,1,freakish
2892,Chuggington,2008,all,51/100,0,1,0,0,tv_show,reality television,United States,English,5.9/10,tt0092400,51,16.0,1,chuggington
2893,The Hills,2006,7+,51/100,0,1,1,0,tv_show,reality television,United States,English,1.0,tt0489598,51,7.0,1,the hills
2894,The Awesomes,2013,16+,51/100,0,1,0,0,tv_show,reality television,United States,English,7.3/10,tt0092400,51,16.0,1,the awesomes
2895,Plunderer,2020,16+,51/100,0,1,0,0,tv_show,reality television,United States,English,6.4/10,tt0092400,51,16.0,1,plunderer
2896,Yu-Gi-Oh! 5D's,2008,13+,51/100,0,1,1,0,tv_show,reality television,United States,English,6.8/10,tt0092400,51,13.0,1,yu-gi-oh! 5d's
2897,Too Cute,2011,7+,51/100,0,1,0,0,tv_show,documentary film,United States,English,10.0,tt2197519,51,7.0,1,too cute
2898,Hollyoaks,1995,16+,51/100,0,1,0,0,tv_show,"soap opera, drama television series, youth series",United Kingdom,English,4.6,tt0112004,51,16.0,1,hollyoaks
2899,Absolute Duo,2015,18+,51/100,0,1,0,0,tv_show,reality television,United States,English,6.4/10,tt0092400,51,18.0,1,absolute duo
2900,Total Divas,2013,16+,51/100,0,1,0,0,tv_show,reality television,United States,English,10.0,tt3056472,51,16.0,1,total divas
2901,What Would You Do?,2008,7+,51/100,0,1,0,0,tv_show,"television news magazine, hidden camera show",United States,English,10.0,tt1361787,51,7.0,1,what would you do?
2902,Born This Way,2015,7+,51/100,0,1,0,0,tv_show,reality television,United States,English,8.5/10,tt0092400,51,7.0,1,born this way
2903,The Menendez Murders: Erik Tells All,2017,16+,51/100,0,1,0,0,tv_show,reality television,United States,English,7.5/10,tt0092400,51,16.0,1,the menendez murders: erik tells all
2904,Late Night with Seth Meyers,2014,16+,51/100,0,1,0,0,tv_show,late-night talk show,United States,American English,8.0,tt3513388,51,16.0,1,late night with seth meyers
2905,Is This a Zombie?,2011,18+,51/100,0,1,0,0,tv_show,reality television,United States,English,7.1/10,tt0092400,51,18.0,1,is this a zombie?
2906,Flavor of Love,2006,16+,51/100,0,1,0,0,tv_show,reality television,United States,English,4.8,tt0488262,51,16.0,1,flavor of love
2907,Momma Named Me Sheriff,2019,18+,51/100,0,1,0,0,tv_show,reality television,United States,English,8.0,tt11305746,51,18.0,1,momma named me sheriff
2908,Hunderby,2012,16+,51/100,0,1,0,0,tv_show,reality television,United Kingdom,English,10.0,tt2375858,51,16.0,1,hunderby
2909,World of Dance,2017,7+,51/100,0,1,0,0,tv_show,talent show,United States,English,7.3,tt5895884,51,7.0,1,world of dance
2910,Gap Year,2017,16+,51/100,0,1,0,0,tv_show,comedy,United Kingdom,English,8.0,tt5793948,51,16.0,1,gap year
2911,The Driver,2014,16+,51/100,0,1,0,0,tv_show,drama television series,United Kingdom,English,6.9,tt3956604,51,16.0,1,the driver
2912,In My Skin,2020,16+,51/100,0,1,0,0,tv_show,"comedy, black comedy film, drama fiction",United Kingdom,English,9.0,tt8594528,51,16.0,1,in my skin
2913,Rin-ne,2015,16+,51/100,0,1,0,0,tv_show,reality television,United States,English,6.6/10,tt0092400,51,16.0,1,rin-ne
2914,Cults and Extreme Belief,2018,16+,51/100,0,1,0,0,tv_show,reality television,United States,English,7.4,tt8457940,51,16.0,1,cults and extreme belief
2915,Napoleon Dynamite,2012,7+,51/100,0,1,0,0,tv_show,reality television,United States,English,6.4/10,tt0092400,51,7.0,1,napoleon dynamite
2916,Man Up!,2011,7+,51/100,0,1,0,0,tv_show,American television sitcom,United States,English,10.0,tt1828238,51,7.0,1,man up!
2917,Butterfly,2018,16+,51/100,0,1,0,0,tv_show,reality television,United States,English,6.4/10,tt0092400,51,16.0,1,butterfly
2918,Worth It,2016,16+,51/100,0,1,1,0,tv_show,reality television,United States,English,8.6/10,tt0092400,51,16.0,1,worth it
2919,Blood Lad,2013,16+,51/100,0,1,0,0,tv_show,reality television,United States,English,7.1/10,tt0092400,51,16.0,1,blood lad
2920,The F Word,2005,18+,50/100,0,1,0,0,tv_show,cooking show,United Kingdom,English,10.0,tt0490035,50,18.0,1,the f word
2921,Siblings,2014,16+,50/100,0,1,0,0,tv_show,reality television,United Kingdom,English,7.0,tt3449528,50,16.0,1,siblings
2922,Law & Order True Crime,2017,16+,50/100,0,1,0,0,tv_show,"anthology series, true crime, drama television series",United States,English,9.0,tt6110318,50,16.0,1,law & order true crime
2923,"The $100,000 Pyramid",2016,16+,50/100,0,1,0,0,tv_show,reality television,United States,English,7.0,tt11718300,50,16.0,1,"the $100,000 pyramid"
2924,Stars Align,2019,16+,50/100,0,1,0,0,tv_show,reality television,United States,English,7.2/10,tt0092400,50,16.0,1,stars align
2925,Blast of Tempest,2012,16+,50/100,0,1,0,0,tv_show,reality television,United States,English,7.6/10,tt0092400,50,16.0,1,blast of tempest
2926,Ask This Old House,2002,all,50/100,0,1,0,0,tv_show,reality television,United States,English,10.0,tt0369081,50,16.0,1,ask this old house
2927,East Los High,2013,16+,50/100,0,1,0,0,tv_show,"teen drama television, LGBT-related television series",United States,"English, Spanish",9.0,tt2312036,50,16.0,1,east los high
2928,Sister Wives,2010,16+,50/100,0,1,0,0,tv_show,reality television,United States,English,5.0,tt1721666,50,16.0,1,sister wives
2929,Place to Place,2012,7+,50/100,0,1,0,0,tv_show,reality television,United States,English,6.7/10,tt0092400,50,7.0,1,place to place
2932,The New Detectives,1996,7+,50/100,0,1,0,0,tv_show,television documentary,United States,English,4.0,tt0279573,50,7.0,1,the new detectives
2933,Who The (Bleep) Did I Marry?,2010,7+,50/100,0,1,0,0,tv_show,television documentary,United States,English,6.8,tt1705096,50,7.0,1,who the (bleep) did i marry?
2934,Crossing Swords,2020,18+,50/100,0,1,0,0,tv_show,reality television,United States,English,6.6/10,tt0092400,50,18.0,1,crossing swords
2935,Baka and Test: Summon the Beasts,2010,7+,50/100,0,1,0,0,tv_show,reality television,United States,English,7.3/10,tt0092400,50,7.0,1,baka and test: summon the beasts
2936,Marido en Alquiler,2013,16+,50/100,0,1,0,0,tv_show,telenovela,United States,Spanish,8.0,tt2877678,50,16.0,1,marido en alquiler
2937,Boy Band,2017,16+,50/100,0,1,0,0,tv_show,reality television,United States,English,1.0,tt6977146,50,16.0,1,boy band
2938,Threesome,2011,18+,50/100,0,1,0,0,tv_show,comedy television series,United Kingdom,English,3.0,tt2071322,50,18.0,1,threesome
2939,Maken-Ki! Battling Venus,2011,18+,50/100,0,1,0,0,tv_show,reality television,United States,English,6.1/10,tt0092400,50,18.0,1,maken-ki! battling venus
2940,Sherman's Showcase,2019,18+,50/100,0,1,0,0,tv_show,reality television,United States,English,10.0,tt7422812,50,18.0,1,sherman's showcase
2941,Yashahime: Princess Half-Demon,2020,16+,50/100,0,1,0,0,tv_show,reality television,United States,English,7.2/10,tt0092400,50,16.0,1,yashahime: princess half-demon
2942,Outbreak Company,2013,16+,50/100,0,1,0,0,tv_show,reality television,United States,English,6.8/10,tt0092400,50,16.0,1,outbreak company
2943,Marriage Boot Camp: Reality Stars,2014,16+,50/100,0,1,0,0,tv_show,reality television,United States,English,1.0,tt2932120,50,16.0,1,marriage boot camp: reality stars
2944,Dagashi Kashi,2016,16+,50/100,0,1,0,0,tv_show,reality television,United States,English,6.2/10,tt0092400,50,16.0,1,dagashi kashi
2945,Fashion House,2006,18+,50/100,0,1,0,0,tv_show,soap opera,United States,English,2.0,tt0787407,50,18.0,1,fashion house
2946,Southern Gothic,2020,16+,50/100,0,1,0,0,tv_show,reality television,United States,English,7.0/10,tt0092400,50,16.0,1,southern gothic
2947,I Am Frankie,2017,all,50/100,0,1,0,0,tv_show,"science fiction television program, drama television series",United States,English,8.0,tt5620962,50,16.0,1,i am frankie
2949,Our Cartoon President,2018,16+,50/100,0,1,0,0,tv_show,reality television,United States,English,5.1/10,tt0092400,50,16.0,1,our cartoon president
2950,Marrying Millions,2019,16+,49/100,0,1,0,0,tv_show,reality television,United States,English,5.0/10,tt0092400,49,16.0,1,marrying millions
2951,Our Last Crusade or the Rise of a New World,2020,16+,49/100,0,1,0,0,tv_show,reality television,United States,English,6.4/10,tt0092400,49,16.0,1,our last crusade or the rise of a new world
2952,The Furchester Hotel,2014,all,49/100,0,1,0,0,tv_show,children's television series,United Kingdom,English,7.4,tt3562366,49,16.0,1,the furchester hotel
2953,Little Mosque on the Prairie,2007,7+,49/100,0,1,0,0,tv_show,comedy television series,Canada,English,7.0,tt0923293,49,7.0,1,little mosque on the prairie
2954,The Wallflower,2006,16+,49/100,0,1,0,0,tv_show,reality television,United States,English,7.4/10,tt0092400,49,16.0,1,the wallflower
2955,The Real Housewives of Orange County,2006,16+,49/100,0,1,0,0,tv_show,reality television,United States,English,5.0,tt0497079,49,16.0,1,the real housewives of orange county
2956,Married to Medicine,2013,16+,49/100,0,1,0,0,tv_show,reality television,United States,English,10.0,tt2543378,49,16.0,1,married to medicine
2958,The Real Housewives of New Jersey,2009,16+,49/100,0,1,0,0,tv_show,reality television,United States,English,3.0,tt1411598,49,16.0,1,the real housewives of new jersey
2959,Cold Squad,1998,16+,49/100,0,1,0,0,tv_show,police procedural,Canada,English,6.9,tt0138959,49,16.0,1,cold squad
2960,The Murder of Laci Peterson,2017,16+,49/100,0,1,1,0,tv_show,reality television,United States,English,6.0,tt7293016,49,16.0,1,the murder of laci peterson
2961,Uta no Prince-sama,2011,16+,49/100,0,1,0,0,tv_show,reality television,United States,English,6.7/10,tt0092400,49,16.0,1,uta no prince-sama
2962,Alone: The Beast,2020,7+,49/100,0,1,0,0,tv_show,reality television,United States,English,5.8/10,tt0092400,49,7.0,1,alone: the beast
2964,Stacked,2005,7+,49/100,0,1,0,0,tv_show,American television sitcom,United States,English,7.0,tt0448303,49,7.0,1,stacked
2965,Caillou,1998,all,49/100,0,1,1,0,tv_show,reality television,United States,English,4.0/10,tt0092400,49,16.0,1,caillou
2966,Snake City,2014,16+,49/100,0,1,0,0,tv_show,reality television,South Africa,English,8.0,tt7349460,49,16.0,1,snake city
2968,StarTalk with Neil deGrasse Tyson,2015,all,49/100,0,1,1,0,tv_show,reality television,United States,English,7.8/10,tt0092400,49,16.0,1,startalk with neil degrasse tyson
2969,Wasted,2016,18+,49/100,0,1,0,0,tv_show,reality television,United States,English,7.4/10,tt0092400,49,18.0,1,wasted
2970,Astro Boy,1980,all,49/100,0,1,1,0,tv_show,reality television,United States,English,7.3/10,tt0092400,49,16.0,1,astro boy
2971,Total Wipeout,2009,16+,49/100,0,1,1,0,tv_show,game show,United Kingdom,English,1.0,tt1294955,49,16.0,1,total wipeout
2972,Hetalia,2009,18+,49/100,0,1,0,0,tv_show,reality television,United States,English,7.4/10,tt0092400,49,18.0,1,hetalia
2973,Air Gear,2006,18+,49/100,0,1,0,0,tv_show,reality television,United States,English,7.2/10,tt0092400,49,18.0,1,air gear
2974,Press Your Luck,2019,7+,49/100,0,1,0,0,tv_show,game show,United States,English,7.5,tt0136655,49,7.0,1,press your luck
2975,BLUE DRAGON,2007,16+,49/100,0,1,0,0,tv_show,reality television,United States,English,6.4/10,tt0092400,49,16.0,1,blue dragon
2976,恋と選挙とチョコレート,2012,18+,49/100,0,1,0,0,tv_show,reality television,United States,English,6.6/10,tt0092400,49,18.0,1,恋と選挙とチョコレート
2977,Black Blood Brothers,2006,16+,49/100,0,1,0,0,tv_show,reality television,United States,English,7.1/10,tt0092400,49,16.0,1,black blood brothers
2978,Below the Surface,2017,16+,49/100,0,1,0,0,tv_show,"drama television series, crime thriller film, thriller film",Denmark,"Danish, English",5.0,tt5180734,49,16.0,1,below the surface
2980,Arliss,1996,16+,49/100,0,1,0,0,tv_show,sitcom,United States,English,7.1,tt0115101,49,16.0,1,arliss
2981,The Gumby Show,1955,all,48/100,0,1,1,0,tv_show,reality television,United States,English,7.0/10,tt0092400,48,16.0,1,the gumby show
2982,Are You Smarter Than a 5th Grader?,2007,7+,48/100,0,1,0,0,tv_show,reality television,Australia,English,6.0,tt1175617,48,7.0,1,are you smarter than a 5th grader?
2983,Maxxx,2020,16+,48/100,0,1,0,0,tv_show,reality television,United States,English,6.4/10,tt0092400,48,16.0,1,maxxx
2984,Jeopardy! The Greatest of All Time,2020,7+,48/100,0,1,0,0,tv_show,reality television,United States,English,8.7/10,tt0092400,48,7.0,1,jeopardy! the greatest of all time
2985,The Strange Calls,2012,18+,48/100,0,1,0,0,tv_show,comedy television series,Australia,English,8.0,tt2268019,48,18.0,1,the strange calls
2986,Victoria's Secret Fashion Show,1999,18+,48/100,0,1,0,0,tv_show,reality television,United States,English,8.1/10,tt0092400,48,18.0,1,victoria's secret fashion show
2987,Flavor of Love Girls: Charm School,2007,16+,48/100,0,1,0,0,tv_show,reality television,United States,English,8.0,tt0896084,48,16.0,1,flavor of love girls: charm school
2988,Card Sharks,2019,7+,48/100,0,1,0,0,tv_show,quiz show,United States,English,10.0,tt0127991,48,7.0,1,card sharks
2989,America: Our Defining Hours,2020,16+,48/100,0,1,0,0,tv_show,reality television,United States,English,10.0,tt0092400,48,16.0,1,america: our defining hours
2990,The Killer Speaks,2013,16+,48/100,0,1,0,0,tv_show,documentary film,United States,English,3.0,tt2860762,48,16.0,1,the killer speaks
2992,Nutri Ventures – The Quest for the 7 Kingdoms,2013,all,48/100,0,1,0,0,tv_show,reality television,United States,English,7.8/10,tt0092400,48,16.0,1,nutri ventures – the quest for the 7 kingdoms
2993,Call Your Mother,2021,7+,48/100,0,1,0,0,tv_show,sitcom,United States,English,4.0,tt11058114,48,7.0,1,call your mother
2994,Lincoln: Divided We Stand,2021,16+,48/100,0,1,0,0,tv_show,reality television,United States,English,7.6/10,tt0092400,48,16.0,1,lincoln: divided we stand
2995,Toopy and Binoo,2005,all,48/100,0,1,0,0,tv_show,"comedy television series, children's television series","Canada, United States",English,8.0,tt0459161,48,16.0,1,toopy and binoo
2996,Miz & Mrs,2018,16+,48/100,0,1,0,0,tv_show,reality show,United States,English,10.0,tt8050736,48,16.0,1,miz & mrs
2997,The Loop,2006,16+,48/100,0,1,0,0,tv_show,sitcom,United States,English,7.3,tt0460655,48,16.0,1,the loop
2998,Weakest Link,2001,7+,48/100,0,1,0,0,tv_show,reality television,Hong Kong,Cantonese,5.5,tt0281521,48,7.0,1,weakest link
2999,Property Brothers: Buying and Selling,2012,all,48/100,0,1,0,0,tv_show,reality television,Canada,English,8.0,tt2272112,48,16.0,1,property brothers: buying and selling
3000,Breaking Amish,2012,16+,48/100,0,1,0,0,tv_show,reality television,United States,English,5.1,tt2386354,48,16.0,1,breaking amish
3002,Cleopatra in Space,2020,all,48/100,0,1,0,0,tv_show,reality television,United States,English,10.0,tt11343400,48,16.0,1,cleopatra in space
3003,Mental Samurai,2019,7+,48/100,0,1,0,0,tv_show,game show,United States,English,10.0,tt8888210,48,7.0,1,mental samurai
3004,The Adventures of Paddington Bear,1997,all,48/100,0,1,0,0,tv_show,reality television,United States,English,7.1/10,tt0092400,48,16.0,1,the adventures of paddington bear
3005,A Very Brady Renovation,2019,16+,48/100,0,1,0,0,tv_show,reality television series,United States,English,6.0,tt9278110,48,16.0,1,a very brady renovation
3006,Saved by the Bell: The College Years,1993,7+,48/100,0,1,0,0,tv_show,"teen sitcom, American television sitcom",United States,English,9.0,tt0106122,48,7.0,1,saved by the bell: the college years
3007,"Demon Lord, Retry!",2019,16+,48/100,0,1,0,0,tv_show,reality television,United States,English,6.8/10,tt0092400,48,16.0,1,"demon lord, retry!"
3008,Don't,2020,16+,48/100,0,1,0,0,tv_show,comedy television series,Greece,Greek,3.0,tt3264772,48,16.0,1,don't
3009,Uncle Grandpa,2013,7+,48/100,0,1,0,0,tv_show,reality television,United States,English,4.3/10,tt0092400,48,7.0,1,uncle grandpa
3010,Behind Bars: Rookie Year,2015,16+,48/100,0,1,0,0,tv_show,reality television,United States,English,7.8/10,tt0092400,48,16.0,1,behind bars: rookie year
3011,Black Cat,2005,7+,48/100,0,1,0,0,tv_show,reality television,United States,English,7.1/10,tt0092400,48,7.0,1,black cat
3012,Metástasis,2014,16+,48/100,0,1,0,0,tv_show,police film,"United States, Colombia",Spanish,1.0,tt3190448,48,16.0,1,metástasis
3014,Lucas Bros Moving Co,2013,18+,48/100,0,1,0,0,tv_show,reality television,United States,English,7.0/10,tt0092400,48,18.0,1,lucas bros moving co
3015,Total Bellas,2016,16+,48/100,0,1,0,0,tv_show,reality television,United States,English,10.0,tt5646172,48,16.0,1,total bellas
3016,Aria the Scarlet Ammo,2011,16+,48/100,0,1,0,0,tv_show,reality television,United States,English,6.7/10,tt0092400,48,16.0,1,aria the scarlet ammo
3017,Chopped Junior,2015,16+,48/100,0,1,0,0,tv_show,reality television,United States,English,6.3,tt5226884,48,16.0,1,chopped junior
3018,Heartstrings,2011,16+,47/100,0,1,0,0,tv_show,drama television series,South Korea,Korean,10.0,tt2623064,47,16.0,1,heartstrings
3019,Dancing with the Stars,2005,7+,47/100,0,1,0,0,tv_show,"talent show, dance competition",United States,American English,2.0,tt0463398,47,7.0,1,dancing with the stars
3020,The Other Guy,2017,18+,47/100,0,1,0,0,tv_show,reality television,Australia,English,10.0,tt6934964,47,18.0,1,the other guy
3022,The Kennedys,2015,7+,47/100,0,1,0,0,tv_show,"drama television series, historical television series","United States, Canada",American English,7.0,tt1567215,47,7.0,1,the kennedys
3023,Holiday Baking Championship,2014,all,47/100,0,1,0,0,tv_show,reality television,United States,English,9.0,tt4226226,47,16.0,1,holiday baking championship
3024,Capital One College Bowl,2021,16+,47/100,0,1,0,0,tv_show,reality television,United States,English,5.4/10,tt0092400,47,16.0,1,capital one college bowl
3025,Love & Hip Hop Hollywood,2014,16+,47/100,0,1,0,0,tv_show,reality television,United States,English,5.1/10,tt0092400,47,16.0,1,love & hip hop hollywood
3026,Corpse Princess,2008,7+,47/100,0,1,0,0,tv_show,reality television,United States,English,6.9/10,tt0092400,47,7.0,1,corpse princess
3027,The Wall,2016,7+,47/100,0,1,1,0,tv_show,game show,United States,English,2.0,tt6304194,47,7.0,1,the wall
3028,Divorce Court,1999,16+,47/100,0,1,0,0,tv_show,reality television,Australia,English,4.2/10,tt0092400,47,16.0,1,divorce court
3029,Unikitty!,2017,7+,47/100,0,1,0,0,tv_show,reality television,United States,English,5.6/10,tt0092400,47,7.0,1,unikitty!
3030,Sheriff Callie's Wild West,2013,all,47/100,0,1,0,1,tv_show,reality television,United States,English,6.5/10,tt0092400,47,16.0,1,sheriff callie's wild west
3031,Miles from Tomorrowland,2015,all,47/100,0,1,0,1,tv_show,reality television,United States,English,6.6/10,tt0092400,47,16.0,1,miles from tomorrowland
3032,Caribbean Life,2014,all,47/100,0,1,0,0,tv_show,reality television,United States,English,8.0,tt3667052,47,16.0,1,caribbean life
3033,Psychic Detective Yakumo,2010,16+,47/100,0,1,0,0,tv_show,"mystery fiction, drama television series",Japan,Japanese,9.0,tt1715081,47,16.0,1,psychic detective yakumo
3034,Monster Rancher,1999,7+,47/100,0,1,1,0,tv_show,reality television,United States,English,7.1/10,tt0092400,47,7.0,1,monster rancher
3035,Big Windup!,2007,7+,47/100,0,1,0,0,tv_show,reality television,United States,English,7.7/10,tt0092400,47,7.0,1,big windup!
3036,Duenos Del Paraiso,2015,16+,47/100,0,1,0,0,tv_show,"action television series, drama television series, crime television series","United States, Chile","Spanish, English",3.0,tt3975034,47,16.0,1,duenos del paraiso
3037,To Catch a Smuggler,2012,7+,47/100,0,1,0,0,tv_show,reality television,United States,English,10.0,tt12597878,47,7.0,1,to catch a smuggler
3038,Fugget About It,2012,18+,47/100,0,1,0,0,tv_show,reality television,United States,English,6.0/10,tt0092400,47,18.0,1,fugget about it
3039,Yu-Gi-Oh! Arc-V,2014,7+,47/100,0,1,1,0,tv_show,reality television,United States,English,6.3/10,tt0092400,47,7.0,1,yu-gi-oh! arc-v
3040,Bong Appétit,2016,16+,47/100,0,1,0,0,tv_show,reality television,United States,English,10.0,tt6834076,47,16.0,1,bong appétit
3041,Nosotros los Guapos,2016,13+,47/100,0,1,0,0,tv_show,"comedy, satire",Mexico,Spanish,10.0,tt7112114,47,13.0,1,nosotros los guapos
3042,Max Steel,2000,7+,47/100,0,1,0,0,tv_show,reality television,United States,English,6.3/10,tt0092400,47,7.0,1,max steel
3043,"Golan, The Insatiable",2013,16+,47/100,0,1,0,0,tv_show,reality television,United States,English,6.9/10,tt0092400,47,16.0,1,"golan, the insatiable"
3044,Dead Boss,2012,16+,46/100,0,1,0,0,tv_show,sitcom,United Kingdom,English,8.0,tt2201416,46,16.0,1,dead boss
3045,Pinky Dinky Doo,2006,all,46/100,0,1,0,0,tv_show,reality television,United States,English,6.4/10,tt0092400,46,16.0,1,pinky dinky doo
3046,No Guns Life,2019,16+,46/100,0,1,0,0,tv_show,reality television,United States,English,6.8/10,tt0092400,46,16.0,1,no guns life
3047,The Munsters Today,1988,16+,46/100,0,1,0,0,tv_show,American television sitcom,United States,English,10.0,tt0094518,46,16.0,1,the munsters today
3048,The First 48 Presents: Homicide Squad Atlanta,2019,16+,46/100,0,1,1,0,tv_show,reality television,United States,English,8.3/10,tt0092400,46,16.0,1,the first 48 presents: homicide squad atlanta
3049,Hello Kitty's Furry Tale Theater,1987,all,46/100,0,1,0,0,tv_show,reality television,United States,English,6.4/10,tt0092400,46,16.0,1,hello kitty's furry tale theater
3050,Ladhood,2019,16+,46/100,0,1,0,0,tv_show,reality television,United Kingdom,English,9.0,tt11333564,46,16.0,1,ladhood
3051,Space Brothers,2012,16+,46/100,0,1,0,0,tv_show,reality television,United States,English,8.1/10,tt0092400,46,16.0,1,space brothers
3052,Little Women: Atlanta,2016,16+,46/100,0,1,1,0,tv_show,reality television,United States,English,10.0,tt5690880,46,16.0,1,little women: atlanta
3053,Arte,2020,16+,46/100,0,1,0,0,tv_show,reality television,United States,English,7.0/10,tt0092400,46,16.0,1,arte
3054,"Ready, Steady, Wiggle!",2013,all,46/100,0,1,0,0,tv_show,reality television,United States,English,7.8/10,tt0092400,46,16.0,1,"ready, steady, wiggle!"
3055,The Hotwives of Orlando,2014,16+,46/100,0,1,0,0,tv_show,sitcom,United States,English,10.0,tt3453512,46,16.0,1,the hotwives of orlando
3056,"Ruff-Ruff, Tweet and Dave",2015,all,46/100,0,1,0,0,tv_show,reality television,United States,English,7.8,tt4457140,46,16.0,1,"ruff-ruff, tweet and dave"
3057,Yu-Gi-Oh! Zexal,2011,7+,46/100,0,1,1,0,tv_show,reality television,United States,English,5.0/10,tt0092400,46,7.0,1,yu-gi-oh! zexal
3058,Breadwinners,2005,7+,46/100,0,1,0,0,tv_show,reality television,United States,English,2.5/10,tt0092400,46,7.0,1,breadwinners
3059,Soul Eater Not!,2014,16+,46/100,0,1,0,0,tv_show,reality television,United States,English,5.7/10,tt0092400,46,16.0,1,soul eater not!
3060,The Only Way Is Essex,2010,16+,46/100,0,1,0,0,tv_show,reality television,United Kingdom,English,1.0,tt1737565,46,16.0,1,the only way is essex
3061,Living With Fran,2005,16+,46/100,0,1,0,0,tv_show,American television sitcom,United States,English,5.8,tt0402471,46,16.0,1,living with fran
3062,Mythbusters Jr.,2019,7+,46/100,0,1,0,0,tv_show,reality television,United States,English,9.0,tt8265286,46,7.0,1,mythbusters jr.
3063,Cake,2019,18+,46/100,0,1,0,0,tv_show,reality television,United States,English,6.2/10,tt0092400,46,18.0,1,cake
3064,Major Lazer,2015,18+,46/100,0,1,0,0,tv_show,cartoon,United States,English,10.0,tt4612950,46,18.0,1,major lazer
3065,NASA's Unexplained Files,2012,all,46/100,0,1,0,0,tv_show,documentary film,United States,English,3.0,tt3952194,46,16.0,1,nasa's unexplained files
3068,Brothers Conflict,2013,16+,46/100,0,1,0,0,tv_show,reality television,United States,English,6.1/10,tt0092400,46,16.0,1,brothers conflict
3069,Astroblast!,2014,all,46/100,0,1,0,0,tv_show,reality television,United States,English,6.6/10,tt0092400,46,16.0,1,astroblast!
3070,Rosa Diamante,2012,16+,46/100,0,1,0,0,tv_show,telenovela,Mexico,Spanish,10.0,tt2270670,46,16.0,1,rosa diamante
3071,Urara Meirocho,2017,16+,46/100,0,1,0,0,tv_show,reality television,United States,English,7.4/10,tt0092400,46,16.0,1,urara meirocho
3072,Hakumei and Mikochi,2018,16+,46/100,0,1,0,0,tv_show,reality television,United States,English,7.4/10,tt0092400,46,16.0,1,hakumei and mikochi
3073,Crimes of the Century,2013,16+,46/100,0,1,0,0,tv_show,reality television,United States,English,7.1/10,tt0092400,46,16.0,1,crimes of the century
3074,Undefeated Bahamut Chronicle,2016,16+,45/100,0,1,0,0,tv_show,reality television,United States,English,6.5/10,tt0092400,45,16.0,1,undefeated bahamut chronicle
3075,The New Adventures of Figaro Pho,2015,all,45/100,0,1,0,0,tv_show,fantasy television series,Australia,English,8.2,tt5016516,45,16.0,1,the new adventures of figaro pho
3076,When Nature Calls with Helen Mirren,2021,7+,45/100,0,1,0,0,tv_show,reality television,United States,English,3.0,tt14494422,45,7.0,1,when nature calls with helen mirren
3077,Kono Yuusha ga Ore Tueee Kuse ni Shinchou Sugiru,2019,16+,45/100,0,1,0,0,tv_show,reality television,United States,English,7.4/10,tt0092400,45,16.0,1,kono yuusha ga ore tueee kuse ni shinchou sugiru
3078,Tiny House Hunters,2014,all,45/100,0,1,0,0,tv_show,reality television,United States,English,6.2/10,tt0092400,45,16.0,1,tiny house hunters
3079,Bleak House,1985,16+,45/100,0,1,0,0,tv_show,"drama television series, television series based on a novel",United Kingdom,English,8.3,tt0442632,45,16.0,1,bleak house
3080,Hip Hop Uncovered,2021,16+,45/100,0,1,0,0,tv_show,television documentary,United States,English,10.0,tt10773770,45,16.0,1,hip hop uncovered
3081,More Than Friends,2020,16+,45/100,0,1,0,0,tv_show,romantic comedy,South Korea,English,8.0,tt12879170,45,16.0,1,more than friends
3082,Street Outlaws: Memphis,2018,16+,45/100,0,1,0,0,tv_show,reality television,United States,English,6.6/10,tt0092400,45,16.0,1,street outlaws: memphis
3083,Part of Me,2014,16+,45/100,0,1,0,0,tv_show,reality television,United States,English,8.4/10,tt0092400,45,16.0,1,part of me
3084,LEGO Friends,2012,all,45/100,0,1,1,0,tv_show,reality television,United States,English,5.3,tt4049416,45,16.0,1,lego friends
3085,Flea Market Flip,2012,all,45/100,0,1,0,0,tv_show,reality television,United States,English,6.0,tt2432822,45,16.0,1,flea market flip
3086,Rock the Block,2019,all,45/100,0,1,0,0,tv_show,reality television,United States,English,6.7/10,tt0092400,45,16.0,1,rock the block
3087,Appare-Ranman!,2020,16+,45/100,0,1,0,0,tv_show,reality television,United States,English,6.9/10,tt0092400,45,16.0,1,appare-ranman!
3088,Kids Behind Bars: Life or Parole,2019,16+,45/100,0,1,1,0,tv_show,reality television,United States,English,7.2/10,tt0092400,45,16.0,1,kids behind bars: life or parole
3089,The Case That Haunts Me,2018,16+,45/100,0,1,0,0,tv_show,reality television,United States,English,7.7/10,tt0092400,45,16.0,1,the case that haunts me
3090,Senryu Girl,2019,7+,45/100,0,1,0,0,tv_show,reality television,United States,English,7.0/10,tt0092400,45,7.0,1,senryu girl
3091,Alguien Te Mira,2010,7+,45/100,0,1,0,0,tv_show,telenovela,United States,Spanish,6.0,tt1748418,45,7.0,1,alguien te mira
3092,All Night,2018,16+,45/100,0,1,0,0,tv_show,reality television,United States,English,7.0,tt7292950,45,16.0,1,all night
3093,El Clon,2000,16+,45/100,0,1,0,0,tv_show,telenovela,"United States, Colombia, Brazil",Spanish,5.0,tt1596029,45,16.0,1,el clon
3094,1969,2019,16+,45/100,0,1,0,0,tv_show,reality television,United States,English,7.0/10,tt0092400,45,16.0,1,1969
3095,Long Island Medium,2011,7+,45/100,0,1,0,0,tv_show,reality television,United States,English,1.0,tt2010806,45,7.0,1,long island medium
3096,Buddy Complex,2013,16+,45/100,0,1,0,0,tv_show,reality television,United States,English,7.3/10,tt0092400,45,16.0,1,buddy complex
3097,Kaleido Star,2003,16+,45/100,0,1,0,0,tv_show,reality television,United States,English,7.8/10,tt0092400,45,16.0,1,kaleido star
3098,.hack,2002,7+,45/100,0,1,0,0,tv_show,reality television,United States,English,6.9/10,tt0092400,45,7.0,1,.hack
3099,The Tower of Druaga: The Aegis of Uruk,2008,7+,45/100,0,1,0,0,tv_show,reality television,United States,English,6.7/10,tt0092400,45,7.0,1,the tower of druaga: the aegis of uruk
3100,Indebted,2020,16+,45/100,0,1,0,0,tv_show,sitcom,United States,English,3.0,tt9686380,45,16.0,1,indebted
3101,Psychic Kids,2008,16+,45/100,0,1,0,0,tv_show,reality television,United States,English,1.0,tt1169839,45,16.0,1,psychic kids
3102,Stone Quackers,2014,18+,45/100,0,1,0,0,tv_show,reality television,United States,English,6.8/10,tt0092400,45,18.0,1,stone quackers
3103,Wicked Tuna: Outer Banks,2014,16+,45/100,0,1,0,1,tv_show,reality television,United States,English,6.0,tt4248510,45,16.0,1,wicked tuna: outer banks
3104,Genius Junior,2018,all,45/100,0,1,0,0,tv_show,game show,United States,English,7.7,tt7439546,45,16.0,1,genius junior
3105,I Love Jenni,2011,7+,45/100,0,1,0,0,tv_show,reality television,United States,English,6.6,tt1816839,45,7.0,1,i love jenni
3106,Bloque de Búsqueda,2016,16+,45/100,0,1,0,0,tv_show,telenovela,Colombia,Spanish,10.0,tt5354818,45,16.0,1,bloque de búsqueda
3107,VanDread,2000,16+,45/100,0,1,0,0,tv_show,reality television,United States,English,7.1/10,tt0092400,45,16.0,1,vandread
3109,Broken Angel,2013,16+,45/100,0,1,0,0,tv_show,"drama television series, crime television series, mystery television series, romantic thriller",United States,"Spanish, English",3.0,tt3072546,45,16.0,1,broken angel
3110,Trolls: TrollsTopia,2020,7+,45/100,0,1,0,0,tv_show,reality television,United States,English,7.1/10,tt0092400,45,7.0,1,trolls: trollstopia
3111,Blippi,2014,all,45/100,0,1,1,0,tv_show,reality television,United States,English,5.0,tt6594882,45,16.0,1,blippi
3113,Jann,2019,16+,44/100,0,1,0,0,tv_show,reality television,United States,English,7.1/10,tt0092400,44,16.0,1,jann
3114,The Boonies,2016,16+,44/100,0,1,0,0,tv_show,reality television,United States,English,7.3/10,tt0092400,44,16.0,1,the boonies
3115,Britain's Best Home Cook,2018,16+,44/100,0,1,0,0,tv_show,reality television,United Kingdom,English,10.0,tt8364940,44,16.0,1,britain's best home cook
3116,Cardfight!! Vanguard,2011,16+,44/100,0,1,0,0,tv_show,reality television,United States,English,7.2/10,tt0092400,44,16.0,1,cardfight!! vanguard
3117,Mrs. Piggle-Wiggle,1994,all,44/100,0,1,0,0,tv_show,reality television,United States,English,1.0,tt0108868,44,16.0,1,mrs. piggle-wiggle
3118,Spoilers,2012,16+,44/100,0,1,0,0,tv_show,reality television,United States,English,5.0,tt2404125,44,16.0,1,spoilers
3119,S·A特优生,2008,16+,44/100,0,1,0,0,tv_show,reality television,United States,English,7.3/10,tt0092400,44,16.0,1,s·a特优生
3120,"Pinky, Elmyra & the Brain",1998,16+,44/100,0,1,0,0,tv_show,reality television,United States,English,5.8/10,tt0092400,44,16.0,1,"pinky, elmyra & the brain"
3121,The Millionaire Matchmaker,2008,7+,44/100,0,1,0,0,tv_show,reality television,United States,English,1.0,tt1024167,44,7.0,1,the millionaire matchmaker
3122,Azur Lane,2019,16+,44/100,0,1,0,0,tv_show,reality television,United States,English,6.0/10,tt0092400,44,16.0,1,azur lane
3123,WWE Main Event,2012,7+,44/100,0,1,0,0,tv_show,reality television,United States,English,10.0,tt2659152,44,7.0,1,wwe main event
3124,House Hunters Renovation,2012,all,44/100,0,1,0,0,tv_show,reality television,United States,English,5.0,tt3519870,44,16.0,1,house hunters renovation
3125,The Dude Perfect Show,2016,7+,44/100,0,1,0,0,tv_show,reality television,United States,English,6.8,tt5512420,44,7.0,1,the dude perfect show
3126,Endlings,2020,7+,44/100,0,1,0,0,tv_show,science fiction television program,Canada,English,5.6,tt10267798,44,7.0,1,endlings
3127,Celebrity Wheel of Fortune,2021,7+,44/100,0,1,0,0,tv_show,reality television,United States,English,10.0,tt13438882,44,7.0,1,celebrity wheel of fortune
3128,The Chew,2011,7+,44/100,0,1,0,0,tv_show,talk show,United States,English,8.0,tt2071236,44,7.0,1,the chew
3129,The Show Must Go On: The Queen + Adam Lambert Story,2019,16+,44/100,1,1,0,0,tv_show,reality television,United States,English,7.8/10,tt0092400,44,16.0,1,the show must go on: the queen + adam lambert story
3130,Return to Downton Abbey: A Grand Event,2019,16+,44/100,0,1,0,0,tv_show,reality television,United States,English,6.5/10,tt0092400,44,16.0,1,return to downton abbey: a grand event
3131,D.Gray-man Hallow,2016,16+,44/100,0,1,0,0,tv_show,reality television,United States,English,7.6/10,tt0092400,44,16.0,1,d.gray-man hallow
3132,Ellen's Game of Games,2017,7+,44/100,0,1,0,0,tv_show,"game show, reality television, comedy television series",United States,English,1.0,tt7369770,44,7.0,1,ellen's game of games
3133,Nina's World,2015,all,44/100,0,1,0,0,tv_show,reality television,"United States, Canada",English,10.0,tt5899102,44,16.0,1,nina's world
3134,Charlie Rose,1991,all,44/100,0,1,0,0,tv_show,talk show,United States,English,7.5,tt0270116,44,16.0,1,charlie rose
3135,Love in the Time of Corona,2020,16+,44/100,0,1,0,0,tv_show,romantic comedy,United States,English,1.0,tt12624862,44,16.0,1,love in the time of corona
3136,El Fantasma de Elena,2010,16+,43/100,0,1,0,0,tv_show,telenovela,United States,Spanish,6.9,tt1730842,43,16.0,1,el fantasma de elena
3137,Holly Hobbie,2018,7+,43/100,0,1,0,0,tv_show,musical film,"Canada, United States",English,10.0,tt8602408,43,7.0,1,holly hobbie
3138,Eater's Guide to the World,2020,16+,43/100,0,1,0,0,tv_show,reality television,United States,English,6.7,tt10276462,43,16.0,1,eater's guide to the world
3139,Samurai Harem,2009,18+,43/100,0,1,0,0,tv_show,reality television,United States,English,6.0/10,tt0092400,43,18.0,1,samurai harem
3140,Negima!,2005,7+,43/100,0,1,0,0,tv_show,reality television,United States,English,6.2/10,tt0092400,43,7.0,1,negima!
3141,Australia's Next Top Model,2005,16+,43/100,0,1,0,0,tv_show,reality television,Australia,English,9.0,tt0835977,43,16.0,1,australia's next top model
3142,Love Connection,2017,16+,43/100,0,1,0,0,tv_show,reality television,United States,English,8.0,tt0170968,43,16.0,1,love connection
3143,Forged in Fire: Beat the Judges,2020,7+,43/100,0,1,0,0,tv_show,reality television,United States,English,8.6/10,tt0092400,43,7.0,1,forged in fire: beat the judges
3144,Spring Baking Championship,2015,all,43/100,0,1,0,0,tv_show,food reality television,United States,English,2.0,tt4658614,43,16.0,1,spring baking championship
3145,Big Block SingSong,2012,all,43/100,0,1,0,0,tv_show,reality television,United States,English,10.0,tt0092400,43,16.0,1,big block singsong
3146,Nabari no Ou,2008,16+,43/100,0,1,0,0,tv_show,reality television,United States,English,6.5/10,tt0092400,43,16.0,1,nabari no ou
3147,Name That Tune,2021,7+,43/100,0,1,0,0,tv_show,reality television,United States,English,4.9/10,tt0092400,43,7.0,1,name that tune
3148,Littlekenny,2019,16+,43/100,0,1,0,0,tv_show,reality television,United States,English,6.9/10,tt0092400,43,16.0,1,littlekenny
3149,My Super Sweet 16,2005,7+,43/100,0,1,0,0,tv_show,reality television,United States,English,1.0,tt0445890,43,7.0,1,my super sweet 16
3150,Deadly Wives,2013,16+,43/100,0,1,0,0,tv_show,reality television,United States,English,8.4/10,tt0092400,43,16.0,1,deadly wives
3151,Kendra on Top,2012,7+,43/100,0,1,0,0,tv_show,reality television,United States,English,1.0,tt2328067,43,7.0,1,kendra on top
3152,I Can See Your Voice,2020,7+,43/100,0,1,0,0,tv_show,game show,United States,English,6.0,tt11710130,43,7.0,1,i can see your voice
3153,The Con,2020,16+,43/100,0,1,0,0,tv_show,reality television,United States,English,7.3/10,tt0092400,43,16.0,1,the con
3154,Battleground,2012,16+,43/100,0,1,0,0,tv_show,reality television,United States,English,7.8/10,tt0092400,43,16.0,1,battleground
3155,Hitler's Last Stand,2018,16+,43/100,0,1,0,0,tv_show,reality television,United States,English,6.3,tt8675140,43,16.0,1,hitler's last stand
3156,Nightline,1980,7+,43/100,0,1,0,0,tv_show,reality television,New Zealand,English,5.7/10,tt0092400,43,7.0,1,nightline
3157,Special Forces,2012,16+,43/100,0,1,1,0,tv_show,reality television,United States,English,9.0/10,tt0092400,43,16.0,1,special forces
3158,Juana la virgen,2002,16+,42/100,0,1,0,0,tv_show,"telenovela, romance film",Venezuela,Spanish,5.8,tt0312151,42,16.0,1,juana la virgen
3159,Lost Gold of World War II,2019,7+,42/100,0,1,0,0,tv_show,reality television,United States,English,6.5/10,tt0092400,42,7.0,1,lost gold of world war ii
3160,Hayate the Combat Butler,2007,16+,42/100,0,1,0,0,tv_show,reality television,Taiwan,English,6.6,tt6420718,42,16.0,1,hayate the combat butler
3162,"Underworld, Inc.",2015,16+,42/100,0,1,0,0,tv_show,reality television,United States,English,7.1/10,tt0092400,42,16.0,1,"underworld, inc."
3163,When Sharks Attack,2013,16+,42/100,0,1,0,1,tv_show,reality television,United States,English,6.6/10,tt0092400,42,16.0,1,when sharks attack
3164,High School USA!,2013,18+,42/100,0,1,0,0,tv_show,reality television,United States,English,6.4/10,tt0092400,42,18.0,1,high school usa!
3165,Pooch Perfect,2021,7+,42/100,0,1,0,0,tv_show,"reality television, game show",United Kingdom,English,1.0,tt10919454,42,7.0,1,pooch perfect
3166,El Mariachi,2014,16+,42/100,0,1,0,0,tv_show,thriller,United States,Spanish,7.7,tt3135476,42,16.0,1,el mariachi
3167,The Mighty Ones,2020,7+,42/100,0,1,0,0,tv_show,"comedy television series, fantasy television series",United States,English,10.0,tt11714946,42,7.0,1,the mighty ones
3168,Garo: The Animation,2014,all,42/100,0,1,0,0,tv_show,reality television,United States,English,6.7/10,tt0092400,42,16.0,1,garo: the animation
3169,Arms Alchemy,2006,18+,42/100,0,1,0,0,tv_show,reality television,United States,English,6.9/10,tt0092400,42,18.0,1,arms alchemy
3170,Who Killed Jeffrey Epstein?,2020,16+,42/100,0,1,0,0,tv_show,reality television,United States,English,6.3/10,tt0092400,42,16.0,1,who killed jeffrey epstein?
3171,Where's Waldo?,2020,all,42/100,0,1,0,0,tv_show,reality television,United States,English,7.5/10,tt0092400,42,16.0,1,where's waldo?
3172,Mad Mad House,2004,16+,42/100,0,1,0,0,tv_show,reality television,United States,English,6.6,tt0380926,42,16.0,1,mad mad house
3173,Abandoned,2012,16+,42/100,0,1,1,0,tv_show,reality television,United States,English,10.0,tt0092400,42,16.0,1,abandoned
3174,Blade Dance of Elementalers,2014,16+,42/100,0,1,0,0,tv_show,reality television,United States,English,6.7/10,tt0092400,42,16.0,1,blade dance of elementalers
3175,Zou,2012,16+,42/100,0,1,0,0,tv_show,reality television,United States,English,6.9/10,tt0092400,42,16.0,1,zou
3176,Toddlers & Tiaras,2009,7+,42/100,0,1,0,0,tv_show,reality television,United States,English,2.0,tt1364951,42,7.0,1,toddlers & tiaras
3177,Dead By Dawn,2019,16+,42/100,0,1,0,0,tv_show,reality television,United States,English,7.2/10,tt0092400,42,16.0,1,dead by dawn
3178,Girls Beyond the Wasteland,2016,16+,42/100,0,1,0,0,tv_show,reality television,United States,English,5.5/10,tt0092400,42,16.0,1,girls beyond the wasteland
3179,Gordon Ramsay's Home Cooking,2013,16+,42/100,0,1,0,0,tv_show,reality television,United Kingdom,English,8.4,tt3949700,42,16.0,1,gordon ramsay's home cooking
3180,60 Days In: Narcoland,2019,16+,42/100,0,1,0,0,tv_show,reality television,United States,English,5.9/10,tt0092400,42,16.0,1,60 days in: narcoland
3181,Basilisk,2005,18+,42/100,0,1,0,0,tv_show,reality television,United States,English,4.8/10,tt0092400,42,18.0,1,basilisk
3182,Tree Fu Tom,2012,all,42/100,0,1,0,0,tv_show,"comedy television series, live action/animated television series",United Kingdom,English,4.0,tt2299207,42,16.0,1,tree fu tom
3183,Runaways,2012,16+,42/100,0,1,0,0,tv_show,"action television series, fantasy television series, LGBT-related television series, science fiction television program",United States,English,9.0,tt1236246,42,16.0,1,runaways
3184,The Impostor,2014,16+,42/100,0,1,0,0,tv_show,reality television,United States,English,7.6/10,tt0092400,42,16.0,1,the impostor
3185,Madagascar: A Little Wild,2020,all,42/100,0,1,0,0,tv_show,reality television,United States,English,5.7/10,tt0092400,42,16.0,1,madagascar: a little wild
3186,NY-LON,2004,18+,42/100,0,1,0,0,tv_show,drama television series,United Kingdom,English,7.0,tt0421417,42,18.0,1,ny-lon
3187,WTF Baron Davis,2019,18+,42/100,0,1,0,0,tv_show,reality television,United States,English,8.1/10,tt0092400,42,18.0,1,wtf baron davis
3188,Ancient Top 10,2016,16+,42/100,0,1,0,0,tv_show,reality television,United States,English,7.8/10,tt0092400,42,16.0,1,ancient top 10
3189,I Am Cait,2015,16+,42/100,0,1,0,0,tv_show,"reality television series, LGBT-related television series",United States,English,3.6,tt4733278,42,16.0,1,i am cait
3190,Pickle & Peanut,2015,7+,41/100,0,1,0,1,tv_show,reality television,United States,English,4.3/10,tt0092400,41,7.0,1,pickle & peanut
3191,Infinite Dendrogram,2020,16+,41/100,0,1,0,0,tv_show,reality television,United States,English,5.8/10,tt0092400,41,16.0,1,infinite dendrogram
3192,Jamie's Quick & Easy Food,2017,all,41/100,0,1,0,0,tv_show,reality television,United Kingdom,English,8.4/10,tt0092400,41,16.0,1,jamie's quick & easy food
3193,Aquarion,2005,18+,41/100,0,1,0,0,tv_show,reality television,United States,English,6.5/10,tt0092400,41,18.0,1,aquarion
3194,Inside the NFL,1977,7+,41/100,0,1,0,0,tv_show,American football film,United States,English,1.0,tt0331136,41,7.0,1,inside the nfl
3195,Gensomaden Saiyuki,2000,16+,41/100,0,1,0,0,tv_show,reality television,United States,English,7.4/10,tt0092400,41,16.0,1,gensomaden saiyuki
3196,Swiss Family Robinson,1974,7+,41/100,0,1,0,1,tv_show,television series based on a novel,Canada,English,10.0,tt0068137,41,7.0,1,swiss family robinson
3197,The Toe Bro,2019,16+,41/100,0,1,0,0,tv_show,reality television,United States,English,7.9/10,tt0092400,41,16.0,1,the toe bro
3198,Anyone But Me,2009,16+,41/100,0,1,0,0,tv_show,reality television,United States,English,7.2/10,tt0092400,41,16.0,1,anyone but me
3199,The Dating Guy,2009,18+,41/100,0,1,0,0,tv_show,reality television,Canada,English,4.0,tt1344959,41,18.0,1,the dating guy
3200,Celebs Go Dating,2016,18+,41/100,0,1,0,0,tv_show,reality television,United Kingdom,English,1.0,tt5993484,41,18.0,1,celebs go dating
3201,Planet Sheen,2010,7+,41/100,0,1,0,0,tv_show,reality television,United States,English,3.0/10,tt0092400,41,7.0,1,planet sheen
3202,College Hill,2004,16+,41/100,0,1,0,0,tv_show,reality television,United States,English,5.5/10,tt0092400,41,16.0,1,college hill
3203,To LOVEる -とらぶる- ダークネス2nd,2012,16+,41/100,0,1,0,0,tv_show,reality television,United States,English,7.2/10,tt0092400,41,16.0,1,to loveる -とらぶる- ダークネス2nd
3204,Good Morning America,1975,all,41/100,0,1,0,0,tv_show,"news program, talk show",United States,English,2.0,tt0072506,41,16.0,1,good morning america
3205,Who Wants to Be a Millionaire,2020,16+,41/100,0,1,0,0,tv_show,game show,United States,American English,7.0,tt0211178,41,16.0,1,who wants to be a millionaire
3206,Joe and Jack,2012,all,41/100,0,1,0,0,tv_show,reality television,Ireland,English,9.0,tt2734194,41,16.0,1,joe and jack
3207,Kidô senshi Gandamu: The Origin I - Aoi hitomi no kyasubaru,2015,16+,40/100,0,1,0,0,tv_show,reality television,United States,English,7.6/10,tt0092400,40,16.0,1,kidô senshi gandamu: the origin i - aoi hitomi no kyasubaru
3209,The Young Turks,2005,16+,40/100,0,1,1,0,tv_show,talk show,United States,English,1.0,tt1714810,40,16.0,1,the young turks
3210,Home Free,2015,all,40/100,0,1,0,0,tv_show,American television sitcom,United States,English,7.6,tt0106027,40,16.0,1,home free
3211,Paradise Run,2016,all,40/100,0,1,0,0,tv_show,reality television,United States,English,8.0,tt5361346,40,16.0,1,paradise run
3212,Murder on the Internet,2017,16+,40/100,0,1,1,0,tv_show,reality television,United States,English,6.7/10,tt0092400,40,16.0,1,murder on the internet
3213,A3!,2020,16+,40/100,0,1,0,0,tv_show,reality television,United States,English,6.5/10,tt0092400,40,16.0,1,a3!
3214,Game of Talents,2021,16+,40/100,0,1,0,0,tv_show,game show,United States,English,6.0,tt13629660,40,16.0,1,game of talents
3215,Jack Hanna's Into the Wild,2007,16+,40/100,0,1,0,0,tv_show,reality television,United States,English,8.0,tt1224033,40,16.0,1,jack hanna's into the wild
3216,How It Works,2007,all,40/100,0,1,0,0,tv_show,reality television,United States,English,8.3/10,tt0092400,40,16.0,1,how it works
3217,ClassicaLoid,2016,16+,40/100,0,1,0,0,tv_show,reality television,United States,English,6.4/10,tt0092400,40,16.0,1,classicaloid
3218,Kings of Pain,2019,16+,40/100,0,1,0,0,tv_show,reality television,United States,English,10.0,tt11091524,40,16.0,1,kings of pain
3219,The View,1997,16+,40/100,0,1,0,0,tv_show,talk show,United States,English,2.4,tt0123366,40,16.0,1,the view
3220,The Celebrity Dating Game,2021,16+,40/100,0,1,0,0,tv_show,reality television,United States,English,10.0,tt0058795,40,16.0,1,the celebrity dating game
3221,Rurangi,2020,16+,40/100,0,1,0,0,tv_show,reality television,New Zealand,English,4.0,tt11177950,40,16.0,1,rurangi
3223,American Greed: The Fugitives,2012,16+,40/100,0,1,0,0,tv_show,reality television,United States,English,8.3/10,tt0092400,40,16.0,1,american greed: the fugitives
3224,Mighty Magiswords,2015,7+,40/100,0,1,0,0,tv_show,reality television,United States,English,4.9/10,tt0092400,40,7.0,1,mighty magiswords
3225,The Paynes,2018,16+,40/100,0,1,0,0,tv_show,sitcom,United States,English,4.0,tt6482686,40,16.0,1,the paynes
3226,Basketball Wives LA,2011,7+,40/100,0,1,0,0,tv_show,reality television,United States,English,4.1,tt2057544,40,7.0,1,basketball wives la
3227,Forensic Factor,2003,18+,40/100,0,1,1,0,tv_show,television documentary,Canada,English,6.8,tt0420403,40,18.0,1,forensic factor
3229,The Weekly,2019,18+,40/100,0,1,0,0,tv_show,television documentary,United States,English,8.0,tt8629150,40,18.0,1,the weekly
3230,Connecting...,2020,7+,40/100,0,1,0,0,tv_show,reality television,United States,English,5.1/10,tt0092400,40,7.0,1,connecting...
3231,Atlas Of Cursed Places,2020,16+,40/100,0,1,0,0,tv_show,reality television,United States,English,5.2/10,tt0092400,40,16.0,1,atlas of cursed places
3232,The School That Tried to End Racism,2020,16+,40/100,0,1,0,0,tv_show,reality television,United States,English,10.0,tt0092400,40,16.0,1,the school that tried to end racism
3233,Jim Henson Presents Mother Goose Stories,1990,all,40/100,0,1,0,0,tv_show,reality television,United States,English,8.3/10,tt0092400,40,16.0,1,jim henson presents mother goose stories
3234,Side Effects,2013,16+,39/100,0,1,0,0,tv_show,reality television,United States,English,7.4/10,tt0092400,39,16.0,1,side effects
3235,Rock of Love with Bret Michaels,2007,18+,39/100,0,1,0,0,tv_show,reality television,United States,English,10.0,tt0965393,39,18.0,1,rock of love with bret michaels
3236,Bajo el Mismo Cielo,2015,16+,39/100,0,1,0,0,tv_show,telenovela,United States,Spanish,7.2,tt4433296,39,16.0,1,bajo el mismo cielo
3237,American Scandals,2015,16+,39/100,0,1,0,0,tv_show,reality television,United States,English,8.3/10,tt0092400,39,16.0,1,american scandals
3238,Eva La Trailera,2017,16+,39/100,0,1,0,0,tv_show,telenovela,United States,English,7.0,tt5191206,39,16.0,1,eva la trailera
3239,Born Behind Bars,2017,16+,39/100,0,1,0,0,tv_show,reality television,United States,English,8.1/10,tt0092400,39,16.0,1,born behind bars
3240,Torn from the Headlines: The New York Post Reports,2020,16+,39/100,0,1,0,0,tv_show,reality television,United States,English,7.1/10,tt0092400,39,16.0,1,torn from the headlines: the new york post reports
3241,Seven Year Switch,2015,16+,39/100,0,1,0,0,tv_show,reality television,Australia,English,4.4,tt6696750,39,16.0,1,seven year switch
3242,Dog love,2010,7+,39/100,0,1,0,0,tv_show,reality television,United States,English,6.6/10,tt0092400,39,7.0,1,dog love
3243,The Hotwives of Las Vegas,2015,16+,39/100,0,1,0,0,tv_show,reality television,United States,English,6.6/10,tt0092400,39,16.0,1,the hotwives of las vegas
3244,The Happy Days of Garry Marshall,2020,16+,39/100,0,1,0,0,tv_show,reality television,United States,English,8.3/10,tt0092400,39,16.0,1,the happy days of garry marshall
3245,Driven,2020,16+,39/100,0,1,0,0,tv_show,reality television,United States,English,7.4/10,tt0092400,39,16.0,1,driven
3246,Hungry Henry,2014,16+,39/100,0,1,0,0,tv_show,"animation, children's television series",Israel,Hebrew,8.2,tt6964618,39,16.0,1,hungry henry
3247,Mother Up!,2013,16+,39/100,0,1,0,0,tv_show,reality television,United States,English,5.0,tt3107224,39,16.0,1,mother up!
3248,Smile Down the Runway,2020,16+,39/100,0,1,0,0,tv_show,reality television,United States,English,6.8/10,tt0092400,39,16.0,1,smile down the runway
3249,A Day in the Life,2011,16+,39/100,0,1,0,0,tv_show,reality television,United States,English,5.9/10,tt0092400,39,16.0,1,a day in the life
3250,Close Up with The Hollywood Reporter,2015,16+,39/100,0,1,0,0,tv_show,reality television,United States,English,7.2,tt4931888,39,16.0,1,close up with the hollywood reporter
3251,Special 7: Special Crime Investigation Unit,2019,16+,39/100,0,1,0,0,tv_show,reality television,United States,English,6.4/10,tt0092400,39,16.0,1,special 7: special crime investigation unit
3252,205 Live,2016,7+,39/100,0,1,0,0,tv_show,reality television,United States,American English,6.2,tt6286394,39,7.0,1,205 live
3253,Greta Thunberg: A Year to Change the World,2021,16+,39/100,0,1,0,0,tv_show,reality television,United States,English,4.6/10,tt0092400,39,16.0,1,greta thunberg: a year to change the world
3254,Many Sides of Jane,2019,16+,39/100,0,1,0,0,tv_show,reality television,United States,English,6.1/10,tt0092400,39,16.0,1,many sides of jane
3255,The Riveras,2016,7+,39/100,0,1,0,0,tv_show,reality television,United States,English,10.0,tt6222252,39,7.0,1,the riveras
3256,Steve Harvey's Funderdome,2017,7+,39/100,0,1,0,0,tv_show,reality television,United States,English,9.0,tt7005048,39,7.0,1,steve harvey's funderdome
3257,Cherries Wild,2021,16+,39/100,0,1,0,0,tv_show,game show,United States,English,1.0,tt13683120,39,16.0,1,cherries wild
3258,"Oh Jerome, No",2019,16+,39/100,0,1,0,0,tv_show,reality television,United States,English,8.0/10,tt0092400,39,16.0,1,"oh jerome, no"
3259,The Last Days of Phil Hartman,2019,16+,39/100,0,1,0,0,tv_show,reality television,United States,English,7.8/10,tt0092400,39,16.0,1,the last days of phil hartman
3260,Afterlost,2019,16+,39/100,0,1,0,0,tv_show,reality television,United States,English,5.2/10,tt0092400,39,16.0,1,afterlost
3261,VICE Investigates,2019,18+,39/100,0,1,0,0,tv_show,reality television,United States,English,6.8/10,tt0092400,39,18.0,1,vice investigates
3262,Struggle Meals,2017,16+,38/100,0,1,0,0,tv_show,reality television,United States,English,10.0,tt0092400,38,16.0,1,struggle meals
3263,Zorro the Chronicles,2015,all,38/100,0,1,0,0,tv_show,reality television,United States,English,7.3/10,tt0092400,38,16.0,1,zorro the chronicles
3264,Truth & Iliza,2017,7+,38/100,0,1,0,0,tv_show,"late-night talk show, news satire",United States,English,5.5/10,tt0092400,38,7.0,1,truth & iliza
3265,Life of Kylie,2017,16+,38/100,0,1,0,0,tv_show,reality television,United States,English,2.0,tt6772826,38,16.0,1,life of kylie
3266,WWE Superstars,2009,7+,38/100,0,1,0,0,tv_show,"sports entertainment, professional wrestling",United States,American English,3.0,tt1401882,38,7.0,1,wwe superstars
3267,Worst Bakers in America,2016,16+,38/100,0,1,0,0,tv_show,reality television,United States,English,1.0,tt6117020,38,16.0,1,worst bakers in america
3268,Showtime at the Apollo,1987,all,38/100,0,1,0,0,tv_show,reality television,United States,English,6.7,tt0240272,38,16.0,1,showtime at the apollo
3269,Nightcap,2016,7+,38/100,0,1,0,0,tv_show,reality television,United States,English,5.0/10,tt0092400,38,7.0,1,nightcap
3270,After School Dice Club,2019,16+,38/100,0,1,0,0,tv_show,reality television,United States,English,6.6/10,tt0092400,38,16.0,1,after school dice club
3271,Up to Speed,2012,16+,38/100,0,1,0,0,tv_show,reality television,United States,English,2.0,tt2188577,38,16.0,1,up to speed
3272,Spartan: Ultimate Team Challenge,2016,7+,38/100,0,1,0,0,tv_show,reality television,United States,English,5.9,tt5809140,38,7.0,1,spartan: ultimate team challenge
3273,The Wildlife Docs,2013,all,38/100,0,1,0,0,tv_show,reality television,United States,English,8.1,tt3468670,38,16.0,1,the wildlife docs
3274,Behind Closed Doors,2011,16+,38/100,0,1,1,0,tv_show,reality television,United States,English,7.2/10,tt0092400,38,16.0,1,behind closed doors
3275,Open Door,2019,16+,38/100,0,1,0,0,tv_show,reality television,United States,English,6.5/10,tt0092400,38,16.0,1,open door
3276,Dot.,2016,all,38/100,0,1,0,0,tv_show,reality television,United States,English,7.1/10,tt0092400,38,16.0,1,dot.
3277,Dead Again,2014,16+,38/100,0,1,0,0,tv_show,reality television,United States,English,7.4/10,tt0092400,38,16.0,1,dead again
3278,Supernoobs,2015,7+,38/100,0,1,0,0,tv_show,reality television,United States,English,3.6/10,tt0092400,38,7.0,1,supernoobs
3279,Phenoms,2018,7+,38/100,0,1,0,0,tv_show,reality television,United States,English,7.4/10,tt0092400,38,7.0,1,phenoms
3280,The Burger Show,2018,16+,38/100,0,1,0,0,tv_show,reality television,United States,English,7.7/10,tt0092400,38,16.0,1,the burger show
3281,Anderson Cooper 360°,2003,16+,38/100,0,1,0,0,tv_show,reality television,United States,English,4.9/10,tt0092400,38,16.0,1,anderson cooper 360°
3282,The Proposal,2018,16+,38/100,0,1,0,0,tv_show,reality television,United States,English,1.9/10,tt0092400,38,16.0,1,the proposal
3283,Behind the Mask,2013,16+,38/100,0,1,0,0,tv_show,reality television,United States,English,7.4/10,tt0092400,38,16.0,1,behind the mask
3284,Bloomberg Game Changers,2010,16+,38/100,0,1,0,0,tv_show,reality television,United States,English,7.8/10,tt0092400,38,16.0,1,bloomberg game changers
3285,Glam Masters,2018,16+,38/100,0,1,0,0,tv_show,reality television,United States,English,4.5/10,tt0092400,38,16.0,1,glam masters
3286,Sorcerous Stabber Orphen,2020,16+,37/100,0,1,0,0,tv_show,reality television,United States,English,5.7/10,tt0092400,37,16.0,1,sorcerous stabber orphen
3287,Future-Worm!,2016,7+,37/100,0,1,0,1,tv_show,reality television,United States,English,5.2/10,tt0092400,37,7.0,1,future-worm!
3288,Get Ace,2014,all,37/100,0,1,0,0,tv_show,reality television,United States,English,7.5/10,tt0092400,37,16.0,1,get ace
3289,The Masked Dancer,2020,7+,37/100,0,1,0,0,tv_show,reality television,United States,English,1.0,tt11646232,37,7.0,1,the masked dancer
3290,This Week,1981,7+,37/100,0,1,0,0,tv_show,reality television,United Kingdom,English,1.0,tt0294205,37,7.0,1,this week
3291,BEM,2019,16+,37/100,0,1,0,0,tv_show,reality television,United States,English,6.0/10,tt0092400,37,16.0,1,bem
3292,Mix: Meisei Story,2019,7+,37/100,0,1,0,0,tv_show,reality television,United States,English,7.5/10,tt0092400,37,7.0,1,mix: meisei story
3293,Dreamland,2014,16+,37/100,0,1,0,0,tv_show,reality television,United States,English,5.1/10,tt0092400,37,16.0,1,dreamland
3294,Monster Fish,2009,16+,37/100,0,1,0,0,tv_show,reality television,United States,English,6.7/10,tt0092400,37,16.0,1,monster fish
3295,ABC World News,1953,16+,36/100,0,1,0,0,tv_show,news broadcasting,United States,English,5.1,tt0450205,36,16.0,1,abc world news
3296,Dies Irae,2017,18+,36/100,0,1,0,0,tv_show,reality television,United States,English,4.7/10,tt0092400,36,18.0,1,dies irae
3297,O.J. Simpson: The Lost Confession?,2018,16+,36/100,0,1,0,0,tv_show,reality television,United States,English,6.7/10,tt0092400,36,16.0,1,o.j. simpson: the lost confession?
3298,Daisy of Love,2009,16+,36/100,0,1,0,0,tv_show,reality television,United States,English,4.6,tt1429439,36,16.0,1,daisy of love
3299,Sydney Sailboat,2015,16+,36/100,0,1,0,0,tv_show,reality television,United States,English,8.0/10,tt0092400,36,16.0,1,sydney sailboat
3300,Zero Punctuation,2014,16+,36/100,0,1,0,0,tv_show,reality television,Australia,English,9.0,tt2793136,36,16.0,1,zero punctuation
3301,LA Story,2014,16+,36/100,0,1,0,0,tv_show,reality television,United States,English,7.2/10,tt0092400,36,16.0,1,la story
3302,"Bad Habits, Holy Orders",2017,16+,36/100,0,1,0,0,tv_show,reality television,United Kingdom,English,8.0,tt7494116,36,16.0,1,"bad habits, holy orders"
3303,Woman,2016,18+,36/100,0,1,0,0,tv_show,reality television,United States,English,7.3/10,tt0092400,36,18.0,1,woman
3304,Dinner with Dad,2017,16+,36/100,0,1,0,0,tv_show,reality television,United States,English,10.0,tt0092400,36,16.0,1,dinner with dad
3305,A Little Late with Lilly Singh,2019,16+,36/100,0,1,0,0,tv_show,reality television,United States,English,1.0,tt10023178,36,16.0,1,a little late with lilly singh
3306,The Posh Frock Shop,2018,16+,36/100,0,1,0,0,tv_show,reality television,United States,English,8.4/10,tt0092400,36,16.0,1,the posh frock shop
3307,WWE En Español,2012,7+,36/100,0,1,0,0,tv_show,reality television,United States,English,8.1/10,tt0092400,36,7.0,1,wwe en español
3308,CNBC Originals,2003,16+,36/100,0,1,0,0,tv_show,reality television,United States,English,10.0,tt0092400,36,16.0,1,cnbc originals
3309,Hot Package,2013,18+,36/100,0,1,0,0,tv_show,reality television,United States,English,7.0,tt1781834,36,18.0,1,hot package
3310,The Untold Story,2019,16+,36/100,0,1,0,0,tv_show,reality television,United States,English,7.2/10,tt0092400,36,16.0,1,the untold story
3311,With All Due Respect,2014,16+,36/100,0,1,0,0,tv_show,reality television,United States,English,8.2,tt5530626,36,16.0,1,with all due respect
3312,Tulli,2011,16+,36/100,0,1,0,0,tv_show,reality television,United States,English,5.9/10,tt0092400,36,16.0,1,tulli
3313,Dama y Obrero,2013,16+,36/100,0,1,0,0,tv_show,telenovela,United States,Spanish,7.5,tt2968124,36,16.0,1,dama y obrero
3314,Mickey's 90th Spectacular,2018,7+,36/100,0,1,0,0,tv_show,reality television,United States,English,7.1/10,tt0092400,36,7.0,1,mickey's 90th spectacular
3315,Ellen's Greatest Night of Giveaways,2019,7+,35/100,0,1,0,0,tv_show,reality television,United States,English,4.5/10,tt0092400,35,7.0,1,ellen's greatest night of giveaways
3316,The Grill Dads,2017,7+,35/100,0,1,0,0,tv_show,reality television,United States,English,7.6/10,tt0092400,35,7.0,1,the grill dads
3317,Package Deal,2013,16+,35/100,0,1,0,0,tv_show,reality television,Canada,English,3.0,tt2559390,35,16.0,1,package deal
3318,New York Goes to Work,2009,16+,35/100,0,1,1,0,tv_show,reality television,United States,English,5.3,tt1429423,35,16.0,1,new york goes to work
3319,Nostradamus Effect,2009,16+,35/100,0,1,0,0,tv_show,reality television,United States,English,5.2,tt1498094,35,16.0,1,nostradamus effect
3320,RocketJump: The Show,2015,16+,35/100,0,1,0,0,tv_show,reality television,United States,English,7.2/10,tt0092400,35,16.0,1,rocketjump: the show
3321,Missing,2010,16+,35/100,0,1,1,0,tv_show,reality television,United States,English,7.3/10,tt0092400,35,16.0,1,missing
3322,Countdown to UFC,2010,16+,35/100,0,1,0,0,tv_show,reality television,United States,English,7.9,tt3137940,35,16.0,1,countdown to ufc
3323,For & Against,2012,16+,35/100,0,1,0,0,tv_show,"LGBT-related film, LGBT-related television series",United States,English,10.0,tt2216575,35,16.0,1,for & against
3324,UFC Main Event,2007,16+,35/100,0,1,0,0,tv_show,reality television,United States,English,10.0,tt0092400,35,16.0,1,ufc main event
3325,NASA X,2012,16+,35/100,0,1,0,0,tv_show,documentary film,United States,English,10.0,tt4319084,35,16.0,1,nasa x
3326,Finding the Next,2016,16+,35/100,0,1,0,0,tv_show,reality television,United States,English,10.0,tt0092400,35,16.0,1,finding the next
3327,Just Josh,2011,18+,35/100,0,1,0,0,tv_show,"LGBT-related film, LGBT-related television series",United States,English,10.0,tt1830039,35,18.0,1,just josh
3328,Baldwin Hills,2007,16+,35/100,0,1,0,0,tv_show,reality television,United States,English,4.7,tt1068898,35,16.0,1,baldwin hills
3329,Vegimer,2015,16+,35/100,0,1,0,0,tv_show,reality television,United States,English,10.0,tt0092400,35,16.0,1,vegimer
3330,Nerds and Monsters,2013,16+,35/100,0,1,0,0,tv_show,reality television,United States,English,4.8/10,tt0092400,35,16.0,1,nerds and monsters
3331,Doozers,2014,all,34/100,0,1,0,0,tv_show,"fantasy television series, adventure television series, comedy television series, musical","United Kingdom, United States, Canada",English,7.9,tt0085017,34,16.0,1,doozers
3332,Terrific Trucks,2016,all,34/100,0,1,0,0,tv_show,reality television,United States,English,5.7/10,tt0092400,34,16.0,1,terrific trucks
3333,The Bravest Knight,2019,7+,34/100,0,1,0,0,tv_show,reality television,United States,English,6.4/10,tt0092400,34,7.0,1,the bravest knight
3334,Chiro and Friends,2007,16+,34/100,0,1,0,0,tv_show,reality television,United States,English,7.5,tt6959490,34,16.0,1,chiro and friends
3335,UFC Unleashed,2007,16+,34/100,0,1,0,0,tv_show,reality television,United States,English,10.0,tt0487858,34,16.0,1,ufc unleashed
3336,Dress to Impress,2017,16+,34/100,0,1,0,0,tv_show,reality television,United States,English,6.0/10,tt0092400,34,16.0,1,dress to impress
3338,Star Wars Galaxy's Edge: Adventure Awaits,2019,16+,34/100,0,1,0,0,tv_show,reality television,United States,English,5.4/10,tt0092400,34,16.0,1,star wars galaxy's edge: adventure awaits
3339,Fujiko,2015,16+,34/100,0,1,0,0,tv_show,reality television,United States,English,8.4/10,tt0092400,34,16.0,1,fujiko
3340,Buried secrets of World War II,2019,16+,34/100,0,1,0,0,tv_show,reality television,United States,English,7.2/10,tt0092400,34,16.0,1,buried secrets of world war ii
3341,Strahan & Sara,2019,16+,34/100,0,1,0,0,tv_show,reality television,United States,English,3.3/10,tt0092400,34,16.0,1,strahan & sara
3342,Big Bugs Band,2011,16+,34/100,0,1,0,0,tv_show,reality television,United States,English,7.5/10,tt0092400,34,16.0,1,big bugs band
3343,Cuomo Prime Time,2017,16+,33/100,0,1,0,0,tv_show,reality television,United States,English,9.0,tt7317360,33,16.0,1,cuomo prime time
3344,Redacted Tonight,2014,16+,33/100,0,1,0,0,tv_show,reality television,United States,English,8.1/10,tt0092400,33,16.0,1,redacted tonight
3345,Egg Birds,2014,16+,33/100,0,1,0,0,tv_show,reality television,United States,English,10.0,tt0092400,33,16.0,1,egg birds
3346,Activate: The Global Citizen Movement,2019,16+,33/100,0,1,0,0,tv_show,reality television,United States,English,5.3/10,tt0092400,33,16.0,1,activate: the global citizen movement
3347,Larry King Now,2013,16+,33/100,0,1,0,0,tv_show,reality television,United States,English,5.5,tt2322438,33,16.0,1,larry king now
3348,Sneaker Shopping,2014,16+,33/100,0,1,0,0,tv_show,reality television,United States,English,7.6/10,tt0092400,33,16.0,1,sneaker shopping
3349,Fox News Sunday,1996,16+,33/100,0,1,0,0,tv_show,news program,United States,English,1.0,tt0426347,33,16.0,1,fox news sunday
3350,Vets Saving Pets,2018,16+,33/100,0,1,0,0,tv_show,reality television,United States,English,7.8/10,tt0092400,33,16.0,1,vets saving pets
3351,Sean in the Wild,2017,16+,33/100,0,1,0,0,tv_show,reality television,United States,English,7.5/10,tt0092400,33,16.0,1,sean in the wild
3352,Last Call with Carson Daly,2002,16+,33/100,0,1,0,0,tv_show,reality television,United States,English,1.0,tt0305056,33,16.0,1,last call with carson daly
3353,THE REFLECTION,2017,18+,33/100,0,1,0,0,tv_show,reality television,United States,English,6.1/10,tt0092400,33,18.0,1,the reflection
3354,Dish Nation,2011,7+,33/100,0,1,0,0,tv_show,news magazine,United States,English,1.0,tt1973047,33,7.0,1,dish nation
3355,Rudy Maxa's World,2008,all,33/100,0,1,0,0,tv_show,reality television,United States,English,7.2/10,tt0092400,33,16.0,1,rudy maxa's world
3356,Stick with Mick,2011,16+,32/100,0,1,0,0,tv_show,reality television,United States,English,6.1/10,tt0092400,32,16.0,1,stick with mick
3357,Chiquis 'n Control,2012,16+,32/100,0,1,0,0,tv_show,reality television,United States,English,8.4/10,tt0092400,32,16.0,1,chiquis 'n control
3358,Fill in the Prank,2017,16+,32/100,0,1,0,0,tv_show,reality television,United States,English,6.2/10,tt0092400,32,16.0,1,fill in the prank
3359,Pressure Cook,2007,16+,32/100,0,1,0,0,tv_show,reality television,United States,English,7.3/10,tt0092400,32,16.0,1,pressure cook
3360,Man vs. Master: Chef Battle,2019,16+,32/100,0,1,0,0,tv_show,reality television,United States,English,7.5/10,tt0092400,32,16.0,1,man vs. master: chef battle
3361,Great Chocolate Showdown,2020,16+,32/100,0,1,0,0,tv_show,reality television,Canada,English,6.6/10,tt0092400,32,16.0,1,great chocolate showdown
3362,Utawarerumono: The False Faces,2015,16+,32/100,0,1,0,0,tv_show,reality television,United States,English,6.8/10,tt0092400,32,16.0,1,utawarerumono: the false faces
3363,Go Eco,2014,16+,32/100,0,1,0,0,tv_show,reality television,United States,English,10.0,tt0092400,32,16.0,1,go eco
3364,UFC Fight Flashback,2014,16+,31/100,0,1,0,0,tv_show,reality television,United States,English,7.8/10,tt0092400,31,16.0,1,ufc fight flashback
3365,Los Cowboys,2015,16+,31/100,0,1,0,0,tv_show,reality television,United States,English,8.8/10,tt0092400,31,16.0,1,los cowboys
3366,CNBC Titans,2010,all,31/100,0,1,0,0,tv_show,reality television,United States,English,8.2,tt1829880,31,16.0,1,cnbc titans
3367,Day of Gluttony,2014,16+,31/100,0,1,0,0,tv_show,reality television,United States,English,7.6/10,tt0092400,31,16.0,1,day of gluttony
3368,Make This Tonight,2020,16+,31/100,0,1,0,0,tv_show,reality television,United States,English,10.0,tt0092400,31,16.0,1,make this tonight
3369,Destiny,2014,16+,31/100,1,1,0,0,tv_show,reality television,Philippines,English,6.0,tt6884318,31,16.0,1,destiny
3370,Survival School,2008,16+,31/100,0,1,0,0,tv_show,reality television,United States,English,7.3/10,tt0092400,31,16.0,1,survival school
3371,LittleBabyBum,2011,16+,31/100,0,1,0,0,tv_show,reality television,United States,English,9.0/10,tt0092400,31,16.0,1,littlebabybum
3372,Noches con Platanito,2013,16+,31/100,0,1,0,0,tv_show,reality television,United States,"Spanish, English",5.3,tt4941556,31,16.0,1,noches con platanito
3373,Beyond the Headlines: The College Admissions Scandal with Gretchen Carlson,2019,16+,31/100,0,1,0,0,tv_show,reality television,United States,English,5.4/10,tt0092400,31,16.0,1,beyond the headlines: the college admissions scandal with gretchen carlson
3374,La Diosa Coronada,2010,7+,31/100,0,1,0,0,tv_show,telenovela,Colombia,Spanish,7.0,tt1731860,31,7.0,1,la diosa coronada
3375,HobbyKids Adventures,2019,16+,31/100,0,1,0,0,tv_show,reality television,United States,English,1.0,tt10139982,31,16.0,1,hobbykids adventures
3376,Night Guard,2015,18+,31/100,0,1,0,0,tv_show,reality television,United States,English,8.0/10,tt0092400,31,18.0,1,night guard
3377,Top 30,2017,16+,30/100,0,1,0,0,tv_show,reality television,United States,English,6.2/10,tt0092400,30,16.0,1,top 30
3378,Consumer 101,2018,all,30/100,0,1,0,0,tv_show,reality television,United States,English,4.5/10,tt0092400,30,16.0,1,consumer 101
3379,Page Six TV,2017,7+,30/100,0,1,0,0,tv_show,reality television,United States,English,9.0,tt7395798,30,7.0,1,page six tv
3380,Best of BabyTV,2015,16+,30/100,0,1,0,0,tv_show,reality television,United States,English,10.0,tt0092400,30,16.0,1,best of babytv
3381,Holiday Magic,2017,16+,30/100,0,1,0,1,tv_show,reality television,United States,English,7.0/10,tt0092400,30,16.0,1,holiday magic
3382,The Little Rascals Classics,1931,16+,30/100,0,1,0,0,tv_show,reality television,United States,English,10.0,tt0092400,30,16.0,1,the little rascals classics
3383,Paint Me a Story,2014,16+,30/100,0,1,0,0,tv_show,reality television,United States,English,10.0,tt0092400,30,16.0,1,paint me a story
3384,Tiny Beats,2013,16+,29/100,0,1,0,0,tv_show,reality television,United States,English,10.0,tt0092400,29,16.0,1,tiny beats
3385,Grey's Anatomy: B-Team,2018,16+,29/100,0,1,0,0,tv_show,reality television,United States,English,10.0,tt0092400,29,16.0,1,grey's anatomy: b-team
3386,Corazón Valiente,2017,16+,29/100,0,1,0,0,tv_show,"drama television series, melodrama, romance television series, romantic thriller",United States,"Spanish, English",8.0,tt2227061,29,16.0,1,corazón valiente
3387,We Day 2017,2017,16+,29/100,0,1,0,0,tv_show,reality television,United States,English,5.5/10,tt0092400,29,16.0,1,we day 2017
3388,En La Boca Del Lobo,2014,16+,29/100,0,1,0,0,tv_show,telenovela,Colombia,Spanish,8.7,tt4116480,29,16.0,1,en la boca del lobo
3389,ABC News Specials,2010,16+,29/100,0,1,0,0,tv_show,reality television,United States,English,4.8/10,tt0092400,29,16.0,1,abc news specials
3390,Fields of Glory,2004,16+,29/100,0,1,0,0,tv_show,reality television,United States,English,5.8/10,tt0092400,29,16.0,1,fields of glory
3391,Kids Halloween Baking Championship,2016,16+,29/100,0,1,0,0,tv_show,reality television,United States,English,5.8/10,tt0092400,29,16.0,1,kids halloween baking championship
3392,Los Caballeros Las Prefieren Brutas,2011,16+,28/100,0,1,0,0,tv_show,reality television,Colombia,English,1.0,tt1615325,28,16.0,1,los caballeros las prefieren brutas
3393,The Alec Baldwin Show,2018,16+,28/100,0,1,0,0,tv_show,reality television,United States,English,2.0,tt8072678,28,16.0,1,the alec baldwin show
3394,Utano Princesama Revolutions,2015,16+,28/100,0,1,0,0,tv_show,reality television,United States,English,4.2/10,tt0092400,28,16.0,1,utano princesama revolutions
3395,Bobby Flay's Barbecue Addiction,2011,7+,28/100,0,1,0,0,tv_show,reality television,United States,English,6.8,tt1974228,28,7.0,1,bobby flay's barbecue addiction
3396,Videofashion! News,2006,16+,28/100,0,1,1,0,tv_show,reality television,United States,English,6.3/10,tt0092400,28,16.0,1,videofashion! news
3397,Behind the Bar,2011,16+,28/100,0,1,0,0,tv_show,reality television,United States,English,4.4/10,tt0092400,28,16.0,1,behind the bar
3398,NASA 360,2008,all,28/100,0,1,0,0,tv_show,science podcast,United States,English,8.4,tt1327783,28,16.0,1,nasa 360
3399,Jammers,2011,16+,28/100,0,1,0,0,tv_show,reality television,United States,English,10.0,tt0092400,28,16.0,1,jammers
3400,Four of a Kind,2011,16+,28/100,0,1,0,0,tv_show,reality television,United States,English,5.8,tt1859792,28,16.0,1,four of a kind
3401,The Making of Frozen: A Return to Arendelle,2016,16+,27/100,0,1,0,0,tv_show,reality television,United States,English,7.1/10,tt0092400,27,16.0,1,the making of frozen: a return to arendelle
3402,Hot Gay Comics,2008,18+,27/100,0,1,0,0,tv_show,reality television,United States,English,3.8/10,tt0092400,27,18.0,1,hot gay comics
3403,Amar y Temer,2011,16+,26/100,0,1,0,0,tv_show,telenovela,Colombia,Spanish,8.6,tt1895656,26,16.0,1,amar y temer
3404,Hysterical,2021,16+,26/100,0,1,0,0,tv_show,reality television,United States,English,10.0,tt0092400,26,16.0,1,hysterical
3405,Walter and Dude,2012,16+,26/100,0,1,0,0,tv_show,reality television,United States,English,10.0,tt0092400,26,16.0,1,walter and dude
3406,Songs & Rhymes,2012,16+,26/100,0,1,0,0,tv_show,reality television,United States,English,10.0,tt0092400,26,16.0,1,songs & rhymes
3407,She's Living for This,2012,18+,26/100,0,1,0,0,tv_show,"LGBT-related film, LGBT-related television series",United States,English,5.9,tt2272627,26,18.0,1,she's living for this
3408,Pim & Pimba,2011,16+,26/100,0,1,0,0,tv_show,reality television,United States,English,10.0,tt0092400,26,16.0,1,pim & pimba
3409,Gordon Ramsay's American Road trip,2021,16+,26/100,0,1,0,0,tv_show,reality television,United States,English,10.0,tt0092400,26,16.0,1,gordon ramsay's american road trip
3411,Charlie & the Numbers,2011,16+,25/100,0,1,0,0,tv_show,reality television,United States,English,10.0,tt0092400,25,16.0,1,charlie & the numbers
3412,AwesomenessTV,2013,7+,25/100,0,1,0,0,tv_show,"reality television, sketch comedy",United States,English,1.0,tt3100634,25,7.0,1,awesomenesstv
3413,On the Run Eating,2018,7+,25/100,0,1,0,0,tv_show,reality television,United States,English,10.0,tt0092400,25,7.0,1,on the run eating
3414,Crafty Rafty,2014,16+,25/100,0,1,0,0,tv_show,reality television,United States,English,10.0,tt0092400,25,16.0,1,crafty rafty
3415,Counting On,2015,16+,25/100,0,1,0,0,tv_show,reality television,United States,English,2.0,tt5402696,25,16.0,1,counting on
3416,Los Beltrán,1999,16+,25/100,0,1,0,0,tv_show,LGBT-related television series,United States,Spanish,8.7,tt0256546,25,16.0,1,los beltrán
3417,Modd Couples,2015,18+,24/100,0,1,0,0,tv_show,reality television,United States,English,5.3/10,tt0092400,24,18.0,1,modd couples
3418,Draco,2011,16+,24/100,0,1,0,0,tv_show,reality television,United States,English,10.0,tt0092400,24,16.0,1,draco
3419,Tricky Tracks,2012,16+,23/100,0,1,0,0,tv_show,reality television,United States,English,10.0,tt0092400,23,16.0,1,tricky tracks
3420,Oliver Discovers,2014,16+,23/100,0,1,0,0,tv_show,reality television,United States,English,10.0,tt0092400,23,16.0,1,oliver discovers
3421,Kenny & Goorie,2011,16+,23/100,0,1,0,0,tv_show,reality television,United States,English,10.0,tt0092400,23,16.0,1,kenny & goorie
3422,In the Giggle Park,2014,16+,23/100,0,1,0,0,tv_show,reality television,United States,English,10.0,tt0092400,23,16.0,1,in the giggle park
3423,Concertino,2011,16+,23/100,0,1,0,0,tv_show,reality television,United States,English,10.0,tt0092400,23,16.0,1,concertino
3424,Pitch & Potch,2014,16+,22/100,0,1,0,0,tv_show,reality television,United States,English,10.0,tt0092400,22,16.0,1,pitch & potch
3425,ABC Primetime Nightline,2011,16+,22/100,0,1,0,0,tv_show,reality television,United States,English,10.0,tt0092400,22,16.0,1,abc primetime nightline
3426,Hippa Hey,2011,16+,22/100,0,1,0,0,tv_show,reality television,United States,English,10.0,tt0092400,22,16.0,1,hippa hey
3427,Absolutely Ascot,2018,16+,22/100,0,1,0,0,tv_show,reality television,United States,English,10.0,tt0092400,22,16.0,1,absolutely ascot
3428,Cuddlies,2011,16+,22/100,0,1,0,0,tv_show,children's television series,United States,English,1.0,tt6964616,22,16.0,1,cuddlies
3429,"Tengo Talento, Mucho Talento",2012,16+,22/100,0,1,0,0,tv_show,reality television,United States,English,10.0,tt0092400,22,16.0,1,"tengo talento, mucho talento"
3430,Lo Que Callamos Las Mujeres,2012,16+,21/100,0,1,0,0,tv_show,anthology series,Mexico,English,8.0,tt0283755,21,16.0,1,lo que callamos las mujeres
3431,Grey's Anatomy: Post-Op,2017,16+,21/100,0,1,0,0,tv_show,reality television,United States,English,10.0,tt0092400,21,16.0,1,grey's anatomy: post-op
3432,Unusual Suspects: Deadly Intent,2017,16+,21/100,0,1,0,0,tv_show,reality television,United States,English,7.6,tt16636174,21,16.0,1,unusual suspects: deadly intent
3433,Bride and Prejudice: Forbidden Love,2020,16+,21/100,0,1,0,0,tv_show,reality television,United States,English,10.0,tt0092400,21,16.0,1,bride and prejudice: forbidden love
3434,Impact Wrestling,2006,16+,21/100,0,1,0,0,tv_show,"sports entertainment, sports television program",United States,English,8.0,tt0421463,21,16.0,1,impact wrestling
3435,Bath & Bed,2011,16+,21/100,0,1,0,0,tv_show,reality television,United States,English,10.0,tt0092400,21,16.0,1,bath & bed
3436,South Park en Español,1997,16+,21/100,0,1,0,0,tv_show,reality television,United States,English,10.0,tt0092400,21,16.0,1,south park en español
3437,Savage Kingdom,2016,16+,21/100,0,1,0,0,tv_show,reality television,United States,English,10.0,tt0092400,21,16.0,1,savage kingdom
3438,Taraji and Terrence's White Hot Holidays,2015,16+,20/100,0,1,0,0,tv_show,reality television,United States,English,10.0,tt0092400,20,16.0,1,taraji and terrence's white hot holidays
3439,Wilderness Vet,2016,16+,20/100,0,1,0,0,tv_show,reality television,United States,English,10.0,tt0092400,20,16.0,1,wilderness vet
3440,What's New With Hulu,2019,16+,20/100,0,1,0,0,tv_show,reality television,United States,English,10.0,tt0092400,20,16.0,1,what's new with hulu
3441,Mr. Snail,2014,16+,20/100,0,1,0,0,tv_show,reality television,United States,English,10.0,tt0092400,20,16.0,1,mr. snail
3442,Play Time,2008,16+,20/100,0,1,0,0,tv_show,reality television,United States,English,10.0,tt0092400,20,16.0,1,play time
3443,Rosaline,2016,16+,19/100,0,1,0,0,tv_show,reality television,United States,English,10.0,tt0092400,19,16.0,1,rosaline
3444,Drag Me,2020,16+,19/100,0,1,0,0,tv_show,reality television,Brazil,English,7.1,tt7667398,19,16.0,1,drag me
3445,WildWoods,2017,16+,19/100,0,1,0,0,tv_show,reality television,United States,English,10.0,tt0092400,19,16.0,1,wildwoods
3446,The Shirley Temple Collection,1960,16+,19/100,0,1,0,0,tv_show,reality television,United States,English,10.0,tt0092400,19,16.0,1,the shirley temple collection
3447,31 Nights of Halloween Fan Fest,2019,16+,19/100,0,1,0,0,tv_show,reality television,United States,English,10.0,tt0092400,19,16.0,1,31 nights of halloween fan fest
3448,Flip and Flash,2014,16+,19/100,0,1,0,0,tv_show,reality television,United States,English,10.0,tt0092400,19,16.0,1,flip and flash
3449,Sad Hot Girls,2017,16+,19/100,0,1,0,0,tv_show,reality television,United States,English,10.0,tt0092400,19,16.0,1,sad hot girls
3450,5 Levels,2017,16+,19/100,0,1,0,0,tv_show,reality television,United States,English,10.0,tt0092400,19,16.0,1,5 levels
3451,WIRED's Autocomplete Interviews,2016,16+,19/100,0,1,1,0,tv_show,reality television,United States,English,10.0,tt0092400,19,16.0,1,wired's autocomplete interviews
3452,Tinder Takeover,2016,16+,19/100,0,1,0,0,tv_show,reality television,United States,English,10.0,tt0092400,19,16.0,1,tinder takeover
3453,Superstructures: Engineering Marvels,2019,16+,18/100,0,1,0,0,tv_show,reality television,United States,English,7.4,tt11439910,18,16.0,1,superstructures: engineering marvels
3454,Ryan's World Specials presented by pocket.watch,2019,16+,18/100,0,1,0,0,tv_show,reality television,United States,English,10.0,tt0092400,18,16.0,1,ryan's world specials presented by pocket.watch
3455,Billy Bam Bam,2011,16+,18/100,0,1,0,0,tv_show,reality television,United States,English,10.0,tt0092400,18,16.0,1,billy bam bam
3456,Popcorn With Peter Travers,2010,16+,18/100,0,1,0,0,tv_show,reality television,United States,English,10.0,tt0092400,18,16.0,1,popcorn with peter travers
3457,The Oscars,1995,16+,18/100,0,1,0,0,tv_show,reality television,United States,English,10.0,tt0092400,18,16.0,1,the oscars
3458,BBQuest,2018,16+,18/100,0,1,0,0,tv_show,reality television,United States,English,10.0,tt0092400,18,16.0,1,bbquest
3459,Pasión de Gavilanes,2003,16+,18/100,0,1,0,0,tv_show,telenovela,Colombia,Spanish,8.0,tt0387763,18,16.0,1,pasión de gavilanes
3460,Celebrity Living,2015,16+,18/100,0,1,0,0,tv_show,reality television,United States,English,10.0,tt0092400,18,16.0,1,celebrity living
3461,Lost in the Supermarket,2016,16+,18/100,0,1,0,0,tv_show,reality television,United States,English,10.0,tt0092400,18,16.0,1,lost in the supermarket
3462,Maya and Yaya,2014,16+,18/100,0,1,0,0,tv_show,reality television,United States,English,10.0,tt0092400,18,16.0,1,maya and yaya
3463,Red Nose Day,2015,16+,18/100,0,1,0,0,tv_show,reality television,United Kingdom,English,10.0,tt0092400,18,16.0,1,red nose day
3464,The Big Vote,2018,16+,18/100,0,1,0,0,tv_show,reality television,United States,English,10.0,tt0092400,18,16.0,1,the big vote
3465,Sophie La Girafe,2017,16+,18/100,0,1,0,0,tv_show,reality television,United States,English,10.0,tt0092400,18,16.0,1,sophie la girafe
3466,pocket.watch EvanTubeHD mishmash,2018,16+,17/100,0,1,0,0,tv_show,reality television,United States,English,10.0,tt0092400,17,16.0,1,pocket.watch evantubehd mishmash
3467,Wooly,2010,16+,17/100,0,1,0,0,tv_show,reality television,United States,English,10.0,tt0092400,17,16.0,1,wooly
3468,Election Cycle,2016,16+,17/100,0,1,0,0,tv_show,reality television,United States,English,10.0,tt0092400,17,16.0,1,election cycle
3469,Handcrafted,2017,16+,17/100,0,1,1,0,tv_show,reality television,United States,English,10.0,tt0092400,17,16.0,1,handcrafted
3470,Ultimate Survival WWII,2019,16+,17/100,0,1,0,0,tv_show,reality television,United States,English,10.0,tt0092400,17,16.0,1,ultimate survival wwii
3471,Tasty 101,2016,16+,17/100,0,1,1,0,tv_show,reality television,United States,English,10.0,tt0092400,17,16.0,1,tasty 101
3472,Chief Kim,2017,16+,17/100,0,1,0,0,tv_show,reality television,United States,English,10.0,tt0092400,17,16.0,1,chief kim
3473,Eating Your Feed,2018,16+,17/100,0,1,1,0,tv_show,reality television,United States,English,10.0,tt0092400,17,16.0,1,eating your feed
3474,A Murder on Orchard Street,2017,16+,16/100,0,1,0,0,tv_show,reality television,United States,English,10.0,tt0092400,16,16.0,1,a murder on orchard street
3475,Grandpa Joe's Magical Playground,2015,16+,16/100,0,1,0,0,tv_show,reality television,United States,English,10.0,tt0092400,16,16.0,1,grandpa joe's magical playground
3476,Mom In Progress,2018,16+,16/100,0,1,1,0,tv_show,reality television,United States,English,10.0,tt0092400,16,16.0,1,mom in progress
3477,Fear Box,2018,16+,16/100,0,1,0,0,tv_show,reality television,United States,English,10.0,tt0092400,16,16.0,1,fear box
3478,Canciones infantiles,2012,16+,16/100,0,1,0,0,tv_show,reality television,United States,English,10.0,tt0092400,16,16.0,1,canciones infantiles
3479,OUT: Face to Face,2010,16+,16/100,0,1,0,0,tv_show,reality television,United States,English,10.0,tt0092400,16,16.0,1,out: face to face
3480,10 Essentials,2013,16+,16/100,0,1,1,0,tv_show,reality television,United States,English,10.0,tt0092400,16,16.0,1,10 essentials
3481,A Brief History,2016,16+,16/100,0,1,0,0,tv_show,reality television,United States,English,10.0,tt0092400,16,16.0,1,a brief history
3482,"Stop, Breathe & Think Kids: Mindful Games",2017,16+,16/100,0,1,0,0,tv_show,reality television,United States,English,10.0,tt0092400,16,16.0,1,"stop, breathe & think kids: mindful games"
3483,pocket.watch JillianTubeHD Ultimate mishmash,2018,16+,16/100,0,1,0,0,tv_show,reality television,United States,English,10.0,tt0092400,16,16.0,1,pocket.watch jilliantubehd ultimate mishmash
3484,pocket.watch HobbyKidsTV mishmash,2018,16+,16/100,0,1,0,0,tv_show,reality television,United States,English,10.0,tt0092400,16,16.0,1,pocket.watch hobbykidstv mishmash
3485,Heritage,2015,16+,16/100,0,1,0,0,tv_show,reality television,United States,English,10.0,tt0092400,16,16.0,1,heritage
3486,The Champion Within,2017,16+,16/100,0,1,0,0,tv_show,reality television,United States,English,10.0,tt0092400,16,16.0,1,the champion within
3487,Real Estate with Rosanna,2017,16+,16/100,0,1,0,0,tv_show,reality television,United States,English,10.0,tt0092400,16,16.0,1,real estate with rosanna
3488,Around The Way,2019,16+,16/100,0,1,0,0,tv_show,reality television,United States,English,10.0,tt0092400,16,16.0,1,around the way
3489,TRANsitioning,2017,16+,16/100,0,1,0,0,tv_show,reality television,United States,English,10.0,tt0092400,16,16.0,1,transitioning
3490,GMA Day,2018,16+,16/100,0,1,0,0,tv_show,"news program, talk show",United States,English,3.3,tt9114330,16,16.0,1,gma day
3491,Magnificent Obsessions,2014,16+,14/100,0,1,0,0,tv_show,television documentary,Canada,English,10.0,tt0092400,14,16.0,1,magnificent obsessions
3492,Jeremiah Bullfrog Forks It,2017,16+,14/100,0,1,0,0,tv_show,reality television,United States,English,10.0,tt0092400,14,16.0,1,jeremiah bullfrog forks it
3493,MOJO's The Circuit,2008,16+,14/100,0,1,0,0,tv_show,reality television,United States,English,10.0,tt0092400,14,16.0,1,mojo's the circuit
3494,ABC News Documentaries,2015,16+,14/100,0,1,0,0,tv_show,reality television,United States,English,10.0,tt0092400,14,16.0,1,abc news documentaries
3495,Asia's Underworld,2012,16+,14/100,0,1,1,0,tv_show,reality television,United States,English,10.0,tt0092400,14,16.0,1,asia's underworld
3496,pocket.watch CaptainSparklez mishmash,2018,16+,14/100,0,1,0,0,tv_show,reality television,United States,English,10.0,tt0092400,14,16.0,1,pocket.watch captainsparklez mishmash
3497,Trials of the Wild,2018,16+,14/100,0,1,0,0,tv_show,reality television,United States,English,10.0,tt0092400,14,16.0,1,trials of the wild
3498,Ventaneando,2012,16+,14/100,0,1,0,0,tv_show,reality television,Mexico,Spanish,3.8,tt0386252,14,16.0,1,ventaneando
3499,Truth and Lies: Watergate,2017,16+,14/100,0,1,0,0,tv_show,reality television,United States,English,10.0,tt0092400,14,16.0,1,truth and lies: watergate
3500,Bondi Harvest,2018,16+,14/100,0,1,0,0,tv_show,reality television,United States,English,10.0,tt0092400,14,16.0,1,bondi harvest
3501,#ThatsHarassment,2018,16+,14/100,0,1,1,0,tv_show,reality television,United States,English,10.0,tt0092400,14,16.0,1,#thatsharassment
3502,Caption Contest,2017,16+,14/100,0,1,0,0,tv_show,reality television,United States,English,10.0,tt0092400,14,16.0,1,caption contest
3503,The 76th Annual Golden Globe Awards,2019,16+,14/100,0,1,0,0,tv_show,reality television,United States,English,10.0,tt0092400,14,16.0,1,the 76th annual golden globe awards
3504,Almost Impossible,2017,16+,14/100,0,1,0,0,tv_show,reality television,United States,English,10.0,tt0092400,14,16.0,1,almost impossible
3505,Luke Gamble's Vet Adventures,2010,16+,14/100,0,1,1,0,tv_show,reality television,United States,English,10.0,tt0092400,14,16.0,1,luke gamble's vet adventures
3506,On This Day in Black History Month,2019,16+,14/100,0,1,0,0,tv_show,reality television,United States,English,10.0,tt0092400,14,16.0,1,on this day in black history month
3507,Rudy Maxa's Travel,2001,16+,14/100,0,1,1,0,tv_show,reality television,United States,English,10.0,tt0092400,14,16.0,1,rudy maxa's travel
3508,Health + Happiness with Mayo Clinic,2018,16+,14/100,0,1,0,0,tv_show,reality television,United States,English,10.0,tt0092400,14,16.0,1,health + happiness with mayo clinic
3509,ESL: Replay,2017,16+,14/100,0,1,0,0,tv_show,reality television,United States,English,10.0,tt0092400,14,16.0,1,esl: replay
3510,Style Evolution,2018,16+,14/100,0,1,0,0,tv_show,reality television,United States,English,10.0,tt0092400,14,16.0,1,style evolution
3511,Limomasters (Espanol),2014,16+,14/100,0,1,0,0,tv_show,reality television,United States,English,10.0,tt0092400,14,16.0,1,limomasters (espanol)
3512,The Adventures of Dr. Buckeye Bottoms,2017,16+,14/100,0,1,0,0,tv_show,reality television,United States,English,10.0,tt0092400,14,16.0,1,the adventures of dr. buckeye bottoms
3513,"I Draw, You Cook",2018,16+,14/100,0,1,0,0,tv_show,reality television,United States,English,10.0,tt0092400,14,16.0,1,"i draw, you cook"
3514,Triumph,2016,16+,14/100,0,1,0,0,tv_show,reality television,United States,English,10.0,tt0092400,14,16.0,1,triumph
3515,Aurora,2010,16+,14/100,1,1,0,0,tv_show,reality television,United States,English,10.0,tt0092400,14,16.0,1,aurora
3516,ESL: Player vs Player,2017,16+,14/100,0,1,0,0,tv_show,reality television,United States,English,10.0,tt0092400,14,16.0,1,esl: player vs player
3517,BabyFirst Nursery Songs,2015,16+,14/100,0,1,0,0,tv_show,reality television,United States,English,10.0,tt0092400,14,16.0,1,babyfirst nursery songs
3518,Legendary Catch,2019,16+,14/100,0,1,0,0,tv_show,reality television,United States,English,10.0,tt0092400,14,16.0,1,legendary catch
3519,ESL: Defining Moments,2017,16+,14/100,0,1,0,0,tv_show,reality television,United States,English,10.0,tt0092400,14,16.0,1,esl: defining moments
3520,Dick Clark's Primetime New Year's Rockin' Eve,2013,16+,14/100,0,1,0,0,tv_show,variety show,United States,English,10.0,tt0092400,14,16.0,1,dick clark's primetime new year's rockin' eve
3521,pocket.watch Ryan Toys Review Ultimate mishmash,2018,16+,14/100,0,1,0,0,tv_show,reality television,United States,English,10.0,tt0092400,14,16.0,1,pocket.watch ryan toys review ultimate mishmash
3522,El Sexo Débil,2015,16+,14/100,0,1,0,0,tv_show,telenovela,Mexico,Spanish,10.0,tt1809550,14,16.0,1,el sexo débil
3523,48 Hours with Kygo,2019,16+,14/100,0,1,0,0,tv_show,reality television,United States,English,10.0,tt0092400,14,16.0,1,48 hours with kygo
3524,Talks at GS,2017,16+,14/100,0,1,1,0,tv_show,reality television,United States,English,10.0,tt0092400,14,16.0,1,talks at gs
3525,Magic Eye Shark Movie,2013,16+,14/100,0,1,0,0,tv_show,reality television,United States,English,10.0,tt0092400,14,16.0,1,magic eye shark movie
3526,Blissful Thinking,2017,16+,14/100,0,1,0,0,tv_show,reality television,United States,English,10.0,tt0092400,14,16.0,1,blissful thinking
3527,The Paley Center,2000,16+,13/100,0,1,0,0,tv_show,reality television,United States,English,10.0,tt0092400,13,16.0,1,the paley center
3528,Mujeres Rompiendo el Silencio,2017,16+,13/100,0,1,0,0,tv_show,reality television,United States,English,10.0,tt0092400,13,16.0,1,mujeres rompiendo el silencio
3529,24 Hours With,2018,16+,13/100,0,1,0,0,tv_show,talk show,Netherlands,Dutch,7.1,tt1054686,13,16.0,1,24 hours with
3530,Crime Shock: Asia Exposed,2013,16+,13/100,0,1,0,0,tv_show,reality television,United States,English,10.0,tt0092400,13,16.0,1,crime shock: asia exposed
3531,UFC Ultimate Knockouts,2014,16+,13/100,0,1,0,0,tv_show,reality television,United States,English,10.0,tt0092400,13,16.0,1,ufc ultimate knockouts
3532,Thingstarter,2013,16+,13/100,0,1,0,0,tv_show,reality television,United States,English,10.0,tt0092400,13,16.0,1,thingstarter
3533,Derek Does Stuff with a Friend,2016,16+,13/100,0,1,0,0,tv_show,reality television,United States,English,10.0,tt0092400,13,16.0,1,derek does stuff with a friend
3535,Food Fetish,2011,16+,13/100,0,1,0,0,tv_show,reality television,United States,English,10.0,tt0092400,13,16.0,1,food fetish
3536,NASA Television Documentaries,2015,16+,13/100,0,1,0,0,tv_show,reality television,United States,English,10.0,tt0092400,13,16.0,1,nasa television documentaries
3537,Dates (US),2015,16+,13/100,0,1,0,0,tv_show,reality television,United States,English,10.0,tt0092400,13,16.0,1,dates (us)
3538,Politicking with Larry King,2013,16+,13/100,0,1,0,0,tv_show,reality television,United States,English,6.0,tt5136220,13,16.0,1,politicking with larry king
3539,Especiales de Historia de México,2012,16+,13/100,0,1,0,0,tv_show,reality television,United States,English,10.0,tt0092400,13,16.0,1,especiales de historia de méxico
3540,It's Alive with Brad,2018,16+,13/100,0,1,1,0,tv_show,reality television,United States,English,10.0,tt0092400,13,16.0,1,it's alive with brad
3541,Obsessed (WIRED),2017,16+,13/100,0,1,0,0,tv_show,reality television,United States,English,10.0,tt0092400,13,16.0,1,obsessed (wired)
3542,Secrets of Your Mind,2010,16+,13/100,0,1,0,0,tv_show,reality television,United States,English,10.0,tt0092400,13,16.0,1,secrets of your mind
3543,Secret Talent Theatre,2016,16+,13/100,0,1,0,0,tv_show,reality television,United States,English,10.0,tt0092400,13,16.0,1,secret talent theatre
3544,The Bravest Knight Who Ever Lived,2014,16+,13/100,0,1,0,0,tv_show,reality television,United States,English,10.0,tt0092400,13,16.0,1,the bravest knight who ever lived
3545,Puertas al Mas Alla,2012,16+,13/100,0,1,0,0,tv_show,reality television,Peru,English,10.0,tt0092400,13,16.0,1,puertas al mas alla
3546,Out of Office with Brent Rose,2015,16+,13/100,0,1,1,0,tv_show,reality television,United States,English,10.0,tt0092400,13,16.0,1,out of office with brent rose
3547,Things I Do,2015,16+,13/100,0,1,0,0,tv_show,reality television,United States,English,10.0,tt0092400,13,16.0,1,things i do
3548,El Negocio,2014,16+,13/100,0,1,0,0,tv_show,drama,Brazil,Portuguese,5.0,tt2650940,13,16.0,1,el negocio
3549,Pop Trigger,2012,16+,13/100,0,1,0,0,tv_show,reality television,United States,English,10.0,tt0092400,13,16.0,1,pop trigger
3550,Pégate a Mick,2014,16+,13/100,0,1,0,0,tv_show,reality television,United States,English,10.0,tt0092400,13,16.0,1,pégate a mick
3551,Bioterrorism: The Truth,2016,16+,13/100,0,1,0,0,tv_show,reality television,United States,English,10.0,tt0092400,13,16.0,1,bioterrorism: the truth
3552,Get Sweaty,2016,16+,13/100,0,1,0,0,tv_show,reality television,United States,English,10.0,tt0092400,13,16.0,1,get sweaty
3553,Entre Caníbales,2015,16+,13/100,0,1,0,0,tv_show,telenovela,Argentina,English,7.6,tt4262710,13,16.0,1,entre caníbales
3554,Fantasy Forecast,2016,16+,13/100,0,1,0,0,tv_show,reality television,United States,English,10.0,tt0092400,13,16.0,1,fantasy forecast
3555,Heart of a Champion,2016,16+,13/100,0,1,0,0,tv_show,reality television,United States,English,10.0,tt0092400,13,16.0,1,heart of a champion
3556,Raw. Vegan. Not Gross.,2013,16+,13/100,0,1,0,0,tv_show,reality television,United States,English,10.0,tt0092400,13,16.0,1,raw. vegan. not gross.
3557,ABC News | Garage Geniuses,2016,16+,10/100,0,1,0,0,tv_show,reality television,United States,English,10.0,tt0092400,10,16.0,1,abc news | garage geniuses
3558,Jenni Rivera La Vida de Una Diva,2013,16+,10/100,0,1,0,0,tv_show,reality television,United States,English,10.0,tt0092400,10,16.0,1,jenni rivera la vida de una diva
3559,UFC Presents,2013,16+,10/100,0,1,0,0,tv_show,reality television,United States,English,10.0,tt0092400,10,16.0,1,ufc presents
3560,Earth From Above,2011,16+,10/100,0,1,0,0,tv_show,documentary film,France,French,8.4,tt2410576,10,16.0,1,earth from above
3561,Strait Talk with Matt & LZ,2016,16+,10/100,0,1,0,0,tv_show,reality television,United States,English,10.0,tt0092400,10,16.0,1,strait talk with matt & lz
3562,Epic Conversations,2016,16+,10/100,0,1,0,0,tv_show,reality television,United States,English,10.0,tt0092400,10,16.0,1,epic conversations
3563,ESL Bootcamp: Immortals,2017,16+,10/100,0,1,0,0,tv_show,reality television,United States,English,10.0,tt0092400,10,16.0,1,esl bootcamp: immortals
3564,Twitter Tech Support,2017,16+,10/100,0,1,0,0,tv_show,reality television,United States,English,10.0,tt0092400,10,16.0,1,twitter tech support
3565,On Stage,2017,16+,10/100,0,1,0,0,tv_show,reality television,Canada,English,10.0,tt0250897,10,16.0,1,on stage
3566,Gen H,2012,16+,10/100,0,1,0,0,tv_show,reality television,United States,English,10.0,tt0092400,10,16.0,1,gen h
3567,Because of an Earlier Incident,2012,16+,10/100,0,1,0,0,tv_show,reality television,United States,English,10.0,tt0092400,10,16.0,1,because of an earlier incident
3568,Andy Explores,2019,16+,10/100,0,1,0,0,tv_show,reality television,United States,English,10.0,tt0092400,10,16.0,1,andy explores
3569,Laughs,2015,16+,10/100,0,1,0,0,tv_show,reality television,United States,English,10.0,tt0092400,10,16.0,1,laughs
3570,Technique Critique,2016,16+,10/100,0,1,0,0,tv_show,reality television,United States,English,10.0,tt0092400,10,16.0,1,technique critique
3571,Time for Bed with Punam Patel,2017,16+,10/100,0,1,0,0,tv_show,reality television,United States,English,10.0,tt0092400,10,16.0,1,time for bed with punam patel
3572,A Woman's Job,2017,16+,10/100,0,1,0,0,tv_show,reality television,United States,English,10.0,tt0092400,10,16.0,1,a woman's job
3573,Hello World,2016,16+,10/100,0,1,0,0,tv_show,reality television,United States,English,10.0,tt0092400,10,16.0,1,hello world
3574,Modern Baby,2019,16+,10/100,0,1,0,0,tv_show,reality television,United States,English,10.0,tt0092400,10,16.0,1,modern baby
3575,Tiny Nuts,2014,16+,10/100,0,1,0,0,tv_show,comedy television series,United States,English,1.0,tt3634624,10,16.0,1,tiny nuts
3576,Newsy,2016,16+,10/100,0,1,0,0,tv_show,reality television,United States,English,10.0,tt0092400,10,16.0,1,newsy
3577,"Build Small, Live Anywhere",2015,16+,10/100,0,1,0,0,tv_show,reality television,United States,English,10.0,tt0092400,10,16.0,1,"build small, live anywhere"
3578,Going Si-ral,2016,16+,10/100,0,1,0,0,tv_show,reality television,United States,English,10.0,tt0092400,10,16.0,1,going si-ral
3579,ABC News | Features,2016,16+,10/100,0,1,0,0,tv_show,reality television,United States,English,10.0,tt0092400,10,16.0,1,abc news | features
3581,The Boys,2019,18+,93/100,0,0,1,0,tv_show,"action television series, fantasy television series, crime television series, comedy drama",United States,English,10.0,tt1190634,93,18.0,1,the boys
3583,Dexter,2006,18+,92/100,0,0,1,0,tv_show,"thriller, police procedural, drama television series",United States,"English, Spanish",9.0,tt0773262,92,18.0,1,dexter
3584,House,2004,16+,92/100,0,0,1,0,tv_show,medical drama,United States,English,8.7,tt0412142,92,16.0,1,house
3585,Mr. Robot,2015,18+,91/100,0,0,1,0,tv_show,"drama television series, psychological thriller, techno-thriller, LGBT-related television series",United States,"English, Swedish, Danish",10.0,tt4158110,91,18.0,1,mr. robot
3588,The Expanse,2015,16+,90/100,0,0,1,0,tv_show,"space opera, drama television series, science fiction television program, detective fiction",United States,English,9.0,tt3230854,90,16.0,1,the expanse
3590,Bosch,2015,18+,88/100,0,0,1,0,tv_show,"drama television series, police procedural",United States,English,9.0,tt3502248,88,18.0,1,bosch
3591,Invincible,2021,18+,88/100,0,0,1,1,tv_show,reality television,United States,English,8.7/10,tt0092400,88,18.0,1,invincible
3592,Fleabag,2016,18+,88/100,0,0,1,0,tv_show,comedy drama,United Kingdom,English,8.0,tt5687612,88,18.0,1,fleabag
3594,The Americans,2013,18+,87/100,0,0,1,0,tv_show,drama television series,United States,English,7.7,tt0054515,87,18.0,1,the americans
3595,Billions,2016,18+,87/100,0,0,1,0,tv_show,drama television series,United States,English,8.0,tt4270492,87,18.0,1,billions
3597,The Marvelous Mrs. Maisel,2017,18+,86/100,0,0,1,0,tv_show,"historical drama, drama television series",United States,English,9.0,tt5788792,86,18.0,1,the marvelous mrs. maisel
3600,Psych,2006,7+,86/100,0,0,1,0,tv_show,"detective fiction, drama television series, comedy drama, police procedural",United States,English,10.0,tt0491738,86,7.0,1,psych
3601,The Night Manager,2016,16+,86/100,0,0,1,0,tv_show,"drama television series, crime television series, espionage television series, television series based on a novel",United Kingdom,English,8.0,tt1399664,86,16.0,1,the night manager
3603,Unforgotten,2018,18+,85/100,0,0,1,0,tv_show,"crime television series, drama television series",United Kingdom,English,10.0,tt4192812,85,18.0,1,unforgotten
3604,Orphan Black,2013,18+,85/100,0,0,1,0,tv_show,"science fiction television program, thriller television series, drama television series, LGBT-related television series",Canada,English,9.0,tt2234222,85,18.0,1,orphan black
3605,Chuck,2007,16+,85/100,0,1,1,0,tv_show,"action television series, comedy television series, espionage television series, drama television series",United States,English,8.0,tt0934814,85,16.0,1,chuck
3607,The Fall,2013,18+,85/100,0,0,1,0,tv_show,"drama television series, LGBT-related television series","United Kingdom, Ireland",English,9.0,tt2294189,85,18.0,1,the fall
3609,Tom Clancy's Jack Ryan,2018,18+,84/100,0,0,1,0,tv_show,"action television series, political thriller, drama television series",United States,English,8.0,tt5057054,84,18.0,1,tom clancy's jack ryan
3611,The Pacific,2010,18+,83/100,0,0,1,0,tv_show,"drama television series, war television series, historical television series","United States, United Kingdom, Australia",English,8.0,tt0374463,83,18.0,1,the pacific
3612,Good Omens,2019,18+,83/100,0,0,1,0,tv_show,"fantasy television series, television series based on a novel",United Kingdom,English,8.0,tt1869454,83,18.0,1,good omens
3614,The Man in the High Castle,2015,18+,83/100,0,0,1,0,tv_show,"drama television series, alternate history, science fiction television program, thriller television series",United States,English,8.0,tt1740299,83,18.0,1,the man in the high castle
3615,Grimm,2011,16+,83/100,0,0,1,0,tv_show,"horror television series, fantasy television series, crime television series, police television drama",United States,"English, German, French",7.0,tt1830617,83,16.0,1,grimm
3616,The Family Man,2019,16+,83/100,0,0,1,0,tv_show,reality television,India,English,9.0,tt9544034,83,16.0,1,the family man
3620,Upload,2020,18+,82/100,0,0,1,0,tv_show,"science fiction television program, satire, comedy drama",United States,English,8.0,tt7826376,82,18.0,1,upload
3622,Counterpart,2017,18+,82/100,0,0,1,0,tv_show,"thriller television series, science fiction television program, parallel universe fiction, espionage television series",United States,English,10.0,tt4643084,82,18.0,1,counterpart
3624,Monk,2002,16+,81/100,0,0,1,0,tv_show,"police procedural, detective fiction, comedy drama",United States,English,8.1,tt0312172,81,16.0,1,monk
3626,The Grand Tour,2016,16+,81/100,0,0,1,0,tv_show,"magazine format program, automotive television show, entertainment television program, factual television program",United Kingdom,English,10.0,tt5712554,81,16.0,1,the grand tour
3627,Black Books,2000,7+,81/100,0,0,1,0,tv_show,comedy television series,United Kingdom,English,8.4,tt0262150,81,7.0,1,black books
3628,Californication,2007,18+,81/100,0,0,1,0,tv_show,"comedy drama, erotic television series",United States,English,9.0,tt0904208,81,18.0,1,californication
3629,Eureka,2006,16+,81/100,0,0,1,0,tv_show,"science fiction television program, comedy drama",United States,English,7.9,tt0796264,81,16.0,1,eureka
3630,Animal Kingdom,2016,18+,80/100,0,0,1,0,tv_show,"crime television series, drama television series",United States,English,8.0,tt5574490,80,18.0,1,animal kingdom
3633,Humans,2015,16+,80/100,0,0,1,0,tv_show,"science fiction television program, drama film, LGBT-related television series, alternate history television series","United Kingdom, United States",English,8.0,tt4122068,80,16.0,1,humans
3634,Endeavour,2013,16+,80/100,0,0,1,0,tv_show,police television drama,United Kingdom,English,9.0,tt2701582,80,16.0,1,endeavour
3635,Alias,2001,16+,80/100,0,0,1,0,tv_show,"action television series, espionage television series, thriller television series, science fiction television program",United States,English,9.0,tt0285333,80,16.0,1,alias
3636,The Missing,2014,18+,80/100,0,0,1,0,tv_show,drama television series,"United Kingdom, Belgium, United States",English,9.0,tt3877200,80,18.0,1,the missing
3637,Sneaky Pete,2015,18+,79/100,0,0,1,0,tv_show,drama television series,United States,English,10.0,tt5011816,79,18.0,1,sneaky pete
3638,Father Ted,1995,16+,79/100,0,0,1,0,tv_show,sitcom,"United Kingdom, Ireland",English,10.0,tt0111958,79,16.0,1,father ted
3639,The Mentalist,2008,16+,79/100,0,0,1,0,tv_show,"police procedural, drama television series, thriller television series",United States,English,7.0,tt1196946,79,16.0,1,the mentalist
3640,The Thick of It,2005,18+,79/100,0,0,1,0,tv_show,"sitcom, political satire",United Kingdom,English,10.0,tt0459159,79,18.0,1,the thick of it
3641,The Lost Room,2006,7+,79/100,0,0,1,0,tv_show,reality television,United States,English,8.2/10,tt0092400,79,7.0,1,the lost room
3644,River,2015,7+,79/100,0,0,1,0,tv_show,reality television,United States,English,8.0/10,tt0092400,79,7.0,1,river
3646,The Affair,2014,18+,78/100,0,0,1,0,tv_show,"drama television series, mystery television series",United States,English,8.0,tt2699110,78,18.0,1,the affair
3647,Undone,2019,18+,78/100,0,0,1,0,tv_show,reality television,United States,English,8.2/10,tt0092400,78,18.0,1,undone
3649,Poldark,2015,16+,78/100,0,0,1,0,tv_show,"romantic television drama, television series based on a novel",United Kingdom,English,8.3,tt3636060,78,16.0,1,poldark
3650,Carnival Row,2019,18+,78/100,0,0,1,0,tv_show,"fantasy television series, drama television series, urban fantasy, neo-noir",United States,English,7.7,tt0489974,78,18.0,1,carnival row
3651,Wayne,2019,18+,78/100,0,0,1,0,tv_show,reality television,United States,English,8.4/10,tt0092400,78,18.0,1,wayne
3652,Farscape,1999,16+,78/100,0,0,1,0,tv_show,"science fiction television program, adventure television series","Australia, United States",English,8.3,tt0187636,78,16.0,1,farscape
3653,Victoria,2016,16+,78/100,0,0,1,0,tv_show,reality television,United States,English,8.2/10,tt0092400,78,16.0,1,victoria
3654,Goliath,2016,16+,77/100,0,0,1,0,tv_show,"drama television series, legal drama, LGBT-related television series",United States,English,7.0,tt4687880,77,16.0,1,goliath
3655,Catastrophe,2015,18+,77/100,0,0,1,0,tv_show,comedy,United Kingdom,English,9.0,tt4374208,77,18.0,1,catastrophe
3656,Hanna,2019,18+,77/100,0,0,1,0,tv_show,"teen sitcom, music television",United States,English,9.0,tt0493093,77,18.0,1,hanna
3659,SpongeBob SquarePants,1999,7+,77/100,0,0,1,0,tv_show,reality television,United States,English,8.2/10,tt0092400,77,7.0,1,spongebob squarepants
3660,Extras,2005,18+,77/100,0,0,1,0,tv_show,sitcom,United Kingdom,English,8.3,tt0445114,77,18.0,1,extras
3661,Two and a Half Men,2003,16+,77/100,0,0,1,0,tv_show,sitcom,United States,English,7.0,tt0369179,77,16.0,1,two and a half men
3662,Escape at Dannemora,2018,18+,77/100,0,0,1,0,tv_show,reality television,United States,English,8.0/10,tt0092400,77,18.0,1,escape at dannemora
3663,Patriot,2015,18+,77/100,0,0,1,0,tv_show,reality television,United States,English,8.3/10,tt0092400,77,18.0,1,patriot
3667,Modern Love,2019,18+,76/100,0,0,1,0,tv_show,romantic comedy,United States,English,9.0,tt8543390,76,18.0,1,modern love
3668,Clarkson's Farm,2021,7+,76/100,0,0,1,0,tv_show,television documentary,England,British English,10.0,tt10541088,76,7.0,1,clarkson's farm
3671,Gavin & Stacey,2007,16+,75/100,0,0,1,0,tv_show,sitcom,United Kingdom,English,10.0,tt0908454,75,16.0,1,gavin & stacey
3672,Homecoming,2018,18+,74/100,0,0,1,0,tv_show,reality television,United States,English,7.5/10,tt0092400,74,18.0,1,homecoming
3673,City on a Hill,2019,18+,74/100,0,0,1,0,tv_show,crime television series,United States,English,9.0,tt7187044,74,18.0,1,city on a hill
3674,Patrick Melrose,2018,18+,74/100,0,0,1,0,tv_show,reality television,United States,English,8.1/10,tt0092400,74,18.0,1,patrick melrose
3675,Queer as Folk,1999,18+,74/100,0,0,1,0,tv_show,"comedy drama, LGBT-related television series","United States, Canada",English,8.5,tt0262985,74,18.0,1,queer as folk
3676,Flack,2019,16+,74/100,0,0,1,0,tv_show,comedy drama,United States,English,7.0,tt8128344,74,16.0,1,flack
3677,Mozart in the Jungle,2014,18+,74/100,0,0,1,0,tv_show,comedy drama,United States,English,8.0,tt3502172,74,18.0,1,mozart in the jungle
3678,The Tick,2016,7+,74/100,0,0,1,0,tv_show,"science fiction television program, superhero television program",United States,English,8.0,tt5540054,74,7.0,1,the tick
3682,Tales from the Loop,2020,18+,72/100,0,0,1,0,tv_show,"science fiction television program, film based on book, alternate history television series",United States,English,8.0,tt8741290,72,18.0,1,tales from the loop
3683,Fortitude,2015,18+,72/100,0,0,1,0,tv_show,"drama television series, detective fiction, thriller television series",United Kingdom,English,8.0,tt3498622,72,18.0,1,fortitude
3684,The Tunnel,2013,18+,72/100,0,0,1,0,tv_show,"drama television series, LGBT-related television series","United Kingdom, France","English, French",8.0,tt2711738,72,18.0,1,the tunnel
3685,The Wilds,2020,16+,72/100,0,0,1,0,tv_show,"drama television series, LGBT-related television series, drama film",United States,English,10.0,tt8633062,72,16.0,1,the wilds
3686,A Very English Scandal,2018,16+,72/100,0,0,1,0,tv_show,"comedy drama, LGBT-related television series, television series based on a novel, historical drama",United Kingdom,English,8.0,tt6938856,72,16.0,1,a very english scandal
3687,Salvation,2017,16+,72/100,0,0,1,0,tv_show,"science fiction television program, thriller television series, drama television series",United States,English,6.9,tt6170874,72,16.0,1,salvation
3688,The Underground Railroad,2021,18+,72/100,0,0,1,0,tv_show,reality television,United States,English,7.3/10,tt0092400,72,18.0,1,the underground railroad
3689,Red Oaks,2014,18+,72/100,0,0,1,0,tv_show,"comedy television series, college life television program",United States,English,8.0,tt3973820,72,18.0,1,red oaks
3691,Tell Me Your Secrets,2021,18+,72/100,0,0,1,0,tv_show,reality television,United States,English,8.0,tt7177890,72,18.0,1,tell me your secrets
3692,Transparent,2014,18+,72/100,0,0,1,0,tv_show,"comedy drama, LGBT-related television series",United States,English,7.0,tt3502262,72,18.0,1,transparent
3693,Loudermilk,2017,18+,72/100,0,0,1,0,tv_show,comedy,United States,English,8.0,tt5957766,72,18.0,1,loudermilk
3694,Britannia,2018,16+,72/100,0,0,1,0,tv_show,reality television,United States,English,6.8/10,tt0092400,72,16.0,1,britannia
3695,ZeroZeroZero,2020,18+,71/100,0,0,1,0,tv_show,"crime film, television series based on a novel",Italy,English,10.0,tt8332438,71,18.0,1,zerozerozero
3696,Philip K. Dick's Electric Dreams,2017,18+,71/100,0,0,1,0,tv_show,"anthology series, science fiction television program, film based on literature",United Kingdom,English,7.0,tt5711280,71,18.0,1,philip k. dick's electric dreams
3700,Vinland Saga,2019,16+,71/100,0,0,1,0,tv_show,reality television,United States,English,8.8/10,tt0092400,71,16.0,1,vinland saga
3703,Truth Seekers,2020,16+,71/100,0,0,1,0,tv_show,"horror television series, comedy television program",United Kingdom,English,9.0,tt7907922,71,16.0,1,truth seekers
3704,"Magnum, P.I.",1980,7+,70/100,0,0,1,0,tv_show,"detective fiction, action television series, drama television series",United States,English,7.0,tt0080240,70,7.0,1,"magnum, p.i."
3705,Hunters,2020,18+,70/100,0,0,1,0,tv_show,"drama television series, alternate history television series",United States,English,8.0,tt7456722,70,18.0,1,hunters
3707,"Eerie, Indiana",1991,7+,70/100,0,0,1,0,tv_show,science fiction television program,United States,English,9.0,tt0101088,70,7.0,1,"eerie, indiana"
3708,The Andy Griffith Show,1960,all,70/100,0,0,1,0,tv_show,American television sitcom,United States,English,8.4,tt0053479,70,16.0,1,the andy griffith show
3713,Mirzapur,2018,18+,69/100,0,0,1,0,tv_show,"thriller television series, crime television series, action television series",India,English,9.0,tt6473300,69,18.0,1,mirzapur
3714,Sanctuary,2008,7+,69/100,0,0,1,0,tv_show,"paranormal television program, fantasy television series, science fiction television program",Canada,English,6.0,tt0965394,69,7.0,1,sanctuary
3715,Them,2021,16+,69/100,0,0,1,0,tv_show,reality television,United States,English,7.3/10,tt0092400,69,16.0,1,them
3716,Detectorists,2014,16+,69/100,0,0,1,0,tv_show,sitcom,United Kingdom,English,10.0,tt4082744,69,16.0,1,detectorists
3717,Tin Star,2017,18+,69/100,0,0,1,0,tv_show,thriller television series,"United Kingdom, Canada",English,7.0,tt4607112,69,18.0,1,tin star
3719,The Durrells,2016,7+,69/100,0,0,1,0,tv_show,"drama television series, film based on book",United Kingdom,"English, Greek",9.0,tt5014882,69,7.0,1,the durrells
3720,Ordeal by Innocence,2018,16+,69/100,0,0,1,0,tv_show,"thriller television series, drama television series, television series based on a novel",United Kingdom,English,6.0,tt6118426,69,16.0,1,ordeal by innocence
3721,Get Shorty,2017,18+,69/100,0,0,1,0,tv_show,"drama film, television series based on a novel",United States,English,8.0,tt5761496,69,18.0,1,get shorty
3722,Thirteen,2016,18+,69/100,0,0,1,0,tv_show,reality television,United States,English,7.2/10,tt0092400,69,18.0,1,thirteen
3724,The Returned,2015,18+,68/100,0,0,1,0,tv_show,"paranormal television program, horror television series, drama television series",France,French,10.0,tt2521668,68,18.0,1,the returned
3726,Trapped,2015,7+,68/100,0,0,1,0,tv_show,"thriller television series, crime television series, Nordic noir",Iceland,Icelandic,10.0,tt3561180,68,7.0,1,trapped
3727,ALF,1986,all,68/100,0,0,1,0,tv_show,reality television,United States,English,7.4/10,tt0092400,68,16.0,1,alf
3730,Informer,2018,18+,68/100,0,0,1,0,tv_show,"crime film, thriller film",United Kingdom,English,10.0,tt7161312,68,18.0,1,informer
3732,Alex Rider,2020,16+,68/100,0,0,1,0,tv_show,"espionage television series, thriller television series, action television series, drama television series","United Kingdom, United States",English,8.0,tt6964748,68,16.0,1,alex rider
3733,Jesus of Nazareth,1977,7+,68/100,0,0,1,0,tv_show,reality television,United States,English,8.5/10,tt0092400,68,7.0,1,jesus of nazareth
3734,The Cosby Show,1984,all,68/100,0,0,1,0,tv_show,comedy television series,United States,English,7.4,tt0086687,68,16.0,1,the cosby show
3736,Absentia,2017,18+,67/100,0,0,1,0,tv_show,"drama television series, crime television series, thriller television series",United States,English,7.1,tt6794990,67,18.0,1,absentia
3737,Grantchester,2014,16+,67/100,0,0,1,0,tv_show,"drama television series, television series based on a novel",United Kingdom,English,5.0,tt3747572,67,16.0,1,grantchester
3738,The Men Who Built America,2012,7+,67/100,0,0,1,0,tv_show,docudrama,United States,English,10.0,tt2167393,67,7.0,1,the men who built america
3741,Too Old to Die Young,2019,18+,67/100,0,0,1,0,tv_show,"crime film, crime literature",United States,"English, Spanish",10.0,tt6517320,67,18.0,1,too old to die young
3743,Forever,2018,18+,67/100,0,0,1,0,tv_show,reality television,United States,English,7.2/10,tt0092400,67,18.0,1,forever
3744,Dororo,2019,18+,67/100,0,0,1,0,tv_show,reality television,United States,English,8.4/10,tt0092400,67,18.0,1,dororo
3745,Good Girls Revolt,2015,18+,67/100,0,0,1,0,tv_show,historical drama,United States,English,10.0,tt4687892,67,18.0,1,good girls revolt
3746,Secret Diary of a Call Girl,2007,18+,67/100,0,0,1,0,tv_show,"comedy television series, drama television series, erotic television series",United Kingdom,English,6.0,tt1000734,67,18.0,1,secret diary of a call girl
3747,Mad Dogs,2015,18+,67/100,0,0,1,0,tv_show,"black comedy, psychological thriller",United Kingdom,English,7.0,tt1652218,67,18.0,1,mad dogs
3749,Home Fires,2015,7+,66/100,0,0,1,0,tv_show,LGBT-related television series,United Kingdom,English,9.0,tt4015216,66,7.0,1,home fires
3750,Jean-Claude Van Johnson,2016,7+,66/100,0,0,1,0,tv_show,comedy,United States,English,9.0,tt6682754,66,7.0,1,jean-claude van johnson
3751,The Honeymooners,1952,all,66/100,0,0,1,0,tv_show,American television sitcom,United States,English,8.6,tt0042114,66,16.0,1,the honeymooners
3752,Isabel,2012,7+,66/100,0,0,1,0,tv_show,drama film,Chile,Spanish,10.0,tt14127520,66,7.0,1,isabel
3753,Vanity Fair,2018,7+,66/100,0,0,1,0,tv_show,television series based on a novel,United Kingdom,English,10.0,tt0159090,66,7.0,1,vanity fair
3754,Lewis,2007,16+,66/100,0,0,1,0,tv_show,reality television,United States,English,8.0/10,tt0092400,66,16.0,1,lewis
3755,Mad About You,1992,16+,66/100,0,0,1,0,tv_show,sitcom,United States,English,10.0,tt0103484,66,16.0,1,mad about you
3757,How the Universe Works,2010,7+,66/100,0,0,1,0,tv_show,documentary film,United States,English,8.0,tt1832668,66,7.0,1,how the universe works
3759,Mister Rogers' Neighborhood,1968,all,65/100,0,0,1,0,tv_show,reality television,United States,English,8.8,tt0062588,65,16.0,1,mister rogers' neighborhood
3760,Made In Abyss,2017,18+,65/100,0,0,1,0,tv_show,reality television,United States,English,8.4/10,tt0092400,65,18.0,1,made in abyss
3761,Hand of God,2014,7+,65/100,0,0,1,0,tv_show,"drama television series, psychological thriller",United States,English,9.0,tt3973768,65,7.0,1,hand of god
3762,Silent Witness,1996,16+,65/100,0,0,1,0,tv_show,"drama television series, crime television series",United Kingdom,English,8.0,tt0115355,65,16.0,1,silent witness
3766,Arthur,1996,7+,65/100,0,0,1,0,tv_show,reality television,United States,English,7.3/10,tt0092400,65,7.0,1,arthur
3767,The Carol Burnett Show,1967,all,65/100,0,0,1,0,tv_show,reality television,United States,English,10.0,tt0061240,65,16.0,1,the carol burnett show
3769,Howards End,2017,7+,64/100,1,0,1,0,tv_show,reality television,United States,English,7.3/10,tt0092400,64,7.0,1,howards end
3770,Wildfire,2005,16+,64/100,0,0,1,0,tv_show,"drama television series, teen drama television",United States,English,7.5,tt0439879,64,16.0,1,wildfire
3771,A Gifted Man,2011,7+,64/100,0,0,1,0,tv_show,"fantasy television series, medical drama",United States,English,8.0,tt1820742,64,7.0,1,a gifted man
3772,Dance Academy,2010,16+,64/100,0,0,1,0,tv_show,"drama television series, children's film, teen drama television, children's television series","Australia, Germany",English,9.0,tt1551948,64,16.0,1,dance academy
3773,Making the Cut,2020,16+,64/100,0,0,1,0,tv_show,reality show,United States,English,6.7,tt8962394,64,16.0,1,making the cut
3776,Man vs. Wild,2006,7+,64/100,0,0,1,0,tv_show,"reality television, nature program","United States, United Kingdom",English,8.0,tt0883772,64,7.0,1,man vs. wild
3777,Breaking In,2011,16+,64/100,0,0,1,0,tv_show,American television sitcom,United States,English,7.0,tt1630574,64,16.0,1,breaking in
3778,Bottom,1991,18+,64/100,0,0,1,0,tv_show,sitcom,United Kingdom,English,8.3,tt0103376,64,18.0,1,bottom
3779,Paatal Lok,2020,18+,64/100,0,0,1,0,tv_show,reality television,United States,English,7.8/10,tt0092400,64,18.0,1,paatal lok
3780,Alpha House,2013,16+,64/100,0,0,1,0,tv_show,political satire,United States,English,10.0,tt3012160,64,16.0,1,alpha house
3781,NOVA,1974,7+,64/100,0,0,1,0,tv_show,reality television,United States,English,8.7/10,tt0092400,64,7.0,1,nova
3782,Hustle,2006,16+,64/100,0,0,1,0,tv_show,drama television series,United Kingdom,English,9.0,tt0379632,64,16.0,1,hustle
3783,Doctor Thorne,2016,16+,64/100,0,0,1,0,tv_show,period drama film,United Kingdom,English,4.0,tt4938084,64,16.0,1,doctor thorne
3784,The Royals,2015,16+,64/100,0,0,1,0,tv_show,"drama television series, LGBT-related television series",United States,English,6.0,tt3597912,64,16.0,1,the royals
3785,Fresh Meat,2011,18+,64/100,0,0,1,0,tv_show,"sitcom, college life television program",United Kingdom,English,7.8,tt2058303,64,18.0,1,fresh meat
3787,The League of Gentlemen,1999,18+,64/100,0,0,1,0,tv_show,"comedy television series, LGBT-related television series",United Kingdom,English,8.4,tt0184135,64,18.0,1,the league of gentlemen
3788,American Experience,1988,7+,64/100,0,0,1,0,tv_show,"documentary film, television documentary",United States,English,10.0,tt0094416,64,7.0,1,american experience
3789,4 Blocks,2017,7+,64/100,0,0,1,0,tv_show,drama film,Germany,"German, Arabic, English",10.0,tt5754602,64,7.0,1,4 blocks
3790,The A Word,2016,18+,63/100,0,0,1,0,tv_show,drama,United Kingdom,English,8.0,tt5311790,63,18.0,1,the a word
3791,Small Axe,2020,18+,63/100,0,0,1,0,tv_show,reality television,United States,English,7.9/10,tt0092400,63,18.0,1,small axe
3793,Breathe,2018,18+,63/100,0,0,1,0,tv_show,reality television,United States,English,8.3/10,tt0092400,63,18.0,1,breathe
3794,Panic,2021,16+,63/100,0,0,1,0,tv_show,reality television,United States,English,6.5/10,tt0092400,63,16.0,1,panic
3795,Survivorman,2004,7+,63/100,0,0,1,0,tv_show,television documentary,Canada,English,10.0,tt0770659,63,7.0,1,survivorman
3796,Utopia,2020,16+,63/100,0,0,1,0,tv_show,reality television,United States,English,6.7/10,tt0092400,63,16.0,1,utopia
3797,Banana Fish,2018,16+,63/100,0,0,1,0,tv_show,"telenovela, LGBT-related television series",Mexico,Spanish,7.1,tt2320524,63,16.0,1,banana fish
3799,Sonic the Hedgehog,1993,7+,63/100,0,1,1,0,tv_show,reality television,United States,English,6.8/10,tt0092400,63,7.0,1,sonic the hedgehog
3800,Mission: Impossible,1966,7+,63/100,0,0,1,0,tv_show,"crime television series, adventure television series, action television series",United States,English,7.9,tt0060009,63,7.0,1,mission: impossible
3802,The Storyteller,1988,16+,62/100,0,0,1,0,tv_show,reality television,United States,English,8.9/10,tt0092400,62,16.0,1,the storyteller
3803,Between Two Ferns with Zach Galifianakis,2008,16+,62/100,0,0,1,0,tv_show,"talk show, comedy",United States,English,10.0,tt1535002,62,16.0,1,between two ferns with zach galifianakis
3804,Guilt,2016,16+,62/100,0,0,1,0,tv_show,reality television,United States,English,6.0/10,tt0092400,62,16.0,1,guilt
3805,Grounded for Life,2001,16+,62/100,0,0,1,0,tv_show,American television sitcom,United States,English,7.5,tt0255734,62,16.0,1,grounded for life
3806,The Last Tycoon,2016,7+,62/100,0,0,1,0,tv_show,television series based on a novel,United States,English,9.0,tt3390892,62,7.0,1,the last tycoon
3807,Lore,2017,16+,62/100,0,0,1,0,tv_show,reality television,United States,English,6.7/10,tt0092400,62,16.0,1,lore
3809,Cops,1989,18+,62/100,0,0,1,0,tv_show,"docu-soap, television documentary",United States,English,8.0,tt0096563,62,18.0,1,cops
3811,Survivor's Remorse,2014,18+,62/100,0,0,1,0,tv_show,reality television,United States,English,7.0,tt3231022,62,18.0,1,survivor's remorse
3812,Comrade Detective,2017,18+,62/100,0,0,1,0,tv_show,"buddy cop film, historical fiction",United States,English,9.0,tt5834198,62,18.0,1,comrade detective
3813,A Bit of Fry and Laurie,1989,16+,62/100,0,0,1,0,tv_show,comedy television series,United Kingdom,English,10.0,tt0101049,62,16.0,1,a bit of fry and laurie
3814,Wolfblood,2013,7+,62/100,0,0,1,0,tv_show,"mystery television series, werewolf television program",United Kingdom,English,10.0,tt2321596,62,7.0,1,wolfblood
3816,Neverland,2011,7+,62/100,0,0,1,0,tv_show,reality television,United States,English,6.4/10,tt0092400,62,7.0,1,neverland
3817,Just Add Magic,2015,7+,62/100,0,0,1,0,tv_show,"fantasy television series, television series based on a novel",United States,English,9.0,tt3952746,62,7.0,1,just add magic
3818,Malgudi Days,1987,all,62/100,0,0,1,0,tv_show,fiction,India,English,10.0,tt0244911,62,16.0,1,malgudi days
3819,Dark Shadows,1966,7+,62/100,0,0,1,0,tv_show,"paranormal television program, soap opera, vampire television program, werewolf television program",United States,English,9.0,tt0059978,62,7.0,1,dark shadows
3821,The Widow,2019,18+,61/100,0,0,1,0,tv_show,reality television,United Kingdom,English,5.0,tt7459986,61,18.0,1,the widow
3822,El Cid,2020,16+,61/100,0,0,1,0,tv_show,"historical television series, action television series, drama television series",Spain,Spanish,8.0,tt10689614,61,16.0,1,el cid
3825,All or Nothing: Manchester City,2018,all,61/100,0,0,1,0,tv_show,reality television,United Kingdom,English,10.0,tt7653274,61,16.0,1,all or nothing: manchester city
3827,Totally Spies!,2001,7+,61/100,0,0,1,0,tv_show,reality television,United States,English,7.0/10,tt0092400,61,7.0,1,totally spies!
3828,Underbelly,2008,18+,61/100,0,0,1,0,tv_show,drama television series,Australia,English,8.0,tt1119176,61,18.0,1,underbelly
3829,Our Girl,2014,16+,61/100,0,0,1,0,tv_show,drama television series,United Kingdom,English,6.0,tt3815412,61,16.0,1,our girl
3830,DOM,2021,16+,61/100,0,0,1,0,tv_show,reality television,United States,English,7.2/10,tt0092400,61,16.0,1,dom
3832,Reading Rainbow,1983,all,61/100,0,0,1,0,tv_show,reality television,United States,English,8.4,tt0085075,61,16.0,1,reading rainbow
3833,"Kill Me, Heal Me",2015,16+,61/100,0,0,1,0,tv_show,"Korean drama, comedy film, drama film, romance film",South Korea,Korean,9.0,tt4339192,61,16.0,1,"kill me, heal me"
3834,Ted Bundy: Falling for a Killer,2020,18+,61/100,0,0,1,0,tv_show,reality television,United States,English,7.9/10,tt0092400,61,18.0,1,ted bundy: falling for a killer
3835,"Dr. Quinn, Medicine Woman",1993,7+,60/100,0,0,1,0,tv_show,"drama television series, Westerns on television",United States,English,6.8,tt0103405,60,7.0,1,"dr. quinn, medicine woman"
3836,Z: The Beginning of Everything,2017,7+,60/100,0,0,1,0,tv_show,historical television series,United States,English,8.0,tt4878612,60,7.0,1,z: the beginning of everything
3837,The Romanoffs,2018,18+,60/100,0,0,1,0,tv_show,drama television series,United States,"English, French",8.0,tt6599482,60,18.0,1,the romanoffs
3838,Republic of Doyle,2010,16+,60/100,0,0,1,0,tv_show,"comedy drama, buddy cop film",Canada,English,8.0,tt1297754,60,16.0,1,republic of doyle
3841,Inside Edge,2017,18+,60/100,0,0,1,0,tv_show,LGBT-related television series,"India, United States",English,8.0,tt6112414,60,18.0,1,inside edge
3842,The Feed,2019,16+,60/100,0,0,1,0,tv_show,"drama television series, psychological thriller",United States,English,5.0,tt8005176,60,16.0,1,the feed
3844,The Last Post,2017,18+,60/100,0,0,1,0,tv_show,drama television series,"United Kingdom, South Africa",English,8.0,tt5133742,60,18.0,1,the last post
3845,I Shouldn't Be Alive,2005,7+,60/100,0,0,1,0,tv_show,documentary film,United States,English,9.0,tt0492429,60,7.0,1,i shouldn't be alive
3846,A French Village,2009,16+,60/100,0,0,1,0,tv_show,reality television,United States,English,8.4/10,tt0092400,60,16.0,1,a french village
3848,Halo 4: Forward Unto Dawn,2012,16+,60/100,0,0,1,0,tv_show,reality television,United States,English,6.9/10,tt0092400,60,16.0,1,halo 4: forward unto dawn
3849,Four More Shots Please,2019,18+,60/100,0,0,1,0,tv_show,"romance, comedy television series, LGBT-related television series",India,English,2.0,tt8242548,60,18.0,1,four more shots please
3851,James May: Our Man In Japan,2020,16+,60/100,0,0,1,0,tv_show,reality television,United States,English,8.4/10,tt0092400,60,16.0,1,james may: our man in japan
3852,The Lost World,1999,7+,60/100,0,0,1,0,tv_show,"fantasy television series, television series based on a novel","Canada, Australia, New Zealand",English,7.0,tt0240278,60,7.0,1,the lost world
3855,All or Nothing: Tottenham Hotspur,2020,16+,59/100,0,0,1,0,tv_show,reality television,United Kingdom,English,9.0,tt11188556,59,16.0,1,all or nothing: tottenham hotspur
3856,All or Nothing,2016,18+,59/100,0,0,1,0,tv_show,reality television,United States,English,8.6/10,tt0092400,59,18.0,1,all or nothing
3857,Appropriate Adult,2011,18+,59/100,0,0,1,0,tv_show,reality television,United States,English,7.5/10,tt0092400,59,18.0,1,appropriate adult
3858,Mr. Bean: The Animated Series,2002,all,59/100,0,0,1,0,tv_show,reality television,United States,English,6.9/10,tt0092400,59,16.0,1,mr. bean: the animated series
3859,Picnic at Hanging Rock,2018,16+,59/100,0,0,1,0,tv_show,television series based on a novel,Australia,English,5.0,tt6038954,59,16.0,1,picnic at hanging rock
3861,Frontline,1983,18+,59/100,0,0,1,0,tv_show,television documentary,United States,English,8.0,tt0133302,59,18.0,1,frontline
3862,Little Women,2017,7+,59/100,0,0,1,0,tv_show,reality television,United States,English,7.2/10,tt0092400,59,7.0,1,little women
3863,Solos,2021,16+,59/100,0,0,1,0,tv_show,reality television,United States,English,5.8/10,tt0092400,59,16.0,1,solos
3864,Earth: Final Conflict,1997,7+,59/100,0,0,1,0,tv_show,science fiction television program,"United States, Canada",English,6.3,tt0123816,59,7.0,1,earth: final conflict
3865,The ABC Murders,2018,16+,59/100,0,0,1,0,tv_show,"mystery television series, television series based on a novel",United Kingdom,English,7.0,tt8463714,59,16.0,1,the abc murders
3867,Indian Summers,2015,7+,59/100,0,0,1,0,tv_show,drama television series,United Kingdom,English,7.0,tt3706628,59,7.0,1,indian summers
3868,Sea Patrol,2007,7+,59/100,0,0,1,0,tv_show,drama television series,Australia,English,9.0,tt0879688,59,7.0,1,sea patrol
3869,Inside Men,2012,16+,59/100,0,0,1,0,tv_show,crime television series,United Kingdom,English,5.0,tt1989062,59,16.0,1,inside men
3870,The Backyardigans,2004,7+,59/100,0,0,1,0,tv_show,reality television,United States,English,7.0/10,tt0092400,59,7.0,1,the backyardigans
3871,ReGenesis,2004,18+,59/100,0,0,1,0,tv_show,"thriller television series, science fiction television program, drama television series, biopunk",Canada,English,8.0,tt0429422,59,18.0,1,regenesis
3872,Ghost Hunters,2004,7+,59/100,0,0,1,0,tv_show,reality television,United States,English,6.3,tt0426697,59,7.0,1,ghost hunters
3873,September Mornings,2021,16+,59/100,0,0,1,0,tv_show,"drama film, LGBT-related television series",Brazil,Portuguese,10.0,tt14532744,59,16.0,1,september mornings
3875,Blood & Treasure,2019,16+,58/100,0,0,1,0,tv_show,action television series,United States,English,7.0,tt7712598,58,16.0,1,blood & treasure
3876,Betas,2013,18+,58/100,0,0,1,0,tv_show,German television comedy,United States,English,7.0,tt3012184,58,18.0,1,betas
3877,The Test: A New Era For Australia's Team,2020,16+,58/100,0,0,1,0,tv_show,reality television,Australia,English,10.0,tt11347692,58,16.0,1,the test: a new era for australia's team
3878,Falling Water,2016,16+,58/100,0,0,1,0,tv_show,drama television series,United States,English,10.0,tt4520992,58,16.0,1,falling water
3880,Made in Heaven,2019,18+,58/100,0,0,1,0,tv_show,LGBT-related television series,India,Hindi,10.0,tt6494622,58,18.0,1,made in heaven
3881,Hunting Hitler,2015,16+,58/100,0,0,1,0,tv_show,reality television,United States,English,8.0,tt5248878,58,16.0,1,hunting hitler
3882,A Different World,1987,7+,58/100,0,0,1,0,tv_show,"youth series, comedy television series, college life television program",United States,English,7.1,tt0092339,58,7.0,1,a different world
3883,Wotakoi: Love is Hard for Otaku,2018,16+,58/100,0,0,1,0,tv_show,reality television,United States,English,7.6/10,tt0092400,58,16.0,1,wotakoi: love is hard for otaku
3884,Laakhon Mein Ek,2017,16+,58/100,0,0,1,0,tv_show,reality television,India,English,8.2/10,tt0092400,58,16.0,1,laakhon mein ek
3885,Dilbert,1999,7+,58/100,0,0,1,0,tv_show,reality television,United States,English,7.3/10,tt0092400,58,7.0,1,dilbert
3887,Time Team,1994,all,57/100,0,0,1,0,tv_show,television documentary,United Kingdom,English,8.5,tt0108961,57,16.0,1,time team
3890,Cagney & Lacey,1982,7+,57/100,0,0,1,0,tv_show,"drama television series, police procedural",United States,English,6.9,tt0083395,57,7.0,1,cagney & lacey
3891,Paradise City,2021,16+,57/100,0,0,1,0,tv_show,reality television,United States,English,6.9/10,tt0092400,57,16.0,1,paradise city
3893,Cyberchase,2002,all,57/100,0,0,1,0,tv_show,reality television,United States,English,6.8/10,tt0092400,57,16.0,1,cyberchase
3894,The Pale Horse,2020,all,57/100,0,0,1,0,tv_show,reality television,United States,English,6.1/10,tt0092400,57,16.0,1,the pale horse
3896,Wild Kratts,2011,all,57/100,0,0,1,0,tv_show,reality television,United States,English,7.7/10,tt0092400,57,16.0,1,wild kratts
3897,Pingu,1986,all,57/100,0,0,1,0,tv_show,reality television,United States,English,7.4/10,tt0092400,57,16.0,1,pingu
3898,Breathe: Into the Shadows,2020,16+,57/100,0,0,1,0,tv_show,reality television,India,Hindi,9.0,tt12405230,57,16.0,1,breathe: into the shadows
3899,Bubble Guppies,2011,all,57/100,0,0,1,0,tv_show,reality television,United States,English,6.4/10,tt0092400,57,16.0,1,bubble guppies
3900,Clifford the Big Red Dog,2000,all,57/100,0,0,1,0,tv_show,reality television,"United States, Canada",English,10.0,tt8447844,57,16.0,1,clifford the big red dog
3902,The Reagans,2020,7+,57/100,0,0,1,0,tv_show,reality television,United States,English,6.5/10,tt0092400,57,7.0,1,the reagans
3903,Inazuma Eleven,2008,7+,57/100,0,0,1,0,tv_show,reality television,United States,English,8.0/10,tt0092400,57,7.0,1,inazuma eleven
3904,Drifters,2013,18+,57/100,0,0,1,0,tv_show,sitcom,United Kingdom,English,7.0,tt3323824,57,18.0,1,drifters
3905,Touching Evil,1997,16+,57/100,0,0,1,0,tv_show,drama television series,United Kingdom,English,7.8,tt0118497,57,16.0,1,touching evil
3906,Thunderbirds,1965,7+,56/100,0,0,1,0,tv_show,"science fiction television program, adventure television series, action television series, children's television series",United Kingdom,English,7.9,tt0057790,56,7.0,1,thunderbirds
3908,Thriller,1960,16+,56/100,1,0,1,0,tv_show,reality television,United States,English,8.2/10,tt0092400,56,16.0,1,thriller
3909,Gortimer Gibbon's Life on Normal Street,2014,all,56/100,0,0,1,0,tv_show,children's television series,United States,English,10.0,tt3496764,56,16.0,1,gortimer gibbon's life on normal street
3910,The Bernie Mac Show,2001,7+,56/100,0,0,1,0,tv_show,"comedy television series, sitcom",United States,English,7.2,tt0285341,56,7.0,1,the bernie mac show
3911,Dr. G: Medical Examiner,2004,16+,56/100,0,0,1,0,tv_show,reality television,United States,English,10.0,tt0364314,56,16.0,1,dr. g: medical examiner
3912,David Copperfield,1999,7+,56/100,0,0,1,0,tv_show,reality television,United States,English,7.7/10,tt0092400,56,7.0,1,david copperfield
3913,Say Yes to the Dress,2007,7+,56/100,0,0,1,0,tv_show,reality television,United States,English,3.0,tt1166709,56,7.0,1,say yes to the dress
3914,Red Rock,2015,7+,56/100,0,0,1,0,tv_show,reality television,Ireland,English,8.0,tt4320944,56,7.0,1,red rock
3915,Almost Royal,2014,7+,56/100,0,0,1,0,tv_show,reality television,"United Kingdom, United States",English,7.3,tt3727552,56,7.0,1,almost royal
3916,Wu-Tang Clan: Of Mics and Men,2019,18+,56/100,0,0,1,0,tv_show,reality television,United States,English,7.0,tt9376934,56,18.0,1,wu-tang clan: of mics and men
3917,Daniel Tiger's Neighborhood,2012,all,56/100,0,0,1,0,tv_show,reality television,United States,English,7.4/10,tt0092400,56,16.0,1,daniel tiger's neighborhood
3918,Criminal Minds: Suspect Behavior,2011,16+,56/100,0,0,1,0,tv_show,"police procedural, crime television series",United States,English,8.0,tt1703874,56,16.0,1,criminal minds: suspect behavior
3919,Whites,2010,18+,56/100,0,0,1,0,tv_show,reality television,United States,English,7.6/10,tt0092400,56,18.0,1,whites
3920,The Slave Hunters,2010,16+,56/100,0,0,1,0,tv_show,action television series,South Korea,Korean,10.0,tt2980528,56,16.0,1,the slave hunters
3922,The Devil's Whore,2008,16+,56/100,0,0,1,0,tv_show,reality television,United States,English,7.1/10,tt0092400,56,16.0,1,the devil's whore
3923,How the States Got Their Shapes,2010,7+,56/100,0,0,1,0,tv_show,reality television,United States,English,8.1/10,tt0092400,56,7.0,1,how the states got their shapes
3924,One Mississippi,2016,18+,56/100,0,0,1,0,tv_show,"comedy drama, LGBT-related television series",United States,English,9.0,tt4947608,56,18.0,1,one mississippi
3925,Rick Steves' Europe,2000,all,56/100,0,0,1,0,tv_show,reality television,United States,English,8.0,tt1243815,56,16.0,1,rick steves' europe
3926,Our Mutual Friend,1998,16+,56/100,0,0,1,0,tv_show,reality television,United Kingdom,English,10.0,tt0144727,56,16.0,1,our mutual friend
3927,London Kills,2019,16+,55/100,0,0,1,0,tv_show,reality television,United Kingdom,English,8.0,tt8571906,55,16.0,1,london kills
3928,Hell Girl,2005,18+,55/100,0,0,1,0,tv_show,reality television,United States,English,7.5/10,tt0092400,55,18.0,1,hell girl
3930,Grand Blue,2018,18+,55/100,0,0,1,0,tv_show,reality television,United States,English,7.9/10,tt0092400,55,18.0,1,grand blue
3931,Cuffs,2015,16+,55/100,0,0,1,0,tv_show,"police procedural, LGBT-related television series",United Kingdom,English,9.0,tt4568288,55,16.0,1,cuffs
3932,She Was Pretty,2015,16+,55/100,0,0,1,0,tv_show,"romantic comedy, Workplace",South Korea,Korean,8.0,tt5045900,55,16.0,1,she was pretty
3933,Dora the Explorer,2000,all,55/100,0,0,1,0,tv_show,reality television,United States,English,4.2/10,tt0092400,55,16.0,1,dora the explorer
3935,Counting Cars,2012,7+,55/100,0,0,1,0,tv_show,reality television,United States,English,7.0,tt2338096,55,7.0,1,counting cars
3936,Home and Away,1988,7+,55/100,0,0,1,0,tv_show,soap opera,Australia,English,5.1,tt0094481,55,7.0,1,home and away
3937,Hamish Macbeth,1995,16+,55/100,0,0,1,0,tv_show,reality television,United Kingdom,Scottish English,9.0,tt0111993,55,16.0,1,hamish macbeth
3938,A Very British Coup,1988,18+,55/100,0,0,1,0,tv_show,reality television,United States,English,8.3/10,tt0092400,55,18.0,1,a very british coup
3939,Titanic,2012,16+,55/100,0,0,1,0,tv_show,reality television,United States,English,6.0/10,tt0092400,55,16.0,1,titanic
3940,Edwardian Farm,2010,16+,55/100,0,0,1,0,tv_show,documentary film,United Kingdom,English,7.0,tt1821820,55,16.0,1,edwardian farm
3941,Texas Rising,2015,16+,55/100,0,0,1,0,tv_show,reality television,United States,English,6.7/10,tt0092400,55,16.0,1,texas rising
3942,"Nu, pogodi!",1969,16+,55/100,0,0,1,0,tv_show,reality television,United States,English,8.6/10,tt0092400,55,16.0,1,"nu, pogodi!"
3944,Oliver Twist,2007,7+,55/100,0,0,1,0,tv_show,reality television,United States,English,7.4/10,tt0092400,55,7.0,1,oliver twist
3945,World’s Toughest Race: Eco-Challenge Fiji,2020,16+,55/100,0,0,1,0,tv_show,"reality television, television documentary",United States,English,5.0,tt8527842,55,16.0,1,world’s toughest race: eco-challenge fiji
3946,Father Knows Best,1954,all,54/100,0,0,1,0,tv_show,"American television sitcom, comedy television series",United States,English,7.4,tt0046600,54,16.0,1,father knows best
3947,Legend of Earthsea,2004,16+,54/100,0,0,1,0,tv_show,reality television,United States,English,5.7/10,tt0092400,54,16.0,1,legend of earthsea
3948,I Love Dick,2016,16+,54/100,0,0,1,0,tv_show,comedy,United States,English,6.4,tt5478730,54,16.0,1,i love dick
3949,The Ray Bradbury Theater,1985,16+,54/100,0,0,1,0,tv_show,"science fiction television program, anthology series","United States, Canada",English,6.0,tt0088591,54,16.0,1,the ray bradbury theater
3950,Rocco Schiavone,2016,7+,54/100,0,0,1,0,tv_show,"drama film, crime film, thriller film, film based on literature",Italy,English,8.0,tt6231158,54,7.0,1,rocco schiavone
3951,WordWorld,2007,all,54/100,0,0,1,0,tv_show,reality television,United States,English,6.7/10,tt0092400,54,16.0,1,wordworld
3952,The Collection,2016,18+,54/100,0,0,1,0,tv_show,reality television,United States,English,7.1/10,tt0092400,54,18.0,1,the collection
3953,Beecham House,2019,16+,54/100,0,0,1,0,tv_show,period drama film,United Kingdom,English,10.0,tt8451638,54,16.0,1,beecham house
3954,The Twelve Kingdoms,2002,16+,54/100,0,0,1,0,tv_show,reality television,United States,English,8.1/10,tt0092400,54,16.0,1,the twelve kingdoms
3955,The Way We Live Now,2001,16+,54/100,0,0,1,0,tv_show,drama television series,United Kingdom,English,8.0,tt0300879,54,16.0,1,the way we live now
3956,Land of the Lustrous,2017,16+,54/100,0,0,1,0,tv_show,reality television,United States,English,8.0/10,tt0092400,54,16.0,1,land of the lustrous
3957,Rowan & Martin's Laugh-In,1967,7+,54/100,0,0,1,0,tv_show,reality television,United States,English,8.0,tt0062601,54,7.0,1,rowan & martin's laugh-in
3961,Super Wings!,2014,all,54/100,0,0,1,0,tv_show,reality television,United States,English,6.2/10,tt0092400,54,16.0,1,super wings!
3962,Touched by an Angel,1994,7+,54/100,0,0,1,0,tv_show,"drama television series, adventure television series",United States,English,6.1,tt0108968,54,7.0,1,touched by an angel
3963,The Border,2008,7+,54/100,0,0,1,0,tv_show,reality television,Canada,English,9.0,tt0896527,54,7.0,1,the border
3964,Victorian Farm,2009,16+,54/100,0,0,1,0,tv_show,documentary film,United Kingdom,English,9.0,tt1372211,54,16.0,1,victorian farm
3965,Crisis in Six Scenes,2016,all,54/100,0,0,1,0,tv_show,comedy television program,United States,English,9.0,tt4354616,54,16.0,1,crisis in six scenes
3966,American Playboy: The Hugh Hefner Story,2017,18+,54/100,0,0,1,0,tv_show,"docudrama, political drama",United States,English,8.0,tt5968748,54,18.0,1,american playboy: the hugh hefner story
3967,The Street,2006,18+,54/100,0,0,1,0,tv_show,reality television,United Kingdom,English,10.0,tt0472984,54,18.0,1,the street
3968,Tales of the Unexpected,1979,7+,54/100,0,0,1,0,tv_show,"anthology series, crime television series, horror television series",United Kingdom,English,8.0,tt0075592,54,7.0,1,tales of the unexpected
3969,Meerkat Manor,2005,16+,54/100,0,0,1,0,tv_show,television documentary,United Kingdom,English,8.3,tt0765725,54,16.0,1,meerkat manor
3972,My Mother and Other Strangers,2016,16+,54/100,0,0,1,0,tv_show,reality television,United Kingdom,English,9.0,tt5882386,54,16.0,1,my mother and other strangers
3973,Charles II: The Power and The Passion,2003,16+,53/100,0,0,1,0,tv_show,reality television,United States,English,7.5/10,tt0092400,53,16.0,1,charles ii: the power and the passion
3974,Moby Dick,1998,7+,53/100,0,0,1,0,tv_show,reality television,United States,English,6.5/10,tt0092400,53,7.0,1,moby dick
3975,A Cook's Tour,2002,16+,53/100,0,0,1,0,tv_show,reality television,United States,English,8.3,tt0306306,53,16.0,1,a cook's tour
3976,Beat,2018,18+,53/100,0,0,1,0,tv_show,reality television,United States,English,7.4/10,tt0092400,53,18.0,1,beat
3977,Long Strange Trip,2017,18+,53/100,0,0,1,0,tv_show,reality television,United States,English,8.2/10,tt0092400,53,18.0,1,long strange trip
3978,Middlemarch,1994,16+,53/100,0,0,1,0,tv_show,reality television,United States,English,7.4/10,tt0092400,53,16.0,1,middlemarch
3979,Wahlburgers,2014,16+,53/100,0,0,1,0,tv_show,reality television,United States,English,3.0,tt3333880,53,16.0,1,wahlburgers
3980,Island at War,2004,16+,53/100,0,0,1,0,tv_show,drama television series,United Kingdom,English,10.0,tt0401019,53,16.0,1,island at war
3981,We Children from Bahnhof Zoo,2021,16+,53/100,0,0,1,0,tv_show,"drama television series, coming-of-age fiction",Germany,German,3.0,tt13138972,53,16.0,1,we children from bahnhof zoo
3983,Kung Fu Panda: The Paws of Destiny,2018,7+,53/100,0,0,1,0,tv_show,reality television,United States,English,7.6/10,tt0092400,53,7.0,1,kung fu panda: the paws of destiny
3984,The Bold and the Beautiful,1987,16+,53/100,0,0,1,0,tv_show,soap opera,United States,English,4.0,tt0092325,53,16.0,1,the bold and the beautiful
3985,Lucky Dog,2013,all,53/100,0,0,1,0,tv_show,reality television,United States,English,8.5/10,tt0092400,53,16.0,1,lucky dog
3986,Team Umizoomi,2010,all,53/100,0,0,1,0,tv_show,reality television,United States,English,6.0/10,tt0092400,53,16.0,1,team umizoomi
3987,GRAND PRIX Driver,2018,7+,53/100,0,0,1,0,tv_show,reality television,United States,English,7.6/10,tt0092400,53,7.0,1,grand prix driver
3989,Gordon Ramsay's Ultimate Cookery Course,2012,16+,53/100,0,0,1,0,tv_show,cooking show,United Kingdom,English,9.0,tt2438272,53,16.0,1,gordon ramsay's ultimate cookery course
3990,Moon Embracing the Sun,2012,7+,53/100,0,0,1,0,tv_show,"historical television series, historical drama, fantasy television series, romance television series",South Korea,Korean,10.0,tt3143378,53,7.0,1,moon embracing the sun
3992,The Forgotten Army - Azaadi ke liye,2020,18+,53/100,0,0,1,0,tv_show,reality television,United States,English,8.1/10,tt0092400,53,18.0,1,the forgotten army - azaadi ke liye
3993,RahXephon,2002,16+,53/100,0,0,1,0,tv_show,reality television,United States,English,7.2/10,tt0092400,53,16.0,1,rahxephon
3995,Accidentally on Purpose,2009,7+,52/100,0,0,1,0,tv_show,American television sitcom,United States,English,6.4,tt1441096,52,7.0,1,accidentally on purpose
3996,Hammer House of Horror,1980,18+,52/100,0,0,1,0,tv_show,"drama television series, horror television series, thriller television series, anthology series",United Kingdom,English,10.0,tt0080231,52,18.0,1,hammer house of horror
3997,Rescue: Special Ops,2009,16+,52/100,0,0,1,0,tv_show,"police procedural, drama television series",Australia,English,8.0,tt1442566,52,16.0,1,rescue: special ops
3998,Everest: Beyond the Limit,2006,7+,52/100,0,0,1,0,tv_show,reality television,United States,English,8.0,tt0883680,52,7.0,1,everest: beyond the limit
3999,Odd Squad,2014,all,52/100,0,0,1,0,tv_show,educational entertainment,"Canada, United States",English,10.0,tt3900614,52,16.0,1,odd squad
4000,Detective Anna,2016,16+,52/100,0,0,1,0,tv_show,"detective fiction, mysticism, historical film, melodrama",Russia,Russian,10.0,tt6226710,52,16.0,1,detective anna
4001,Sarazanmai,2019,7+,52/100,0,0,1,0,tv_show,reality television,United States,English,7.0/10,tt0092400,52,7.0,1,sarazanmai
4002,One Step Beyond,1959,all,52/100,0,0,1,0,tv_show,reality television,United States,English,7.8/10,tt0092400,52,16.0,1,one step beyond
4003,Everyday Driver,2017,16+,52/100,0,0,1,0,tv_show,reality television,United States,English,9.3/10,tt0092400,52,16.0,1,everyday driver
4004,The Island with Bear Grylls,2014,16+,52/100,0,0,1,0,tv_show,reality television,United Kingdom,English,8.0,tt3725394,52,16.0,1,the island with bear grylls
4005,Here's Lucy,1968,all,52/100,0,0,1,0,tv_show,American television sitcom,United States,English,7.0,tt0062570,52,16.0,1,here's lucy
4006,Hotel Impossible,2012,7+,52/100,0,0,1,0,tv_show,reality television,United States,English,10.0,tt2129304,52,7.0,1,hotel impossible
4008,Zoboomafoo,1999,7+,52/100,0,0,1,0,tv_show,"children's television series, live action/animated television series","United States, Canada",English,7.6,tt0190211,52,7.0,1,zoboomafoo
4009,Jessica,2004,16+,52/100,0,0,1,0,tv_show,reality television,United States,English,7.6/10,tt0092400,52,16.0,1,jessica
4010,The Passing Bells,2014,7+,52/100,0,0,1,0,tv_show,reality television,United Kingdom,English,10.0,tt3893044,52,7.0,1,the passing bells
4011,Pandora,2019,7+,52/100,1,0,1,0,tv_show,reality television,United States,English,4.2/10,tt0092400,52,7.0,1,pandora
4013,Luxe Listings Sydney,2021,16+,52/100,0,0,1,0,tv_show,reality television,Australia,English,4.0,tt14344354,52,16.0,1,luxe listings sydney
4014,The Hunger,1997,18+,52/100,0,0,1,0,tv_show,"drama television series, anthology series, erotica",Canada,English,5.0,tt0118346,52,18.0,1,the hunger
4015,Lorena,2019,18+,52/100,0,0,1,0,tv_show,reality television,United States,English,7.2/10,tt0092400,52,18.0,1,lorena
4017,Harmony with A R Rahman,2018,16+,52/100,0,0,1,0,tv_show,reality television,United States,English,9.2/10,tt0092400,52,16.0,1,harmony with a r rahman
4018,You Are Wanted,2017,7+,52/100,0,0,1,0,tv_show,thriller,Germany,German,8.0,tt5462886,52,7.0,1,you are wanted
4019,The Time of Our Lives,2013,16+,52/100,0,0,1,0,tv_show,reality television,Australia,English,9.0,tt2196296,52,16.0,1,the time of our lives
4020,7 Deadly Sins,2014,18+,52/100,0,0,1,0,tv_show,reality television,United States,English,7.1/10,tt0092400,52,18.0,1,7 deadly sins
4021,Grace Under Fire,1993,7+,52/100,0,0,1,0,tv_show,sitcom,United States,English,6.4,tt0106017,52,7.0,1,grace under fire
4022,Himouto! Umaru-chan,2015,16+,52/100,0,0,1,0,tv_show,reality television,United States,English,7.0/10,tt0092400,52,16.0,1,himouto! umaru-chan
4024,Story of Yanxi Palace,2018,16+,52/100,0,0,1,0,tv_show,"drama, historical fiction",People's Republic of China,English,8.0,tt8865016,52,16.0,1,story of yanxi palace
4025,The Big Comfy Couch,1993,all,52/100,0,0,1,0,tv_show,comedy,Canada,English,7.2,tt0136634,52,16.0,1,the big comfy couch
4026,David the Gnome,1985,all,52/100,0,0,1,0,tv_show,reality television,United States,English,7.4/10,tt0092400,52,16.0,1,david the gnome
4028,Free to Choose,1980,16+,51/100,0,0,1,0,tv_show,reality television,United States,English,9.1/10,tt0092400,51,16.0,1,free to choose
4029,All or Nothing: New Zealand All Blacks,2018,16+,51/100,0,0,1,0,tv_show,reality television,United States,English,8.1/10,tt0092400,51,16.0,1,all or nothing: new zealand all blacks
4030,Teen Mom OG,2009,7+,51/100,0,0,1,0,tv_show,reality television,United States,English,3.7,tt1566154,51,7.0,1,teen mom og
4031,Miami Ink,2005,7+,51/100,0,0,1,0,tv_show,reality television,United States,English,10.0,tt0472014,51,7.0,1,miami ink
4033,Beowulf: Return to the Shieldlands,2016,7+,51/100,0,0,1,0,tv_show,reality television,United States,English,5.8/10,tt0092400,51,7.0,1,beowulf: return to the shieldlands
4034,Cosby,1996,7+,51/100,0,0,1,0,tv_show,"comedy film, sitcom, black sitcom",United States,English,6.2,tt0115144,51,7.0,1,cosby
4035,The Boarding School: Las Cumbres,2021,16+,51/100,0,0,1,0,tv_show,reality television,United States,English,6.5/10,tt0092400,51,16.0,1,the boarding school: las cumbres
4036,Mayday,2013,16+,51/100,0,0,1,0,tv_show,docudrama,Canada,English,9.0,tt0386950,51,16.0,1,mayday
4038,The Real McCoys,1957,16+,51/100,0,0,1,0,tv_show,sitcom,United States,English,7.6,tt0050053,51,16.0,1,the real mccoys
4039,I Love Money,2008,16+,51/100,0,0,1,0,tv_show,reality television,United States,English,7.0,tt1229295,51,16.0,1,i love money
4040,Bobby's World,1990,all,51/100,0,0,1,0,tv_show,reality television,United States,English,7.3/10,tt0092400,51,16.0,1,bobby's world
4041,Leo the Wildlife Ranger,2015,16+,51/100,0,0,1,0,tv_show,reality television,Singapore,English,8.0,tt5375224,51,16.0,1,leo the wildlife ranger
4042,Safe House,2015,18+,51/100,0,0,1,0,tv_show,reality television,United States,English,6.4/10,tt0092400,51,18.0,1,safe house
4044,The Saddle Club,2001,all,51/100,0,0,1,0,tv_show,comedy television series,"Australia, Canada",English,6.2,tt0278876,51,16.0,1,the saddle club
4045,The Principal,2015,16+,51/100,0,0,1,0,tv_show,drama,Australia,English,5.0,tt4146664,51,16.0,1,the principal
4046,Secret Agent,1965,7+,51/100,0,0,1,0,tv_show,reality television,United States,English,8.2/10,tt0092400,51,7.0,1,secret agent
4047,The Vineyard,2021,16+,51/100,0,0,1,0,tv_show,"period drama film, romance",Spain,Spanish,7.0,tt10681240,51,16.0,1,the vineyard
4048,Tandav,2021,18+,51/100,0,0,1,0,tv_show,reality television,India,Hindi,7.0,tt11117570,51,18.0,1,tandav
4049,James May: Oh Cook!,2020,16+,51/100,0,0,1,0,tv_show,cooking show,United Kingdom,English,7.0,tt12546678,51,16.0,1,james may: oh cook!
4051,Amazon,1999,16+,51/100,0,0,1,0,tv_show,reality television,United States,English,7.6/10,tt0092400,51,16.0,1,amazon
4052,The New Yorker Presents,2016,18+,51/100,0,0,1,0,tv_show,reality television,United States,English,10.0,tt4115864,51,18.0,1,the new yorker presents
4053,Oddities,2010,7+,51/100,0,0,1,0,tv_show,"reality television, documentary film",United States,English,9.0,tt1870946,51,7.0,1,oddities
4054,The Secret World of Nature: Spain,2020,7+,51/100,0,0,1,0,tv_show,reality television,United States,English,9.6/10,tt0092400,51,7.0,1,the secret world of nature: spain
4055,Aristocrats,1999,7+,51/100,0,0,1,0,tv_show,drama television series,United Kingdom,English,7.0,tt0204082,51,7.0,1,aristocrats
4057,Littlest Pet Shop,2012,all,51/100,0,0,1,0,tv_show,reality television,"United States, Canada",English,6.7,tt0212670,51,16.0,1,littlest pet shop
4058,Hole in the Wall,2008,all,51/100,1,0,1,0,tv_show,game show,United States,English,1.0,tt1277979,51,16.0,1,hole in the wall
4059,The Scholar Who Walks the Night,2015,16+,50/100,0,0,1,0,tv_show,"vampire film, period drama film",South Korea,Korean,10.0,tt4846958,50,16.0,1,the scholar who walks the night
4060,Murder Calls,2017,16+,50/100,0,0,1,0,tv_show,docudrama,Australia,English,5.9,tt6624166,50,16.0,1,murder calls
4061,Hitorijime My Hero,2017,16+,50/100,0,0,1,0,tv_show,reality television,United States,English,7.1/10,tt0092400,50,16.0,1,hitorijime my hero
4062,Charlie and Lola,2005,all,50/100,0,0,1,0,tv_show,reality television,United States,English,6.7/10,tt0092400,50,16.0,1,charlie and lola
4063,Land of the Lost,1991,all,50/100,0,0,1,0,tv_show,science fiction television program,United States,English,7.1,tt0071005,50,16.0,1,land of the lost
4064,Continuum,2012,16+,50/100,0,0,1,0,tv_show,"science fiction television program, drama television series, action television series, thriller television series",Canada,English,8.0,tt1954347,50,16.0,1,continuum
4065,Making Their Mark,2021,16+,50/100,0,0,1,0,tv_show,reality television,United States,English,8.4,tt13833756,50,16.0,1,making their mark
4066,Frank of Ireland,2021,16+,50/100,0,0,1,0,tv_show,reality television,Ireland,English,6.0,tt11909220,50,16.0,1,frank of ireland
4067,Where on Earth is Carmen Sandiego?,1994,all,50/100,0,0,1,0,tv_show,reality television,United States,English,7.3/10,tt0092400,50,16.0,1,where on earth is carmen sandiego?
4068,Bat Masterson,1958,16+,50/100,0,0,1,0,tv_show,Westerns on television,United States,English,7.3,tt0052445,50,16.0,1,bat masterson
4069,Lillie,1978,16+,50/100,0,0,1,0,tv_show,reality television,United States,English,8.1/10,tt0092400,50,16.0,1,lillie
4070,Einstein,2017,16+,50/100,0,0,1,0,tv_show,reality television,United States,English,6.5/10,tt0092400,50,16.0,1,einstein
4072,Féminin/Féminin,2014,16+,50/100,0,0,1,0,tv_show,reality television,United States,English,8.4/10,tt0092400,50,16.0,1,féminin/féminin
4073,The Last Place on Earth,1985,16+,50/100,0,0,1,0,tv_show,drama television series,United Kingdom,English,10.0,tt0088551,50,16.0,1,the last place on earth
4074,Becoming Human,2011,16+,50/100,0,0,1,0,tv_show,"comedy drama, fantasy television series, werewolf television program, vampire television program",United Kingdom,English,8.0,tt1829850,50,16.0,1,becoming human
4076,The Jury,2002,18+,50/100,0,0,1,0,tv_show,police procedural,United States,English,7.1,tt0398498,50,18.0,1,the jury
4077,James May's Toy Stories,2009,7+,50/100,0,0,1,0,tv_show,documentary film,United Kingdom,English,3.0,tt1536735,50,7.0,1,james may's toy stories
4078,Mamon,2015,16+,50/100,0,0,1,0,tv_show,"crime television series, crime film, thriller film",Czech Republic,Czech,10.0,tt5169608,50,16.0,1,mamon
4079,Prime Suspect: Tennison,2017,16+,50/100,0,0,1,0,tv_show,television series based on a novel,United Kingdom,English,10.0,tt5936838,50,16.0,1,prime suspect: tennison
4080,Ax Men,2008,7+,50/100,0,0,1,0,tv_show,reality television,United States,English,3.0,tt1197649,50,7.0,1,ax men
4081,Inuyashiki Last Hero,2017,16+,50/100,0,0,1,0,tv_show,reality television,United States,English,6.6/10,tt0092400,50,16.0,1,inuyashiki last hero
4082,On Death Row,2012,16+,50/100,0,0,1,0,tv_show,documentary film,United States,English,4.0,tt1843894,50,16.0,1,on death row
4083,El Presidente,2020,16+,49/100,0,0,1,0,tv_show,"drama film, thriller",Chile,Spanish,9.0,tt10091306,49,16.0,1,el presidente
4084,Celebrity Ghost Stories,2009,7+,49/100,0,0,1,0,tv_show,reality television,United States,English,9.0,tt1320080,49,7.0,1,celebrity ghost stories
4085,Mike Hammer,1984,7+,49/100,0,0,1,0,tv_show,reality television,United States,English,7.1,tt0130416,49,7.0,1,mike hammer
4087,Bridget & Eamon,2016,16+,49/100,0,0,1,0,tv_show,reality television,Ireland,English,8.0,tt5237818,49,16.0,1,bridget & eamon
4088,Secrets of the Castle,2014,16+,49/100,0,0,1,0,tv_show,reality television,United Kingdom,English,9.0,tt4388710,49,16.0,1,secrets of the castle
4089,Le Mans: Racing is Everything,2017,7+,49/100,0,0,1,0,tv_show,reality television,United States,English,7.3/10,tt0092400,49,7.0,1,le mans: racing is everything
4090,Superheroes: A Never-Ending Battle,2013,7+,49/100,0,0,1,0,tv_show,documentary film,United States,English,8.0,tt3062328,49,7.0,1,superheroes: a never-ending battle
4091,The Busy World of Richard Scarry,1994,all,49/100,0,0,1,0,tv_show,reality television,United States,English,7.5/10,tt0092400,49,16.0,1,the busy world of richard scarry
4092,King of the Road,2016,16+,49/100,0,0,1,0,tv_show,reality television,United States,English,8.9/10,tt0092400,49,16.0,1,king of the road
4093,Secret Smile,2005,16+,49/100,0,0,1,0,tv_show,drama television series,United Kingdom,English,10.0,tt0462520,49,16.0,1,secret smile
4094,The Delivery Man,2015,16+,49/100,0,0,1,0,tv_show,sitcom,United Kingdom,English,8.0,tt4610700,49,16.0,1,the delivery man
4095,Battle 360°,2008,7+,49/100,0,0,1,0,tv_show,documentary film,United States,English,6.0,tt1194698,49,7.0,1,battle 360°
4096,This Giant Beast That is the Global Economy,2019,16+,49/100,0,0,1,0,tv_show,reality television,United States,English,7.8/10,tt0092400,49,16.0,1,this giant beast that is the global economy
4097,LoliRock,2014,all,49/100,0,0,1,0,tv_show,reality television,United States,English,7.3/10,tt0092400,49,16.0,1,lolirock
4098,Strange Empire,2014,16+,49/100,0,0,1,0,tv_show,drama television series,Canada,English,10.0,tt3920814,49,16.0,1,strange empire
4099,The Greatest Love,2011,16+,49/100,0,0,1,0,tv_show,drama television series,South Korea,Korean,9.0,tt2304406,49,16.0,1,the greatest love
4102,Cybersix,1999,16+,49/100,0,0,1,0,tv_show,reality television,United States,English,7.8/10,tt0092400,49,16.0,1,cybersix
4105,The Dangerous Book for Boys,2018,7+,49/100,0,0,1,0,tv_show,film based on book,United States,English,3.0,tt1082583,49,7.0,1,the dangerous book for boys
4107,Empresses In The Palace,2011,7+,49/100,0,0,1,0,tv_show,historical play,People's Republic of China,Chinese,9.0,tt2374683,49,7.0,1,empresses in the palace
4108,Captain Scarlet and the Mysterons,1967,all,49/100,0,0,1,0,tv_show,"science fiction television program, thriller television series, adventure television series",United Kingdom,English,7.8,tt0059973,49,16.0,1,captain scarlet and the mysterons
4109,Stingray,1964,16+,49/100,0,0,1,0,tv_show,"science fiction television program, adventure television series, children's television series, action television series",United Kingdom,English,7.3,tt0057786,49,16.0,1,stingray
4110,Survive This,2009,7+,49/100,0,0,1,0,tv_show,"game show, reality television",Canada,English,7.0,tt1478503,49,7.0,1,survive this
4111,Unscripted,2005,16+,49/100,0,0,1,0,tv_show,comedy drama,United States,English,7.4,tt0413616,49,16.0,1,unscripted
4112,Girls' Last Tour,2017,16+,49/100,0,0,1,0,tv_show,reality television,United States,English,7.7/10,tt0092400,49,16.0,1,girls' last tour
4114,Grimoire of Zero,2017,16+,49/100,0,0,1,0,tv_show,reality television,United States,English,7.0/10,tt0092400,49,16.0,1,grimoire of zero
4116,After the Rain,2018,18+,49/100,0,0,1,0,tv_show,reality television,United States,English,7.4/10,tt0092400,49,18.0,1,after the rain
4118,Gator Boys,2012,16+,48/100,0,0,1,0,tv_show,reality television,United States,English,8.0,tt2141011,48,16.0,1,gator boys
4120,The Adventures of Swiss Family Robinson,1998,16+,48/100,0,0,1,0,tv_show,"speculative fiction, television series based on a novel",United States,English,2.0,tt0222519,48,16.0,1,the adventures of swiss family robinson
4122,The Roy Rogers Show,1951,16+,48/100,0,0,1,0,tv_show,Westerns on television,United States,English,7.1,tt0043225,48,16.0,1,the roy rogers show
4123,The Ruth Rendell Mysteries,1987,16+,48/100,0,0,1,0,tv_show,drama television series,United Kingdom,English,10.0,tt0166458,48,16.0,1,the ruth rendell mysteries
4124,10.5: Apocalypse,2006,16+,48/100,0,0,1,0,tv_show,reality television,United States,English,4.5/10,tt0092400,48,16.0,1,10.5: apocalypse
4125,Thunderbirds Are Go!,2015,all,48/100,0,0,1,0,tv_show,reality television,United States,English,6.8/10,tt0092400,48,16.0,1,thunderbirds are go!
4126,Blade of the Immortal,2008,16+,48/100,0,0,1,0,tv_show,reality television,United States,English,6.7/10,tt0092400,48,16.0,1,blade of the immortal
4127,Laid,2011,16+,48/100,0,0,1,0,tv_show,reality television,United States,English,7.0,tt21114548,48,16.0,1,laid
4129,Karakuri Circus,2018,16+,48/100,0,0,1,0,tv_show,reality television,United States,English,7.1/10,tt0092400,48,16.0,1,karakuri circus
4130,The Great Escapists,2021,16+,48/100,0,0,1,0,tv_show,"comedy, mockumentary",United States,English,4.0,tt10948294,48,16.0,1,the great escapists
4131,The Mill,2013,16+,48/100,0,0,1,0,tv_show,reality television,United States,English,7.5/10,tt0092400,48,16.0,1,the mill
4132,Fake or Fortune?,2011,16+,48/100,0,0,1,0,tv_show,"documentary film, investigative journalism",United Kingdom,English,10.0,tt2033616,48,16.0,1,fake or fortune?
4133,Tudor Monastery Farm,2013,16+,48/100,0,0,1,0,tv_show,documentary film,United Kingdom,English,6.0,tt4103600,48,16.0,1,tudor monastery farm
4135,Peg + Cat,2013,all,48/100,0,0,1,0,tv_show,reality television,United States,English,7.8/10,tt0092400,48,16.0,1,peg + cat
4136,Re:Creators,2017,18+,48/100,0,0,1,0,tv_show,reality television,United States,English,7.1/10,tt0092400,48,18.0,1,re:creators
4137,Bounty Hunters,2017,16+,48/100,0,0,1,0,tv_show,reality television,United States,English,6.0/10,tt0092400,48,16.0,1,bounty hunters
4138,Just Because!,2017,7+,48/100,0,0,1,0,tv_show,reality television,United States,English,6.9/10,tt0092400,48,7.0,1,just because!
4139,Chivas: El Rebaño Sagrado,2021,16+,48/100,0,0,1,0,tv_show,reality television,United States,English,7.4/10,tt0092400,48,16.0,1,chivas: el rebaño sagrado
4140,Yuki Yuna is a Hero,2014,16+,48/100,0,0,1,0,tv_show,reality television,United States,English,6.8/10,tt0092400,48,16.0,1,yuki yuna is a hero
4141,The Pack,2020,16+,48/100,0,0,1,0,tv_show,"drama television series, thriller television series",Chile,Spanish,5.0,tt9138156,48,16.0,1,the pack
4142,Boarding School Juliet,2018,16+,48/100,0,0,1,0,tv_show,reality television,United States,English,7.1/10,tt0092400,48,16.0,1,boarding school juliet
4143,This Is Football,2019,16+,48/100,0,0,1,0,tv_show,reality television,United States,English,8.2/10,tt0092400,48,16.0,1,this is football
4144,Valemont,2009,7+,47/100,0,0,1,0,tv_show,"mystery television series, vampire television program",United States,English,5.0,tt1430794,47,7.0,1,valemont
4145,Alice in Paris,2016,all,47/100,0,0,1,0,tv_show,reality television,United States,English,8.7/10,tt0092400,47,16.0,1,alice in paris
4146,Fury,1955,16+,47/100,0,0,1,0,tv_show,reality television,United States,English,7.4/10,tt0092400,47,16.0,1,fury
4148,Ronja the Robber's Daughter,2014,7+,47/100,0,0,1,0,tv_show,"adventure television series, drama television series, television series based on a novel",Sweden,Swedish,3.0,tt15379396,47,7.0,1,ronja the robber's daughter
4149,The Restoration Man,2010,16+,47/100,0,0,1,0,tv_show,reality television,United Kingdom,English,5.0,tt1632329,47,16.0,1,the restoration man
4150,Felix the Cat,1958,16+,47/100,0,0,1,0,tv_show,reality television,United States,English,6.8/10,tt0092400,47,16.0,1,felix the cat
4151,Rebel,2017,16+,47/100,0,0,1,0,tv_show,reality television,United States,English,5.4/10,tt0092400,47,16.0,1,rebel
4153,Yancy Derringer,1958,16+,47/100,0,0,1,0,tv_show,Westerns on television,United States,English,7.8,tt0051329,47,16.0,1,yancy derringer
4154,Curiosity,2011,16+,47/100,0,0,1,0,tv_show,reality television,United States,English,7.8/10,tt0092400,47,16.0,1,curiosity
4155,Hitoshi Matsumoto Presents Documental,2016,16+,47/100,0,0,1,0,tv_show,reality television,United States,English,6.0,tt6369836,47,16.0,1,hitoshi matsumoto presents documental
4156,JourneyQuest,2010,16+,47/100,0,0,1,0,tv_show,fantasy television series,United States,English,10.0,tt1715332,47,16.0,1,journeyquest
4157,Babar,1989,all,47/100,0,0,1,0,tv_show,reality television,United States,English,6.5/10,tt0092400,47,16.0,1,babar
4158,Public Enemies,2012,16+,47/100,0,0,1,0,tv_show,reality television,United States,English,7.1/10,tt0092400,47,16.0,1,public enemies
4159,One Night Stand,1989,18+,47/100,0,0,1,0,tv_show,reality television,United States,English,8.2/10,tt0092400,47,18.0,1,one night stand
4160,The Rebel,1959,16+,47/100,0,0,1,0,tv_show,reality television,United States,English,7.8/10,tt0092400,47,16.0,1,the rebel
4161,Full Custom Garage,2014,16+,47/100,0,0,1,0,tv_show,reality television,United States,English,8.5/10,tt0092400,47,16.0,1,full custom garage
4162,Hunting ISIS,2018,16+,47/100,0,0,1,0,tv_show,reality television,United States,English,8.3/10,tt0092400,47,16.0,1,hunting isis
4163,Rose and Maloney,2002,16+,47/100,0,0,1,0,tv_show,drama television series,United Kingdom,English,6.0,tt0338655,47,16.0,1,rose and maloney
4165,Mr. Osomatsu,2015,16+,47/100,0,0,1,0,tv_show,reality television,United States,English,7.5/10,tt0092400,47,16.0,1,mr. osomatsu
4166,Fetch! with Ruff Ruffman,2006,all,47/100,0,0,1,0,tv_show,"comedy television series, live action/animated television series",United States,English,9.0,tt0496195,47,16.0,1,fetch! with ruff ruffman
4168,The Cyanide & Happiness Show,2014,18+,47/100,0,0,1,0,tv_show,reality television,United States,English,8.0/10,tt0092400,47,18.0,1,the cyanide & happiness show
4169,Welcome to the Ballroom,2017,16+,47/100,0,0,1,0,tv_show,reality television,United States,English,7.8/10,tt0092400,47,16.0,1,welcome to the ballroom
4170,Flash Gordon,2007,7+,47/100,0,0,1,0,tv_show,science fiction television program,"Canada, United States",English,6.0,tt0959086,47,7.0,1,flash gordon
4171,Empress Ki,2013,all,47/100,0,0,1,0,tv_show,"historical television series, romance television series",South Korea,Korean,9.0,tt3322566,47,16.0,1,empress ki
4172,Enemy at the Door,1978,16+,47/100,0,0,1,0,tv_show,reality television,United Kingdom,English,8.0,tt0122818,47,16.0,1,enemy at the door
4173,Deal or No Deal,2005,7+,47/100,0,0,1,0,tv_show,game show,Netherlands,English,3.2,tt0880823,47,7.0,1,deal or no deal
4174,Pound Puppies,2010,all,47/100,0,0,1,0,tv_show,reality television,United States,English,6.3/10,tt0092400,47,16.0,1,pound puppies
4175,Just Add Magic: Mystery City,2020,all,47/100,0,0,1,0,tv_show,reality television,United States,English,7.3/10,tt0092400,47,16.0,1,just add magic: mystery city
4176,American Ripper,2017,16+,47/100,0,0,1,0,tv_show,reality television,United States,English,6.3/10,tt0092400,47,16.0,1,american ripper
4177,Hoarding: Buried Alive,2010,7+,46/100,0,0,1,0,tv_show,"reality television, television documentary",United States,English,1.0,tt1538296,46,7.0,1,hoarding: buried alive
4178,Mr. Wizard's World,1983,all,46/100,0,0,1,0,tv_show,educational television,United States,English,8.0,tt0085060,46,16.0,1,mr. wizard's world
4179,Street Fighter: Resurrection,2016,16+,46/100,0,0,1,0,tv_show,reality television,United States,English,6.5/10,tt0092400,46,16.0,1,street fighter: resurrection
4180,The Tesla Files,2018,16+,46/100,0,0,1,0,tv_show,reality television,United States,English,10.0,tt8439492,46,16.0,1,the tesla files
4183,Clifford's Puppy Days,2003,all,46/100,0,0,1,0,tv_show,reality television,"United Kingdom, United States",English,10.0,tt0377156,46,16.0,1,clifford's puppy days
4184,A Fortunate Life,1986,7+,46/100,0,0,1,0,tv_show,reality television,United States,English,7.9/10,tt0092400,46,7.0,1,a fortunate life
4185,Troopers,2011,16+,46/100,0,0,1,0,tv_show,reality television,United States,English,8.0/10,tt0092400,46,16.0,1,troopers
4187,999: What's Your Emergency?,2012,16+,46/100,0,0,1,0,tv_show,television documentary,United Kingdom,British English,8.0,tt3321642,46,16.0,1,999: what's your emergency?
4188,Happy Sugar Life,2018,16+,46/100,0,0,1,0,tv_show,reality television,United States,English,6.5/10,tt0092400,46,16.0,1,happy sugar life
4189,Tumble Leaf,2013,all,46/100,0,0,1,0,tv_show,reality television,United States,English,8.5/10,tt0092400,46,16.0,1,tumble leaf
4190,The Gymkhana Files,2018,18+,46/100,0,0,1,0,tv_show,reality television,United States,English,7.9/10,tt0092400,46,18.0,1,the gymkhana files
4191,Life In Squares,2015,16+,46/100,0,0,1,0,tv_show,LGBT-related television series,United Kingdom,English,6.5,tt4034398,46,16.0,1,life in squares
4192,Shakespeare Uncovered,2012,16+,46/100,0,0,1,0,tv_show,reality television,United States,English,8.6/10,tt0092400,46,16.0,1,shakespeare uncovered
4193,Little Men,1998,16+,46/100,0,1,1,0,tv_show,reality television,United States,English,10.0,tt0179029,46,16.0,1,little men
4194,London's Burning,1986,16+,46/100,0,0,1,0,tv_show,drama television series,United Kingdom,English,10.0,tt0123355,46,16.0,1,london's burning
4195,Lost in Oz,2015,7+,46/100,0,0,1,0,tv_show,reality television,United States,English,7.6/10,tt0092400,46,7.0,1,lost in oz
4196,Deltora Quest,2007,all,46/100,0,0,1,0,tv_show,reality television,United States,English,7.1/10,tt0092400,46,16.0,1,deltora quest
4197,Great Expectations,1999,16+,46/100,0,0,1,0,tv_show,drama television series,United States,English,9.0,tt0096601,46,16.0,1,great expectations
4198,The Eleven,2017,16+,46/100,0,0,1,0,tv_show,reality television,United States,English,6.8/10,tt0092400,46,16.0,1,the eleven
4199,Legend of Master Legend,2017,16+,46/100,0,0,1,0,tv_show,reality television,United States,English,10.0,tt0092400,46,16.0,1,legend of master legend
4200,Do You Love Your Mom and Her Two-Hit Multi-Target Attacks?,2019,16+,46/100,0,0,1,0,tv_show,reality television,United States,English,5.1/10,tt0092400,46,16.0,1,do you love your mom and her two-hit multi-target attacks?
4201,Big Dogs,2020,16+,46/100,0,0,1,0,tv_show,reality television,United States,English,5.5,tt6599010,46,16.0,1,big dogs
4202,Tokyo Girl,2016,16+,46/100,0,0,1,0,tv_show,"drama television series, television series based on a novel",Japan,English,10.0,tt7256504,46,16.0,1,tokyo girl
4203,Jim Gaffigan: The Pale Tourist,2020,16+,46/100,0,0,1,0,tv_show,reality television,United States,English,6.7/10,tt0092400,46,16.0,1,jim gaffigan: the pale tourist
4204,MonsterQuest,2007,7+,46/100,0,0,1,0,tv_show,documentary film,United States,English,7.1,tt1170243,46,7.0,1,monsterquest
4205,Peep and the Big Wide World,2004,all,46/100,0,0,1,0,tv_show,reality television,United States,English,7.1/10,tt0092400,46,16.0,1,peep and the big wide world
4206,Shaktimaan,1997,16+,46/100,0,0,1,0,tv_show,superhero television program,India,Hindi,10.0,tt0389680,46,16.0,1,shaktimaan
4207,Unsealed: Alien Files,2012,16+,46/100,0,0,1,0,tv_show,reality television,United States,English,6.5/10,tt0092400,46,16.0,1,unsealed: alien files
4208,Flowering Heart,2018,16+,46/100,0,0,1,0,tv_show,reality television,United States,English,10.0,tt0092400,46,16.0,1,flowering heart
4209,Nova ScienceNow,2005,all,45/100,0,0,1,0,tv_show,documentary film,United States,English,8.5,tt0449461,45,16.0,1,nova sciencenow
4210,Budding Prospects,2017,18+,45/100,0,0,1,0,tv_show,reality television,United States,English,7.3/10,tt0092400,45,18.0,1,budding prospects
4211,Sofiya,2016,16+,45/100,0,0,1,0,tv_show,reality television,United States,English,7.8/10,tt0092400,45,16.0,1,sofiya
4212,I Married Joan,1952,16+,45/100,0,0,1,0,tv_show,American television sitcom,United States,English,7.7,tt0044269,45,16.0,1,i married joan
4214,Baby u,2011,16+,45/100,0,0,1,0,tv_show,reality television,United States,English,10.0,tt0092400,45,16.0,1,baby u
4215,This Is Personal: The Hunt for the Yorkshire Ripper,2000,16+,45/100,0,0,1,0,tv_show,reality television,United States,English,7.6/10,tt0092400,45,16.0,1,this is personal: the hunt for the yorkshire ripper
4216,Tenspeed and Brown Shoe,1980,7+,45/100,0,0,1,0,tv_show,detective fiction,United States,English,7.5,tt0080289,45,7.0,1,tenspeed and brown shoe
4217,Women in Love,2011,16+,45/100,0,0,1,0,tv_show,reality television,United States,English,6.1/10,tt0092400,45,16.0,1,women in love
4218,Marcia Clark Investigates The First 48,2018,16+,45/100,0,0,1,0,tv_show,reality television,United States,English,3.0,tt7874718,45,16.0,1,marcia clark investigates the first 48
4219,Goku Midnight Eye,1989,18+,45/100,0,0,1,0,tv_show,reality television,United States,English,6.9/10,tt0092400,45,18.0,1,goku midnight eye
4220,Samurai Girls,2010,18+,45/100,0,0,1,0,tv_show,reality television,United States,English,6.5/10,tt0092400,45,18.0,1,samurai girls
4221,Played,2013,16+,45/100,0,0,1,0,tv_show,police procedural,Canada,English,6.2,tt2886812,45,16.0,1,played
4223,City of Vice,2008,16+,45/100,0,0,1,0,tv_show,reality television,United Kingdom,English,5.0,tt1044196,45,16.0,1,city of vice
4224,True Tears,2008,7+,45/100,0,0,1,0,tv_show,reality television,United States,English,7.3/10,tt0092400,45,7.0,1,true tears
4225,Kratts' Creatures,1996,all,45/100,0,0,1,0,tv_show,reality television,United States,English,8.2,tt0159885,45,16.0,1,kratts' creatures
4226,Love and Lies,2017,16+,45/100,0,0,1,0,tv_show,thriller television series,Philippines,English,7.0,tt2946616,45,16.0,1,love and lies
4227,LOL: Australia,2020,16+,45/100,0,0,1,0,tv_show,reality television,Australia,English,5.7,tt10846292,45,16.0,1,lol: australia
4228,HBO Comedy Half-Hour,1994,7+,45/100,0,0,1,0,tv_show,stand-up comedy,United States,English,7.9,tt0251512,45,7.0,1,hbo comedy half-hour
4229,Princess Principal,2017,18+,45/100,0,0,1,0,tv_show,reality television,United States,English,7.4/10,tt0092400,45,18.0,1,princess principal
4230,Onihei,2017,16+,45/100,0,0,1,0,tv_show,reality television,Japan,Japanese,7.8/10,tt0092400,45,16.0,1,onihei
4231,The Legend of William Tell,1998,16+,45/100,0,0,1,0,tv_show,fantasy television series,New Zealand,English,7.2,tt0191700,45,16.0,1,the legend of william tell
4232,Acapulco H.E.A.T.,1993,16+,45/100,0,0,1,0,tv_show,reality television,United States,English,5.6,tt0105930,45,16.0,1,acapulco h.e.a.t.
4233,Dharmakshetra,2014,16+,45/100,0,0,1,0,tv_show,reality television,India,Hindi,10.0,tt6803712,45,16.0,1,dharmakshetra
4234,UFO Files,2004,7+,45/100,0,0,1,0,tv_show,reality television,United States,English,2.0,tt0433320,45,7.0,1,ufo files
4235,Mansfield Park,1983,all,45/100,0,0,1,0,tv_show,"drama television series, television series based on a novel",United Kingdom,English,7.0,tt0085052,45,16.0,1,mansfield park
4236,Porterhouse Blue,1987,18+,45/100,0,0,1,0,tv_show,television series based on a novel,United Kingdom,English,8.0,tt0092428,45,18.0,1,porterhouse blue
4237,Pete the Cat,2017,all,45/100,0,0,1,0,tv_show,reality television,United States,English,7.6/10,tt0092400,45,16.0,1,pete the cat
4239,Ivanhoe,1997,7+,45/100,0,0,1,0,tv_show,reality television,United States,English,7.4/10,tt0092400,45,7.0,1,ivanhoe
4240,Sigmund and the Sea Monsters,1973,all,45/100,0,0,1,0,tv_show,reality television,United States,English,6.9,tt0069632,45,16.0,1,sigmund and the sea monsters
4241,The Bay,2010,16+,45/100,0,0,1,0,tv_show,reality television,United States,English,7.3/10,tt0092400,45,16.0,1,the bay
4242,The Detectives,2015,16+,45/100,0,0,1,0,tv_show,reality television,Canada,English,8.0,tt7921292,45,16.0,1,the detectives
4243,100 Years of Horror,1996,16+,45/100,0,0,1,0,tv_show,reality television,United States,English,8.0,tt0166940,45,16.0,1,100 years of horror
4244,Bikini Destinations,2003,18+,45/100,0,0,1,0,tv_show,reality television,United States,English,7.1,tt0445867,45,18.0,1,bikini destinations
4245,Walking Through History,2013,16+,45/100,0,0,1,0,tv_show,reality television,United Kingdom,English,8.2/10,tt0092400,45,16.0,1,walking through history
4246,Civil War Journal,1993,16+,45/100,0,0,1,0,tv_show,reality television,United States,English,8.2/10,tt0092400,45,16.0,1,civil war journal
4248,IRODUKU: The World in Colors,2018,16+,44/100,0,0,1,0,tv_show,reality television,United States,English,7.4/10,tt0092400,44,16.0,1,iroduku: the world in colors
4249,El Desafío: ETA,2020,16+,44/100,0,0,1,0,tv_show,reality television,United States,English,8.3/10,tt0092400,44,16.0,1,el desafío: eta
4250,Rob the Robot,2010,all,44/100,0,0,1,0,tv_show,reality television,United States,English,7.8/10,tt0092400,44,16.0,1,rob the robot
4251,Crime Investigation Australia,2005,18+,44/100,0,0,1,0,tv_show,reality television,Australia,English,3.0,tt1552648,44,18.0,1,crime investigation australia
4252,Six Dreams,2018,16+,44/100,0,0,1,0,tv_show,reality television,United States,English,7.8/10,tt0092400,44,16.0,1,six dreams
4253,Sensing Murder,2006,16+,44/100,0,0,1,0,tv_show,reality television,Australia,English,3.2,tt0344644,44,16.0,1,sensing murder
4254,I Survived...Beyond and Back,2010,16+,44/100,0,0,1,0,tv_show,reality television,United States,English,8.1/10,tt0092400,44,16.0,1,i survived...beyond and back
4255,All or Nothing: The Michigan Wolverines,2018,16+,44/100,0,0,1,0,tv_show,reality television,United States,English,7.6/10,tt0092400,44,16.0,1,all or nothing: the michigan wolverines
4256,The Simple Life,2003,16+,44/100,0,0,1,0,tv_show,reality television,United States,English,4.3,tt0362153,44,16.0,1,the simple life
4257,Beatless,2018,16+,44/100,0,0,1,0,tv_show,reality television,United States,English,5.7/10,tt0092400,44,16.0,1,beatless
4259,The Kicks,2016,all,44/100,0,0,1,0,tv_show,sitcom,United States,English,10.0,tt4196686,44,16.0,1,the kicks
4260,Sons of The Soil - Jaipur Pink Panthers,2020,16+,44/100,0,0,1,0,tv_show,reality television,United States,English,7.8/10,tt0092400,44,16.0,1,sons of the soil - jaipur pink panthers
4262,Pequeñas coincidencias,2018,7+,44/100,0,0,1,0,tv_show,romantic comedy,Spain,Spanish,5.0,tt8597326,44,7.0,1,pequeñas coincidencias
4263,On the Spot,2014,16+,44/100,0,0,1,0,tv_show,reality television,United States,English,8.1/10,tt0092400,44,16.0,1,on the spot
4264,UFO Hunters,2008,7+,44/100,0,0,1,0,tv_show,reality television,United States,English,1.0,tt1176951,44,7.0,1,ufo hunters
4265,Transformers: Combiner Wars,2016,16+,44/100,0,0,1,0,tv_show,reality television,United States,English,5.4/10,tt0092400,44,16.0,1,transformers: combiner wars
4266,Cape Town,2016,16+,44/100,0,0,1,0,tv_show,drama film,"Germany, South Africa",English,8.0,tt4760616,44,16.0,1,cape town
4267,All or Nothing: Brazil National Team,2020,16+,44/100,0,0,1,0,tv_show,reality television,United States,English,5.0,tt11621718,44,16.0,1,all or nothing: brazil national team
4269,Kannazuki no Miko,2004,16+,44/100,0,0,1,0,tv_show,reality television,United States,English,6.7/10,tt0092400,44,16.0,1,kannazuki no miko
4270,The Roman Empire in the First Century,2001,16+,44/100,0,0,1,0,tv_show,reality television,United States,English,7.5/10,tt0092400,44,16.0,1,the roman empire in the first century
4271,The Adventures of Maya the Honey Bee,1975,all,44/100,0,0,1,0,tv_show,reality television,United States,English,6.7/10,tt0092400,44,16.0,1,the adventures of maya the honey bee
4272,Soviet Storm: WWII in the East,2011,7+,44/100,0,0,1,0,tv_show,reality television,United States,English,8.7/10,tt0092400,44,7.0,1,soviet storm: wwii in the east
4273,Chiller,1995,16+,44/100,0,0,1,0,tv_show,reality television,United States,English,6.5/10,tt0092400,44,16.0,1,chiller
4274,Charlie's Angels,2011,16+,44/100,1,0,1,0,tv_show,"crime television series, drama television series, action television series",United States,English,6.6,tt0073972,44,16.0,1,charlie's angels
4276,The Underground,2006,18+,44/100,0,0,1,0,tv_show,reality television,United States,English,5.6/10,tt0092400,44,18.0,1,the underground
4277,Eat the World with Emeril Lagasse,2016,16+,44/100,0,0,1,0,tv_show,reality television,United States,English,10.0,tt5860892,44,16.0,1,eat the world with emeril lagasse
4278,Pandora's Box,2012,16+,44/100,0,0,1,0,tv_show,reality television,United States,English,8.5/10,tt0092400,44,16.0,1,pandora's box
4279,The Veil,1958,16+,44/100,0,0,1,0,tv_show,reality television,South Korea,Korean,7.0,tt14482296,44,16.0,1,the veil
4280,Black Widows,2014,16+,44/100,0,0,1,0,tv_show,drama television series,"Sweden, Norway, Denmark",English,7.0,tt5433600,44,16.0,1,black widows
4281,Sea Rescue,2012,all,44/100,0,0,1,0,tv_show,educational television,United States,English,8.6,tt2353113,44,16.0,1,sea rescue
4282,America Revealed,2012,16+,44/100,0,0,1,0,tv_show,reality television,United States,English,8.1/10,tt0092400,44,16.0,1,america revealed
4283,Hero: 108,2010,all,44/100,0,0,1,0,tv_show,reality television,United States,English,5.7/10,tt0092400,44,16.0,1,hero: 108
4284,BBQ with Franklin,2015,all,44/100,0,0,1,0,tv_show,reality television,United States,English,8.1/10,tt0092400,44,16.0,1,bbq with franklin
4285,Oasis,2017,18+,44/100,0,0,1,0,tv_show,reality television,United States,English,8.3/10,tt0092400,44,18.0,1,oasis
4286,The Fabric of the Cosmos,2011,16+,43/100,0,0,1,0,tv_show,reality television,United States,English,8.7/10,tt0092400,43,16.0,1,the fabric of the cosmos
4287,Merlin's Apprentice,2006,16+,43/100,0,0,1,0,tv_show,reality television,United States,English,5.3/10,tt0092400,43,16.0,1,merlin's apprentice
4288,Fireball XL5,1962,7+,43/100,0,0,1,0,tv_show,"science fiction television program, adventure television series, children's television series, action television series",United Kingdom,English,7.2,tt0055673,43,7.0,1,fireball xl5
4289,Studio One,1948,16+,43/100,0,0,1,0,tv_show,anthology series,United States,English,9.0,tt0040051,43,16.0,1,studio one
4290,Canimals,2011,all,43/100,0,0,1,0,tv_show,comedy television series,South Korea,English,9.0,tt2174349,43,16.0,1,canimals
4291,Wild Boys,2011,7+,43/100,0,0,1,0,tv_show,drama television series,Australia,English,8.0,tt1865572,43,7.0,1,wild boys
4292,The Annoying Orange,2009,7+,43/100,0,0,1,0,tv_show,reality television,United States,English,10.0,tt0092400,43,7.0,1,the annoying orange
4293,1st & Ten,1984,16+,43/100,0,0,1,0,tv_show,American television sitcom,United States,English,6.6,tt0086660,43,16.0,1,1st & ten
4294,"Lancelot Link, Secret Chimp",1970,16+,43/100,0,0,1,0,tv_show,comedy television series,United States,English,7.5,tt0065309,43,16.0,1,"lancelot link, secret chimp"
4295,Lorna Doone,2000,16+,43/100,0,0,1,0,tv_show,reality television,United States,English,6.9/10,tt0092400,43,16.0,1,lorna doone
4296,Wagner,1983,16+,43/100,0,0,1,0,tv_show,reality television,United States,English,7.7/10,tt0092400,43,16.0,1,wagner
4297,Niko and the Sword of Light,2017,all,43/100,0,0,1,0,tv_show,reality television,United States,English,7.7/10,tt0092400,43,16.0,1,niko and the sword of light
4298,Mata Hari,2017,16+,43/100,0,0,1,0,tv_show,reality television,United States,English,6.2/10,tt0092400,43,16.0,1,mata hari
4299,Chacha Vidhayak Hain Humare,2018,16+,43/100,0,0,1,0,tv_show,reality television,India,English,7.0,tt8254592,43,16.0,1,chacha vidhayak hain humare
4300,Big Pacific,2017,all,43/100,0,0,1,0,tv_show,reality television,United States,English,8.4/10,tt0092400,43,16.0,1,big pacific
4301,Wildest Islands,2012,16+,43/100,0,0,1,0,tv_show,reality television,United States,English,8.2/10,tt0092400,43,16.0,1,wildest islands
4302,Animal Mechanicals,2008,all,43/100,0,0,1,0,tv_show,adventure television series,"Canada, France",English,8.0,tt1516169,43,16.0,1,animal mechanicals
4303,Strange Events,2017,16+,43/100,0,0,1,0,tv_show,reality television,United States,English,4.8/10,tt0092400,43,16.0,1,strange events
4304,Costume Quest,2019,7+,43/100,0,0,1,0,tv_show,reality television,United States,English,7.0/10,tt0092400,43,7.0,1,costume quest
4305,Spaceballs: The Animated Series,2008,18+,43/100,0,0,1,0,tv_show,reality television,United States,English,4.2/10,tt0092400,43,18.0,1,spaceballs: the animated series
4306,Daughter of Lupin,2019,16+,43/100,0,0,1,0,tv_show,reality television,United States,English,6.4/10,tt0092400,43,16.0,1,daughter of lupin
4307,The Renaissance Unchained,2016,16+,43/100,0,0,1,0,tv_show,reality television,United States,English,8.4/10,tt0092400,43,16.0,1,the renaissance unchained
4308,Joanna Lumley's Nile,2010,16+,43/100,0,0,1,0,tv_show,"travel television show, travel documentary",United Kingdom,English,10.0,tt1642494,43,16.0,1,joanna lumley's nile
4309,The History of Tom Jones,1997,16+,43/100,0,0,1,0,tv_show,"drama television series, television series based on a novel",United Kingdom,English,7.7,tt0123351,43,16.0,1,the history of tom jones
4310,Vials,2017,16+,43/100,0,0,1,0,tv_show,reality television,United States,English,10.0,tt0092400,43,16.0,1,vials
4311,Nature Cat,2015,all,43/100,0,0,1,0,tv_show,reality television,United States,English,7.2/10,tt0092400,43,16.0,1,nature cat
4312,Ancient Inventions,1998,16+,43/100,0,0,1,0,tv_show,documentary film,United Kingdom,English,6.0,tt0173523,43,16.0,1,ancient inventions
4313,"Kokkoku, Moment by Moment",2018,18+,43/100,0,0,1,0,tv_show,reality television,United States,English,7.0/10,tt0092400,43,18.0,1,"kokkoku, moment by moment"
4315,Albert & Junior Series,2011,all,43/100,0,0,1,0,tv_show,reality television,United States,English,10.0,tt0092400,43,16.0,1,albert & junior series
4316,Ella the Elephant,2013,16+,43/100,0,0,1,0,tv_show,reality television,Canada,English,10.0,tt2173199,43,16.0,1,ella the elephant
4317,The Danny Thomas Show,1957,all,43/100,0,0,1,0,tv_show,American television sitcom,United States,English,7.1,tt0045410,43,16.0,1,the danny thomas show
4318,Ready Jet Go!,2016,all,43/100,0,0,1,0,tv_show,"children's television series, fantasy television series, science fiction television program","United States, Canada",English,10.0,tt5292052,43,16.0,1,ready jet go!
4319,Ultimate Survival: Everest,2004,16+,43/100,0,0,1,0,tv_show,reality television,United States,English,7.3/10,tt0092400,43,16.0,1,ultimate survival: everest
4320,Sex Sent Me to the ER,2013,18+,42/100,0,0,1,0,tv_show,reality television,United States,English,1.0,tt3415250,42,18.0,1,sex sent me to the er
4321,Tornado Chasers,2012,16+,42/100,0,0,1,0,tv_show,"documentary film, reality television",United States,English,10.0,tt2949316,42,16.0,1,tornado chasers
4322,Dino Dan,2009,7+,42/100,0,0,1,0,tv_show,adventure television series,Canada,English,5.6,tt1447487,42,7.0,1,dino dan
4323,Tricky Business,2012,16+,42/100,0,0,1,0,tv_show,drama television series,Australia,English,8.0,tt2396275,42,16.0,1,tricky business
4324,18 to Life,2010,16+,42/100,0,0,1,0,tv_show,sitcom,Canada,English,6.9,tt1411254,42,16.0,1,18 to life
4325,Annedroids,2014,all,42/100,0,0,1,0,tv_show,children's television series,Canada,English,10.0,tt3012532,42,16.0,1,annedroids
4326,Mars Rising,2007,7+,42/100,0,0,1,0,tv_show,television documentary,"Canada, France",English,7.9,tt1120412,42,7.0,1,mars rising
4327,Rage of Bahamut Virgin Soul,2017,16+,42/100,0,0,1,0,tv_show,reality television,United States,English,7.3/10,tt0092400,42,16.0,1,rage of bahamut virgin soul
4328,The Attackers,2013,16+,42/100,0,0,1,0,tv_show,reality television,United States,English,7.4/10,tt0092400,42,16.0,1,the attackers
4329,Atlantis High,2001,all,42/100,0,0,1,0,tv_show,reality television,New Zealand,English,8.0,tt0295066,42,16.0,1,atlantis high
4330,All or Nothing: The Dallas Cowboys,2018,18+,42/100,0,0,1,0,tv_show,reality television,United States,English,7.7/10,tt0092400,42,18.0,1,all or nothing: the dallas cowboys
4331,Switch,2012,16+,42/100,0,0,1,0,tv_show,reality television,United States,English,6.8/10,tt0092400,42,16.0,1,switch
4332,Angel's Friends,2009,16+,42/100,0,0,1,0,tv_show,fantasy television program,Italy,Italian,7.0,tt1731708,42,16.0,1,angel's friends
4334,Girl/Girl Scene,2010,18+,42/100,0,0,1,0,tv_show,LGBT-related television series,United States,English,9.0,tt2385242,42,18.0,1,girl/girl scene
4335,Nanny 911,2004,7+,42/100,0,0,1,0,tv_show,reality television,United States,English,1.0,tt0433726,42,7.0,1,nanny 911
4336,Curvy Girls,2011,16+,42/100,0,0,1,0,tv_show,reality television,United States,English,6.5/10,tt0092400,42,16.0,1,curvy girls
4337,Body & Soul,1993,16+,42/100,0,0,1,0,tv_show,reality television,United States,English,8.1/10,tt0092400,42,16.0,1,body & soul
4338,Very British Problems,2015,16+,42/100,0,0,1,0,tv_show,reality television,United Kingdom,English,7.0,tt4960806,42,16.0,1,very british problems
4339,Til Debt Do Us Part,2005,16+,42/100,0,0,1,0,tv_show,reality television,Canada,English,5.0,tt0981254,42,16.0,1,til debt do us part
4340,The Pitch,2012,16+,42/100,0,0,1,0,tv_show,reality television,United Kingdom,English,7.0/10,tt2548278,42,16.0,1,the pitch
4341,Date My Dad,2017,all,42/100,0,0,1,0,tv_show,reality television,"Canada, United States",English,10.0,tt5012346,42,16.0,1,date my dad
4342,The Stinky & Dirty Show,2016,all,42/100,0,0,1,0,tv_show,reality television,United States,English,7.3/10,tt0092400,42,16.0,1,the stinky & dirty show
4344,Doctor in the House,1969,16+,42/100,0,0,1,0,tv_show,reality television,United States,English,7.6/10,tt0092400,42,16.0,1,doctor in the house
4345,Little Princess,2007,all,42/100,0,0,1,0,tv_show,reality television,United States,English,5.7/10,tt0092400,42,16.0,1,little princess
4346,When We Go to War,2015,16+,42/100,0,0,1,0,tv_show,reality television,United States,English,6.7/10,tt0092400,42,16.0,1,when we go to war
4347,Bad Guy,2010,16+,42/100,0,0,1,0,tv_show,melodrama,South Korea,Korean,9.0,tt2090230,42,16.0,1,bad guy
4348,Warrior Women,2003,16+,41/100,0,0,1,0,tv_show,reality television,United States,English,7.9/10,tt0092400,41,16.0,1,warrior women
4349,Britain's Busiest Airport: Heathrow,2015,16+,41/100,0,0,1,0,tv_show,reality television,United Kingdom,English,10.0,tt6169802,41,16.0,1,britain's busiest airport: heathrow
4350,Sergeant Preston of the Yukon,1955,16+,41/100,0,0,1,0,tv_show,Westerns on television,United States,English,8.0,tt0182633,41,16.0,1,sergeant preston of the yukon
4351,Crime Stories,1999,16+,41/100,0,0,1,0,tv_show,documentary film,United States,English,7.0,tt0221740,41,16.0,1,crime stories
4352,Miami Swat,2009,16+,41/100,0,0,1,0,tv_show,reality television,United States,English,7.5/10,tt0092400,41,16.0,1,miami swat
4353,Comicstaan,2018,18+,41/100,0,0,1,0,tv_show,reality television,India,English,9.0,tt7336778,41,18.0,1,comicstaan
4354,Junk Drawer Magic,2015,16+,41/100,0,0,1,0,tv_show,reality television,United States,English,9.1/10,tt0092400,41,16.0,1,junk drawer magic
4355,After Hours,2015,16+,41/100,0,0,1,0,tv_show,reality television,United States,English,7.2/10,tt0092400,41,16.0,1,after hours
4356,Black Jack,1993,16+,41/100,0,0,1,0,tv_show,reality television,United States,English,7.6/10,tt0092400,41,16.0,1,black jack
4357,Horseland,2006,all,41/100,0,0,1,0,tv_show,reality television,United States,English,5.8/10,tt0092400,41,16.0,1,horseland
4358,Killing Bites,2018,18+,41/100,0,0,1,0,tv_show,reality television,United States,English,6.3/10,tt0092400,41,18.0,1,killing bites
4359,YouTubers React,2012,16+,41/100,0,0,1,0,tv_show,reality television,United States,English,4.9/10,tt0092400,41,16.0,1,youtubers react
4360,Postcards from Buster,2004,all,41/100,0,0,1,0,tv_show,live action/animated television series,Canada,English,2.0,tt0426774,41,16.0,1,postcards from buster
4361,Into the Wild,2014,16+,41/100,1,0,1,0,tv_show,reality television,United States,English,8.5/10,tt0092400,41,16.0,1,into the wild
4362,Bonekickers,2008,16+,41/100,0,0,1,0,tv_show,"drama television series, treasure hunt film",United Kingdom,English,8.0,tt1148181,41,16.0,1,bonekickers
4363,ToddWorld,2004,16+,41/100,0,0,1,0,tv_show,reality television,"United States, Canada, Ireland",English,6.0,tt0435585,41,16.0,1,toddworld
4364,Bizarre ER,2008,16+,41/100,0,0,1,0,tv_show,television documentary,United Kingdom,English,10.0,tt1223157,41,16.0,1,bizarre er
4365,Music & Murder,2016,18+,41/100,0,0,1,0,tv_show,reality television,United States,English,8.3/10,tt0092400,41,18.0,1,music & murder
4366,Wildest Latin America,2012,16+,41/100,0,0,1,0,tv_show,reality television,United States,English,10.0,tt0092400,41,16.0,1,wildest latin america
4367,The Ultimate Civil War Series,2012,16+,41/100,0,0,1,0,tv_show,reality television,United States,English,6.9/10,tt0092400,41,16.0,1,the ultimate civil war series
4368,Black Harbour,1996,16+,41/100,0,0,1,0,tv_show,reality television,Canada,English,9.0,tt0115690,41,16.0,1,black harbour
4369,Jayde Adams: Serious Black Jumper,2020,16+,41/100,0,0,1,0,tv_show,reality television,United States,English,7.3/10,tt0092400,41,16.0,1,jayde adams: serious black jumper
4370,Benito: The Rise and Fall of Mussolini,1994,18+,41/100,0,0,1,0,tv_show,reality television,United States,English,5.7/10,tt0092400,41,18.0,1,benito: the rise and fall of mussolini
4372,La Femme Musketeer,2004,7+,41/100,0,0,1,0,tv_show,reality television,United States,English,5.7/10,tt0092400,41,7.0,1,la femme musketeer
4373,Psychic Investigators,2006,7+,41/100,0,0,1,0,tv_show,reality television,United States,English,7.6/10,tt0092400,41,7.0,1,psychic investigators
4374,Moses the Lawgiver,1975,all,41/100,0,0,1,0,tv_show,reality television,United States,English,6.1/10,tt0092400,41,16.0,1,moses the lawgiver
4375,Lunch Monkeys,2009,16+,41/100,0,0,1,0,tv_show,sitcom,United Kingdom,English,5.0,tt1477819,41,16.0,1,lunch monkeys
4376,Inventions That Shook the World,2011,all,41/100,0,0,1,0,tv_show,reality television,United States,English,8.3/10,tt0092400,41,16.0,1,inventions that shook the world
4377,Italy's Invisible Cities,2017,16+,41/100,0,0,1,0,tv_show,reality television,United States,English,7.9/10,tt0092400,41,16.0,1,italy's invisible cities
4378,Dino Dana,2017,all,41/100,0,0,1,0,tv_show,"popular science, children's television series",Canada,English,8.0,tt5200330,41,16.0,1,dino dana
4379,Pet Alien,2005,all,41/100,0,0,1,0,tv_show,reality television,United States,English,5.1/10,tt0092400,41,16.0,1,pet alien
4380,Arthur & George,2015,all,40/100,0,0,1,0,tv_show,television series based on a novel,United Kingdom,English,10.0,tt4439928,40,16.0,1,arthur & george
4381,The Nightmare Worlds of H.G. Wells,2016,16+,40/100,0,0,1,0,tv_show,reality television,United States,English,5.9/10,tt0092400,40,16.0,1,the nightmare worlds of h.g. wells
4383,Fluffy's Food Adventures,2015,7+,40/100,0,0,1,0,tv_show,reality television,United States,English,7.4/10,tt0092400,40,7.0,1,fluffy's food adventures
4384,Ocean Mysteries with Jeff Corwin,2011,all,40/100,0,0,1,0,tv_show,reality television,United States,English,8.5,tt1967678,40,16.0,1,ocean mysteries with jeff corwin
4386,Confessions: Animal Hoarding,2010,16+,40/100,0,0,1,0,tv_show,reality television,United States,English,6.0,tt1684397,40,16.0,1,confessions: animal hoarding
4387,Queens,2017,16+,40/100,0,0,1,0,tv_show,reality television,United States,English,5.6/10,tt0092400,40,16.0,1,queens
4389,Rob Delaney: Jackie,2020,16+,40/100,0,0,1,0,tv_show,reality television,United States,English,6.7/10,tt0092400,40,16.0,1,rob delaney: jackie
4390,Morganville: The series,2014,16+,40/100,0,0,1,0,tv_show,reality television,United States,English,5.7/10,tt0092400,40,16.0,1,morganville: the series
4391,Amish Mafia,2012,16+,40/100,0,0,1,0,tv_show,reality television,United States,English,3.1,tt2514488,40,16.0,1,amish mafia
4392,Gotthard,2016,16+,40/100,0,0,1,0,tv_show,reality television,United States,English,6.5/10,tt0092400,40,16.0,1,gotthard
4393,Circus,2010,7+,40/100,0,0,1,0,tv_show,reality television,United States,English,8.3/10,tt0092400,40,7.0,1,circus
4394,My Girlfriend is Shobitch,2017,16+,40/100,0,0,1,0,tv_show,reality television,United States,English,10.0,tt0092400,40,16.0,1,my girlfriend is shobitch
4395,Geronimo Stilton,2009,all,40/100,0,0,1,0,tv_show,reality television,United States,English,6.8/10,tt0092400,40,16.0,1,geronimo stilton
4396,Becoming a Man,2019,16+,40/100,0,0,1,0,tv_show,reality television,United States,English,9.2/10,tt0092400,40,16.0,1,becoming a man
4397,Catherine,2013,16+,40/100,0,0,1,0,tv_show,reality television,United States,English,7.3/10,tt0092400,40,16.0,1,catherine
4398,Flickers,1980,all,40/100,0,0,1,0,tv_show,reality television,United Kingdom,English,8.0,tt0081864,40,16.0,1,flickers
4400,Storage Wars: Northern Treasures,2017,18+,40/100,0,0,1,0,tv_show,reality television,United States,English,5.6/10,tt0092400,40,18.0,1,storage wars: northern treasures
4403,Bali,2006,16+,40/100,0,0,1,0,tv_show,reality television,United States,English,5.5/10,tt0092400,40,16.0,1,bali
4404,Drop Kick on my Devil!,2018,16+,40/100,0,0,1,0,tv_show,reality television,United States,English,6.6/10,tt0092400,40,16.0,1,drop kick on my devil!
4405,Your Bleeped Up Brain,2013,7+,40/100,0,0,1,0,tv_show,reality television,United States,English,7.8/10,tt0092400,40,7.0,1,your bleeped up brain
4406,The Dreamstone,1990,all,40/100,0,0,1,0,tv_show,reality television,United States,English,8.1/10,tt0092400,40,16.0,1,the dreamstone
4407,Wildest Africa,2013,7+,40/100,0,0,1,0,tv_show,reality television,United States,English,8.2/10,tt0092400,40,7.0,1,wildest africa
4408,Barbie Dreamtopia,2017,all,40/100,0,0,1,0,tv_show,animation,United States,English,10.0,tt7533146,40,16.0,1,barbie dreamtopia
4409,Honest Ads,2017,16+,40/100,0,0,1,0,tv_show,reality television,United States,English,8.6/10,tt0092400,40,16.0,1,honest ads
4410,An American Girl Story: Melody 1963 - Love Has to Win,2016,all,40/100,0,0,1,0,tv_show,reality television,United States,English,7.6/10,tt0092400,40,16.0,1,an american girl story: melody 1963 - love has to win
4411,Brum,1994,7+,40/100,0,0,1,0,tv_show,reality television,United States,English,6.3/10,tt0092400,40,7.0,1,brum
4412,Private Secretary,1953,16+,40/100,0,0,1,0,tv_show,sitcom,United States,English,6.0,tt0045435,40,16.0,1,private secretary
4413,Most Haunted,2002,7+,40/100,0,0,1,0,tv_show,reality television,United Kingdom,English,5.0,tt0362355,40,7.0,1,most haunted
4414,Londongrad,2015,7+,40/100,0,0,1,0,tv_show,"comedy television series, adventure television series",Russia,Russian,5.0,tt2115354,40,7.0,1,londongrad
4415,7 Day Barre Challenge,2019,16+,40/100,0,0,1,0,tv_show,reality television,United States,English,10.0,tt0092400,40,16.0,1,7 day barre challenge
4416,ABC Galaxy,2015,16+,40/100,0,0,1,0,tv_show,reality television,United States,English,10.0,tt0092400,40,16.0,1,abc galaxy
4417,Ghost Stories,1997,16+,39/100,1,1,1,0,tv_show,anthology series,United States,English,10.0,tt0147766,39,16.0,1,ghost stories
4418,Wildest Arctic,2012,16+,39/100,0,0,1,0,tv_show,reality television,United States,English,8.4/10,tt0092400,39,16.0,1,wildest arctic
4419,Angelina Ballerina,2002,all,39/100,0,0,1,0,tv_show,children's television series,United Kingdom,English,4.0,tt0319935,39,16.0,1,angelina ballerina
4420,Shui hu zhuan,2011,16+,39/100,0,0,1,0,tv_show,television series based on a novel,People's Republic of China,English,7.3/10,tt0092400,39,16.0,1,shui hu zhuan
4421,Pan y Circo,2020,16+,39/100,0,0,1,0,tv_show,reality television,United States,English,9.0,tt12675790,39,16.0,1,pan y circo
4422,Barter Kings,2012,7+,39/100,0,0,1,0,tv_show,reality television,United States,English,1.0,tt2254098,39,7.0,1,barter kings
4423,Chi's Sweet Adventure,2016,16+,39/100,0,0,1,0,tv_show,reality television,United States,English,7.8/10,tt0092400,39,16.0,1,chi's sweet adventure
4424,The New V.I.P.'s,2017,16+,39/100,0,0,1,0,tv_show,reality television,United States,English,10.0,tt0092400,39,16.0,1,the new v.i.p.'s
4425,A Woman Named Jackie,1991,7+,39/100,0,0,1,0,tv_show,reality television,United States,English,6.6/10,tt0092400,39,7.0,1,a woman named jackie
4426,Password Plus,1979,all,39/100,0,0,1,0,tv_show,game show,United States,English,7.6,tt0197176,39,16.0,1,password plus
4427,Category 7: The End of the World,2005,7+,39/100,0,0,1,0,tv_show,reality television,United States,English,4.7/10,tt0092400,39,7.0,1,category 7: the end of the world
4428,Unsolved History,2002,16+,39/100,0,0,1,0,tv_show,documentary film,United States,English,1.0,tt0357400,39,16.0,1,unsolved history
4430,Immortal Egypt,2016,16+,39/100,0,0,1,0,tv_show,reality television,United Kingdom,English,10.0,tt6139972,39,16.0,1,immortal egypt
4431,Stories from the Stone Age,2004,all,39/100,0,0,1,0,tv_show,reality television,United States,English,8.5/10,tt0092400,39,16.0,1,stories from the stone age
4432,The Johnny Carson Show,1955,16+,39/100,0,0,1,0,tv_show,reality television,United States,English,8.3,tt0047746,39,16.0,1,the johnny carson show
4433,Wildest Indochina,2014,16+,39/100,0,0,1,0,tv_show,reality television,United States,English,8.4/10,tt0092400,39,16.0,1,wildest indochina
4434,For the Love of Jason,2020,18+,39/100,0,0,1,0,tv_show,reality television,United States,English,7.2/10,tt0092400,39,18.0,1,for the love of jason
4435,Project G.e.e.K.e.R.,1996,all,39/100,0,0,1,0,tv_show,reality television,United States,English,7.5/10,tt0092400,39,16.0,1,project g.e.e.k.e.r.
4436,Down East Dickering,2014,16+,39/100,0,0,1,0,tv_show,reality television,United States,English,8.0,tt3762958,39,16.0,1,down east dickering
4437,Chloe's Closet,2010,all,39/100,0,0,1,0,tv_show,reality television,United States,English,6.9/10,tt0092400,39,16.0,1,chloe's closet
4438,The Hive,2010,all,39/100,0,0,1,0,tv_show,reality television,United States,English,6.6/10,tt0092400,39,16.0,1,the hive
4439,Blockbusters,1980,16+,39/100,0,0,1,0,tv_show,game show,"Israel, United Kingdom",English,10.0,tt0194597,39,16.0,1,blockbusters
4440,Popeye and Son,1987,all,39/100,0,0,1,0,tv_show,reality television,United States,English,5.7/10,tt0092400,39,16.0,1,popeye and son
4441,Gangstars,2018,16+,39/100,0,0,1,0,tv_show,thriller television series,India,English,6.8/10,tt0092400,39,16.0,1,gangstars
4442,6ixth Sense,2002,16+,39/100,0,0,1,0,tv_show,reality television,United Kingdom,English,10.0,tt0418364,39,16.0,1,6ixth sense
4443,Shadow Force,2008,16+,39/100,0,0,1,0,tv_show,reality television,United States,English,7.3/10,tt0092400,39,16.0,1,shadow force
4445,America Divided,2016,16+,39/100,0,0,1,0,tv_show,reality television,United States,English,10.0,tt5355972,39,16.0,1,america divided
4446,Danger & Eggs,2017,all,39/100,0,0,1,0,tv_show,reality television,United States,English,6.9/10,tt0092400,39,16.0,1,danger & eggs
4447,Cool McCool,1966,7+,38/100,0,0,1,0,tv_show,reality television,United States,English,7.2/10,tt0092400,38,7.0,1,cool mccool
4448,Life with Elizabeth,1953,16+,38/100,0,0,1,0,tv_show,sitcom,United States,English,7.4,tt0045407,38,16.0,1,life with elizabeth
4449,Modern Traveler,2016,16+,38/100,0,0,1,0,tv_show,reality television,United States,English,10.0,tt0092400,38,16.0,1,modern traveler
4450,Crime & Punishment,2002,16+,38/100,0,0,1,0,tv_show,reality television,United States,English,7.3,tt0278250,38,16.0,1,crime & punishment
4451,Inside the Mind of a Serial Killer,2015,16+,38/100,0,0,1,0,tv_show,reality television,United Kingdom,English,10.0,tt0092400,38,16.0,1,inside the mind of a serial killer
4452,It's How You Get There,2017,16+,38/100,0,0,1,0,tv_show,reality television,United States,English,10.0,tt0092400,38,16.0,1,it's how you get there
4453,Civilizations,2018,16+,38/100,0,0,1,0,tv_show,reality television,United States,English,10.0,tt0092400,38,16.0,1,civilizations
4454,Curious Traveler,2015,16+,38/100,0,0,1,0,tv_show,reality television,United States,English,7.9/10,tt0092400,38,16.0,1,curious traveler
4455,Road Side Stories,2016,16+,38/100,0,0,1,0,tv_show,reality television,United States,English,10.0,tt0092400,38,16.0,1,road side stories
4456,The Prosecutors: In Pursuit of Justice,2000,16+,38/100,0,0,1,0,tv_show,television documentary,United States,English,7.9,tt0297607,38,16.0,1,the prosecutors: in pursuit of justice
4457,Busytown Mysteries,2007,all,38/100,0,0,1,0,tv_show,reality television,United States,English,6.2/10,tt0092400,38,16.0,1,busytown mysteries
4458,Starhunter ReduX,2018,16+,38/100,0,0,1,0,tv_show,reality television,United States,English,5.6/10,tt0092400,38,16.0,1,starhunter redux
4459,The Aces' War,2018,16+,38/100,0,0,1,0,tv_show,reality television,United States,English,6.9/10,tt0092400,38,16.0,1,the aces' war
4460,Seven Senses of the Re'Union,2018,16+,38/100,0,0,1,0,tv_show,reality television,United States,English,4.6/10,tt0092400,38,16.0,1,seven senses of the re'union
4461,The Timeline,2015,16+,38/100,0,0,1,0,tv_show,American football film,United States,English,8.2/10,tt0092400,38,16.0,1,the timeline
4462,Roughing It,2002,16+,38/100,0,0,1,0,tv_show,reality television,United States,English,7.0/10,tt0092400,38,16.0,1,roughing it
4463,Sneg i pepel,2015,16+,38/100,0,0,1,0,tv_show,reality television,United States,English,6.2/10,tt0092400,38,16.0,1,sneg i pepel
4464,One Mic Stand,2019,16+,38/100,0,0,1,0,tv_show,reality television,India,English,6.6/10,tt0092400,38,16.0,1,one mic stand
4465,Bat Pat,2016,16+,38/100,0,0,1,0,tv_show,reality television,United States,English,10.0,tt0092400,38,16.0,1,bat pat
4466,Secrets of Archaeology,2014,16+,38/100,0,0,1,0,tv_show,reality television,United States,English,8.0/10,tt0092400,38,16.0,1,secrets of archaeology
4467,Greatest Tank Battles,2010,7+,38/100,0,0,1,0,tv_show,reality television,Canada,English,7.0,tt1973370,38,7.0,1,greatest tank battles
4468,Nightmare in Suburbia,2008,16+,38/100,0,0,1,0,tv_show,reality television,United States,English,7.9/10,tt0092400,38,16.0,1,nightmare in suburbia
4469,Extinct,2001,16+,38/100,0,0,1,0,tv_show,reality television,United States,English,7.3/10,tt0092400,38,16.0,1,extinct
4470,We'll Meet Again,1982,7+,38/100,0,0,1,0,tv_show,reality television,United States,English,7.1/10,tt0092400,38,7.0,1,we'll meet again
4471,Sworn to Secrecy: Secrets of War,1998,16+,38/100,0,0,1,0,tv_show,reality television,United States,English,7.5/10,tt0092400,38,16.0,1,sworn to secrecy: secrets of war
4473,The Video Game Years,2012,16+,38/100,0,0,1,0,tv_show,reality television,United States,English,8.1/10,tt0092400,38,16.0,1,the video game years
4474,The Sheriffs are Coming,2012,all,38/100,0,0,1,0,tv_show,documentary film,United Kingdom,British English,10.0,tt3473178,38,16.0,1,the sheriffs are coming
4475,Jestination Unknown,2019,16+,38/100,0,0,1,0,tv_show,reality television,United States,English,6.1/10,tt0092400,38,16.0,1,jestination unknown
4476,Impostors,2014,16+,38/100,0,0,1,0,tv_show,reality television,United States,English,7.7/10,tt0092400,38,16.0,1,impostors
4477,Teens React,2011,16+,38/100,0,0,1,0,tv_show,reality television,United States,English,5.5/10,tt0092400,38,16.0,1,teens react
4478,Medieval Dead,2013,16+,38/100,0,0,1,0,tv_show,reality television,United States,English,7.3/10,tt0092400,38,16.0,1,medieval dead
4479,Paranormal Investigators Uncut,2015,16+,38/100,0,0,1,0,tv_show,reality television,United States,English,10.0,tt0092400,38,16.0,1,paranormal investigators uncut
4480,All Things Adrienne,2018,16+,38/100,0,0,1,0,tv_show,reality television,United States,English,10.0,tt0092400,38,16.0,1,all things adrienne
4481,Comedy Brew,2009,16+,38/100,0,0,1,0,tv_show,reality television,United States,English,10.0,tt0092400,38,16.0,1,comedy brew
4482,To Kill or to Cure,2003,16+,38/100,0,0,1,0,tv_show,reality television,United States,English,10.0,tt0092400,38,16.0,1,to kill or to cure
4483,Ireland's Greatest Robberies,1970,16+,38/100,0,0,1,0,tv_show,reality television,United States,English,10.0,tt0092400,38,16.0,1,ireland's greatest robberies
4484,Glorious Gardens from Above,2014,16+,38/100,0,0,1,0,tv_show,reality television,United States,English,10.0,tt0092400,38,16.0,1,glorious gardens from above
4485,A Tale of Two Cities,1980,16+,38/100,0,0,1,0,tv_show,reality television,United States,English,6.6/10,tt0092400,38,16.0,1,a tale of two cities
4486,Extreme Forensics,2008,16+,38/100,0,0,1,0,tv_show,reality television,United States,English,7.9/10,tt0092400,38,16.0,1,extreme forensics
4487,Miracle Pets,2001,16+,38/100,0,0,1,0,tv_show,"reality television, documentary film",United States,English,10.0,tt0279543,38,16.0,1,miracle pets
4488,999: Killer on the Line?,2016,16+,38/100,0,0,1,0,tv_show,reality television,United States,English,7.1/10,tt0092400,38,16.0,1,999: killer on the line?
4489,Time Team America,2009,all,38/100,0,0,1,0,tv_show,documentary film,United States,English,2.0,tt1556097,38,16.0,1,time team america
4490,Small Business Revolution: Main Street,2016,16+,38/100,0,0,1,0,tv_show,reality television,United States,English,7.4/10,tt0092400,38,16.0,1,small business revolution: main street
4491,Cosmic Quantum Ray,2010,7+,38/100,0,0,1,0,tv_show,reality television,United States,English,5.7/10,tt0092400,38,7.0,1,cosmic quantum ray
4492,Final Life,2017,16+,38/100,0,0,1,0,tv_show,reality television,United States,English,5.4/10,tt0092400,38,16.0,1,final life
4493,The Californians,1957,16+,38/100,0,0,1,0,tv_show,Westerns on television,United States,English,5.0,tt0050002,38,16.0,1,the californians
4494,那年花開月正圓,2017,7+,38/100,0,0,1,0,tv_show,reality television,People's Republic of China,English,7.8/10,tt0092400,38,7.0,1,那年花開月正圓
4495,Minecraft Villagers,2013,16+,38/100,0,0,1,0,tv_show,reality television,United States,English,8.0/10,tt0092400,38,16.0,1,minecraft villagers
4496,Boundless,2013,7+,37/100,0,0,1,0,tv_show,reality television,United States,English,7.6/10,tt0092400,37,7.0,1,boundless
4497,Kids React,2010,16+,37/100,0,0,1,0,tv_show,reality television,United States,English,4.9/10,tt0092400,37,16.0,1,kids react
4498,Screen Two,1985,16+,37/100,0,0,1,0,tv_show,"drama television series, anthology series",United Kingdom,English,6.6,tt0297626,37,16.0,1,screen two
4499,The Vigilantes in Masks,2011,16+,37/100,0,0,1,0,tv_show,wuxia,People's Republic of China,English,10.0,tt3211050,37,16.0,1,the vigilantes in masks
4500,The Bug Diaries,2019,all,37/100,0,0,1,0,tv_show,reality television,United States,English,7.0/10,tt0092400,37,16.0,1,the bug diaries
4501,Wild North,2015,16+,37/100,0,0,1,0,tv_show,reality television,United States,English,7.3/10,tt0092400,37,16.0,1,wild north
4502,Top Gear: Ambitious But Rubbish,2014,16+,37/100,0,0,1,0,tv_show,reality television,United States,English,10.0,tt0092400,37,16.0,1,top gear: ambitious but rubbish
4503,Empires,2000,all,37/100,0,0,1,0,tv_show,reality television,United States,English,10.0,tt0092400,37,16.0,1,empires
4504,The Snowy Day,2016,all,37/100,0,0,1,0,tv_show,reality television,United States,English,7.5/10,tt0092400,37,16.0,1,the snowy day
4505,Hackers of CypherCon,2018,16+,37/100,0,0,1,0,tv_show,reality television,United States,English,8.6/10,tt0092400,37,16.0,1,hackers of cyphercon
4506,Snog Marry Avoid?,2008,16+,37/100,0,0,1,0,tv_show,reality television,Netherlands,English,5.4,tt1270230,37,16.0,1,snog marry avoid?
4507,Wishenpoof!,2015,all,37/100,0,0,1,0,tv_show,reality television,United States,English,5.0/10,tt0092400,37,16.0,1,wishenpoof!
4508,Tokyo Vampire Hotel,2018,16+,37/100,0,0,1,0,tv_show,reality television,United States,English,6.1/10,tt0092400,37,16.0,1,tokyo vampire hotel
4509,Hot Girl,2016,16+,37/100,0,0,1,0,tv_show,reality television,People's Republic of China,Chinese,7.0/10,tt0092400,37,16.0,1,hot girl
4510,Wheel Sharks,2013,16+,37/100,0,0,1,0,tv_show,reality television,United States,English,10.0,tt0092400,37,16.0,1,wheel sharks
4511,Legends of Power with Tony Robinson,2003,16+,37/100,0,0,1,0,tv_show,reality television,United States,English,10.0,tt0092400,37,16.0,1,legends of power with tony robinson
4512,DNA Detectives,2011,16+,37/100,0,0,1,0,tv_show,reality television,United States,English,10.0,tt0092400,37,16.0,1,dna detectives
4513,Underground: La Historia del Reggeaton,2020,16+,37/100,0,0,1,0,tv_show,reality television,United States,English,10.0,tt0092400,37,16.0,1,underground: la historia del reggeaton
4514,Luxury Life,2016,16+,37/100,0,0,1,0,tv_show,reality television,United States,English,10.0,tt0092400,37,16.0,1,luxury life
4515,Great Family Adventures,2011,16+,37/100,0,0,1,0,tv_show,reality television,United States,English,10.0,tt0092400,37,16.0,1,great family adventures
4516,Pet Moms,2018,16+,37/100,0,0,1,0,tv_show,reality television,United States,English,10.0,tt0092400,37,16.0,1,pet moms
4517,Perfect Couple,2014,16+,37/100,0,0,1,0,tv_show,reality television,People's Republic of China,English,10.0,tt5662664,37,16.0,1,perfect couple
4518,The Other F Word,2017,16+,37/100,0,0,1,0,tv_show,reality television,United States,English,7.8/10,tt0092400,37,16.0,1,the other f word
4519,World War II The Last Heroes,2011,16+,37/100,0,0,1,0,tv_show,reality television,United States,English,8.5/10,tt0092400,37,16.0,1,world war ii the last heroes
4520,Stacey David's GearZ,2010,all,37/100,0,0,1,0,tv_show,reality television,United States,English,8.8/10,tt0092400,37,16.0,1,stacey david's gearz
4521,Battlefield Recovery,2016,16+,37/100,0,0,1,0,tv_show,reality television,United States,English,6.5/10,tt0092400,37,16.0,1,battlefield recovery
4522,LEGO City,2011,all,37/100,0,0,1,0,tv_show,reality television,United States,English,5.4/10,tt0092400,37,16.0,1,lego city
4523,Creative Galaxy,2013,all,37/100,0,0,1,0,tv_show,reality television,United States,English,5.0/10,tt0092400,37,16.0,1,creative galaxy
4524,Life on Fire,2010,16+,37/100,0,0,1,0,tv_show,television documentary,"France, United States",English,8.4/10,tt0092400,37,16.0,1,life on fire
4525,Prime Rewind: Inside the Boys,2020,18+,37/100,0,0,1,0,tv_show,reality television,United States,English,5.6/10,tt0092400,37,18.0,1,prime rewind: inside the boys
4526,Austin Stevens - Adventures,2009,16+,37/100,0,0,1,0,tv_show,reality television,United States,English,8.1/10,tt0092400,37,16.0,1,austin stevens - adventures
4527,Bulge Bracket,2020,16+,37/100,0,0,1,0,tv_show,reality television,United States,English,5.2/10,tt0092400,37,16.0,1,bulge bracket
4528,If You Give a Mouse a Cookie,2015,7+,37/100,0,0,1,0,tv_show,reality television,United States,English,6.4/10,tt0092400,37,7.0,1,if you give a mouse a cookie
4529,Faster with Finnegan,2020,16+,37/100,0,0,1,0,tv_show,reality television,United States,English,10.0,tt0092400,37,16.0,1,faster with finnegan
4530,Chillers,1990,16+,36/100,0,0,1,0,tv_show,reality television,United States,English,1.0,tt0098889,36,16.0,1,chillers
4531,Nature's Power Revealed,2011,16+,36/100,0,0,1,0,tv_show,reality television,United States,English,9.0/10,tt0092400,36,16.0,1,nature's power revealed
4532,Ground Warfare,2010,16+,36/100,0,0,1,0,tv_show,reality television,United States,English,10.0,tt0092400,36,16.0,1,ground warfare
4533,Billion Dollar Wreck,2016,7+,36/100,0,0,1,0,tv_show,reality television,United States,English,1.0,tt5533788,36,7.0,1,billion dollar wreck
4534,Disasters of the Century,2004,7+,36/100,0,0,1,0,tv_show,documentary film,United States,English,5.0,tt1924759,36,7.0,1,disasters of the century
4535,Dino the Dinosaur,2016,all,36/100,0,0,1,0,tv_show,reality television,United States,English,7.1/10,tt0092400,36,16.0,1,dino the dinosaur
4536,Sangre Negra,2017,16+,36/100,0,0,1,0,tv_show,reality television,United States,English,8.5/10,tt0092400,36,16.0,1,sangre negra
4537,Tainted Dreams,2017,16+,36/100,0,0,1,0,tv_show,LGBT-related television series,United States,English,7.7,tt3161744,36,16.0,1,tainted dreams
4538,A Craftsman’s Legacy,2014,all,36/100,0,0,1,0,tv_show,reality television,United States,English,10.0,tt4958538,36,16.0,1,a craftsman’s legacy
4539,Lidia's Kitchen,2013,all,36/100,0,0,1,0,tv_show,reality television,United States,English,7.9/10,tt0092400,36,16.0,1,lidia's kitchen
4540,Noveltoon,1943,7+,36/100,0,0,1,0,tv_show,reality television,United States,English,10.0,tt0092400,36,7.0,1,noveltoon
4541,Color Crew,2015,all,36/100,0,0,1,0,tv_show,reality television,United States,English,5.5/10,tt0092400,36,16.0,1,color crew
4542,Nikola Tesla and the End of the World,2015,16+,36/100,0,0,1,0,tv_show,reality television,United States,English,4.9/10,tt0092400,36,16.0,1,nikola tesla and the end of the world
4543,Life in the Carolinas,2008,16+,36/100,0,0,1,0,tv_show,reality television,United States,English,8.0/10,tt0092400,36,16.0,1,life in the carolinas
4544,FBI Takedowns,2015,7+,36/100,0,0,1,0,tv_show,reality television,United States,English,8.0/10,tt0092400,36,7.0,1,fbi takedowns
4545,Bad Ink,2013,16+,36/100,0,0,1,0,tv_show,reality television,United States,English,1.0,tt3116986,36,16.0,1,bad ink
4546,Ilana Glazer: The Planet Is Burning,2020,16+,36/100,0,0,1,0,tv_show,reality television,United States,English,3.9/10,tt0092400,36,16.0,1,ilana glazer: the planet is burning
4547,Diagnosis: Unknown,2002,16+,36/100,0,0,1,0,tv_show,drama television series,United States,English,5.7,tt0053498,36,16.0,1,diagnosis: unknown
4548,Build a New Life In the Country,2005,16+,36/100,0,0,1,0,tv_show,reality television,United States,English,7.9/10,tt0092400,36,16.0,1,build a new life in the country
4549,Christmas Through the Decades,2015,16+,36/100,0,0,1,0,tv_show,reality television,United States,English,8.2/10,tt0092400,36,16.0,1,christmas through the decades
4550,Private Sales,2016,16+,36/100,0,0,1,0,tv_show,reality television,United States,English,5.7/10,tt0092400,36,16.0,1,private sales
4551,부릉! 부릉! 브루미즈,2012,16+,36/100,0,0,1,0,tv_show,reality television,United States,English,4.6/10,tt0092400,36,16.0,1,부릉! 부릉! 브루미즈
4552,The Curse of King Tut's Tomb,2006,16+,36/100,0,0,1,0,tv_show,reality television,United States,English,4.4/10,tt0092400,36,16.0,1,the curse of king tut's tomb
4553,Eat. Race. Win.,2018,16+,36/100,0,0,1,0,tv_show,reality television,United States,English,7.1/10,tt0092400,36,16.0,1,eat. race. win.
4554,Nurses Who Kill,2016,16+,36/100,0,0,1,0,tv_show,television documentary,United Kingdom,English,2.0,tt6264964,36,16.0,1,nurses who kill
4555,Trail of Tears,1999,all,36/100,0,0,1,0,tv_show,reality television,United States,English,8.2/10,tt0092400,36,16.0,1,trail of tears
4556,Fight Night: White Collar Boxing,2005,16+,36/100,0,0,1,0,tv_show,reality television,United States,English,10.0,tt0092400,36,16.0,1,fight night: white collar boxing
4557,Constitution USA with Peter Sagal,2013,16+,36/100,0,0,1,0,tv_show,reality television,United States,English,10.0,tt0092400,36,16.0,1,constitution usa with peter sagal
4558,Kung Food,2011,16+,36/100,0,0,1,0,tv_show,reality television,United States,English,10.0,tt0092400,36,16.0,1,kung food
4559,Get the Fork Out,2018,16+,36/100,0,0,1,0,tv_show,reality television,United States,English,10.0,tt0092400,36,16.0,1,get the fork out
4560,Hidden Europe,2002,16+,36/100,0,0,1,0,tv_show,reality television,United States,English,10.0,tt0092400,36,16.0,1,hidden europe
4561,Happy Marriage!?,2016,16+,36/100,0,0,1,0,tv_show,reality television,United States,English,6.4/10,tt0092400,36,16.0,1,happy marriage!?
4562,Grand Tours of Scotland's Lochs,2017,16+,36/100,0,0,1,0,tv_show,reality television,United States,English,8.4/10,tt0092400,36,16.0,1,grand tours of scotland's lochs
4563,WWII in the Pacific,2015,7+,36/100,0,0,1,0,tv_show,reality television,United States,English,10.0,tt0092400,36,7.0,1,wwii in the pacific
4564,"Glenn Martin, DDS",2009,16+,36/100,0,0,1,0,tv_show,reality television,United States,English,4.2/10,tt0092400,36,16.0,1,"glenn martin, dds"
4565,Zack Morris is Trash,2017,16+,36/100,0,0,1,0,tv_show,reality television,United States,English,7.4/10,tt0092400,36,16.0,1,zack morris is trash
4566,The Kacey Musgraves Christmas Show,2019,16+,36/100,0,0,1,0,tv_show,reality television,United States,English,4.0,tt11225428,36,16.0,1,the kacey musgraves christmas show
4567,Thelma's Gypsy Girls,2012,16+,36/100,0,0,1,0,tv_show,reality television,United States,English,6.6/10,tt0092400,36,16.0,1,thelma's gypsy girls
4568,I Am Innocent,2015,18+,36/100,0,0,1,0,tv_show,reality television,United States,English,7.3/10,tt0092400,36,18.0,1,i am innocent
4569,Baby Talk,1991,all,36/100,0,0,1,0,tv_show,reality television,United States,English,4.1/10,tt0092400,36,16.0,1,baby talk
4570,"Rich Bride, Poor Bride",2006,all,36/100,0,0,1,0,tv_show,reality television,United States,English,6.2/10,tt0092400,36,16.0,1,"rich bride, poor bride"
4571,Delayed Gratification Series,2017,16+,36/100,0,0,1,0,tv_show,reality television,United States,English,8.7/10,tt0092400,36,16.0,1,delayed gratification series
4572,Betsy's Kindergarten Adventures,2008,all,36/100,0,0,1,0,tv_show,animation,United States,American English,7.0,tt0458250,36,16.0,1,betsy's kindergarten adventures
4573,Long Haired Businessmen,2013,16+,35/100,0,0,1,0,tv_show,reality television,United States,English,8.5/10,tt0092400,35,16.0,1,long haired businessmen
4574,Cut the Rope - Om Nom Stories,2012,all,35/100,0,0,1,0,tv_show,reality television,United States,English,6.0/10,tt0092400,35,16.0,1,cut the rope - om nom stories
4575,Drovers' Gold,1997,16+,35/100,0,0,1,0,tv_show,reality television,United States,English,9.0,tt0118305,35,16.0,1,drovers' gold
4576,Dance Moms: Miami,2012,16+,35/100,0,0,1,0,tv_show,reality television,United States,English,3.4,tt2190731,35,16.0,1,dance moms: miami
4577,Crackanory,2013,16+,35/100,0,0,1,0,tv_show,reality television,United Kingdom,English,8.0,tt3328268,35,16.0,1,crackanory
4578,Mary Portas: Secret Shopper,2011,16+,35/100,0,0,1,0,tv_show,reality television,United Kingdom,English,8.0,tt1823963,35,16.0,1,mary portas: secret shopper
4579,Knock Knock Ghost,2015,13+,35/100,0,0,1,0,tv_show,reality television,Canada,English,10.0,tt5124168,35,13.0,1,knock knock ghost
4581,Mobile,2007,16+,35/100,0,0,1,0,tv_show,reality television,United States,English,7.5/10,tt0092400,35,16.0,1,mobile
4582,Killer Wave,2007,16+,35/100,0,0,1,0,tv_show,reality television,United States,English,4.3/10,tt0092400,35,16.0,1,killer wave
4583,Edward and Mary: The Unknown Tudors,2002,16+,35/100,0,0,1,0,tv_show,reality television,United States,English,7.4/10,tt0092400,35,16.0,1,edward and mary: the unknown tudors
4584,Big Easy Motors,2016,7+,35/100,0,0,1,0,tv_show,reality television,United States,English,3.0,tt5734342,35,7.0,1,big easy motors
4585,Vanity,2015,16+,35/100,0,0,1,0,tv_show,reality television,United States,English,7.1/10,tt0092400,35,16.0,1,vanity
4586,The R.I.P. Files,2012,16+,35/100,0,0,1,0,tv_show,reality television,United States,English,7.1/10,tt0092400,35,16.0,1,the r.i.p. files
4587,Shark Gordon,2000,16+,35/100,0,0,1,0,tv_show,reality television,United States,English,8.9/10,tt0092400,35,16.0,1,shark gordon
4588,Dangerous Encounters,2005,all,35/100,0,0,1,0,tv_show,reality television,United States,English,1.0,tt0924555,35,16.0,1,dangerous encounters
4589,Foxy Ladies,2016,16+,35/100,0,0,1,0,tv_show,reality television,United States,English,6.1/10,tt0092400,35,16.0,1,foxy ladies
4590,Puppy in My Pocket,2010,16+,35/100,0,0,1,0,tv_show,reality television,United States,English,4.5/10,tt0092400,35,16.0,1,puppy in my pocket
4591,The Pickwick Papers,1985,16+,35/100,0,0,1,0,tv_show,"drama television series, television series based on a novel",United Kingdom,English,10.0,tt0278228,35,16.0,1,the pickwick papers
4593,Fukuyadou Honpo: Kyoto Love Story,2016,16+,35/100,0,0,1,0,tv_show,reality television,United States,English,6.8/10,tt0092400,35,16.0,1,fukuyadou honpo: kyoto love story
4594,The Crimean War,2018,16+,35/100,0,0,1,0,tv_show,reality television,United States,English,7.7/10,tt0092400,35,16.0,1,the crimean war
4595,Stories of Saints for Kids,2016,16+,35/100,0,0,1,0,tv_show,reality television,United States,English,10.0,tt0092400,35,16.0,1,stories of saints for kids
4596,Zoo Babies,2009,16+,35/100,0,0,1,0,tv_show,reality television,United States,English,10.0,tt0092400,35,16.0,1,zoo babies
4597,Episode #6.9,1990,16+,35/100,0,0,1,0,tv_show,reality television,United States,English,10.0,tt0092400,35,16.0,1,episode #6.9
4598,Cowboy Country: The American Cowboy,2000,16+,35/100,0,0,1,0,tv_show,reality television,United States,English,10.0,tt0092400,35,16.0,1,cowboy country: the american cowboy
4599,Cooking at the Academy,1991,16+,35/100,0,0,1,0,tv_show,reality television,United States,English,10.0,tt0092400,35,16.0,1,cooking at the academy
4600,Islam and the West,2011,all,35/100,0,0,1,0,tv_show,reality television,United States,English,10.0,tt0092400,35,16.0,1,islam and the west
4601,Beat the Clock,1979,16+,35/100,0,0,1,0,tv_show,reality television,United States,English,10.0,tt0042080,35,16.0,1,beat the clock
4602,Enchantimals: Tales from Everwilde,2018,all,35/100,0,0,1,0,tv_show,reality television,United States,English,6.6/10,tt0092400,35,16.0,1,enchantimals: tales from everwilde
4603,Queen Victoria's Letters: A Monarch Unveiled,2014,16+,35/100,0,0,1,0,tv_show,reality television,United States,English,8.1/10,tt0092400,35,16.0,1,queen victoria's letters: a monarch unveiled
4604,Kremen. Osvobozhdenie,2013,16+,35/100,0,0,1,0,tv_show,reality television,United States,English,5.8/10,tt0092400,35,16.0,1,kremen. osvobozhdenie
4605,Wipeout (AU),2009,16+,35/100,0,0,1,0,tv_show,reality television,United States,English,6.1/10,tt0092400,35,16.0,1,wipeout (au)
4606,Kemurikusa,2019,all,35/100,0,0,1,0,tv_show,reality television,United States,English,7.1/10,tt0092400,35,16.0,1,kemurikusa
4607,Travel With Kids,2011,all,35/100,0,0,1,0,tv_show,reality television,United States,English,6.2/10,tt0092400,35,16.0,1,travel with kids
4608,I killed my BFF,2012,16+,35/100,0,0,1,0,tv_show,reality television,United States,English,7.0/10,tt0092400,35,16.0,1,i killed my bff
4609,Xploration DIY Sci,2016,all,34/100,0,0,1,0,tv_show,reality television,United States,English,7.0,tt6056924,34,16.0,1,xploration diy sci
4610,Rome,2012,16+,34/100,0,0,1,0,tv_show,reality television,United States,English,5.6/10,tt0092400,34,16.0,1,rome
4611,Engineering Giants,2012,16+,34/100,0,0,1,0,tv_show,reality television,United States,English,8.5/10,tt0092400,34,16.0,1,engineering giants
4612,Ladylike,2016,16+,34/100,0,0,1,0,tv_show,reality television,United States,English,6.1/10,tt0092400,34,16.0,1,ladylike
4613,Inside the Tube: Going Underground,2017,16+,34/100,0,0,1,0,tv_show,reality television,United States,English,8.2/10,tt0092400,34,16.0,1,inside the tube: going underground
4614,Beyond,2005,16+,34/100,0,0,1,0,tv_show,reality television,United States,English,7.0/10,tt0092400,34,16.0,1,beyond
4615,Interpol Investigates,2004,16+,34/100,0,0,1,0,tv_show,reality television,United States,English,7.2,tt0426722,34,16.0,1,interpol investigates
4616,Hotel GB,2012,16+,34/100,0,0,1,0,tv_show,reality television,United Kingdom,English,6.1/10,tt0092400,34,16.0,1,hotel gb
4617,Owlegories,2016,16+,34/100,0,0,1,0,tv_show,reality television,United States,English,8.5/10,tt0092400,34,16.0,1,owlegories
4618,Teletubbies: Nursery Rhymes,2017,16+,34/100,0,0,1,0,tv_show,reality television,United States,English,5.2/10,tt0092400,34,16.0,1,teletubbies: nursery rhymes
4619,Big Shrimpin',2011,16+,34/100,0,0,1,0,tv_show,reality television,United States,English,6.0,tt2114586,34,16.0,1,big shrimpin'
4620,Bordertown: Laredo,2011,16+,34/100,0,0,1,0,tv_show,reality television,United States,English,6.9/10,tt0092400,34,16.0,1,bordertown: laredo
4622,Design Squad,2007,all,34/100,0,0,1,0,tv_show,reality television,United States,English,8.4,tt1039872,34,16.0,1,design squad
4623,Elders React,2012,16+,34/100,0,0,1,0,tv_show,reality television,United States,English,5.8/10,tt0092400,34,16.0,1,elders react
4624,The Bumble Nums,2017,all,34/100,0,0,1,0,tv_show,reality television,United States,English,7.2/10,tt0092400,34,16.0,1,the bumble nums
4625,Qumi-Qumi,2012,16+,34/100,0,0,1,0,tv_show,reality television,United States,English,7.9/10,tt0092400,34,16.0,1,qumi-qumi
4626,Inside Jokes,2018,16+,34/100,0,0,1,0,tv_show,reality television,United States,English,7.3/10,tt0092400,34,16.0,1,inside jokes
4627,Plane Resurrection,2016,16+,34/100,0,0,1,0,tv_show,reality television,United States,English,7.3/10,tt0092400,34,16.0,1,plane resurrection
4628,Sketch,2018,16+,34/100,0,0,1,0,tv_show,reality television,United States,English,10.0,tt0092400,34,16.0,1,sketch
4629,Fanny by Gaslight,1981,18+,34/100,0,0,1,0,tv_show,reality television,United Kingdom,English,5.0,tt0327282,34,18.0,1,fanny by gaslight
4630,72 Hours,2013,16+,34/100,0,0,1,0,tv_show,reality television,United States,English,6.0,tt2525840,34,16.0,1,72 hours
4631,Cam & Leon,2017,16+,34/100,0,0,1,0,tv_show,reality television,United States,English,6.7/10,tt0092400,34,16.0,1,cam & leon
4632,Ghost Dimension,2016,7+,34/100,0,0,1,0,tv_show,reality television,United States,English,6.0/10,tt0092400,34,7.0,1,ghost dimension
4633,The Hunt,2014,16+,34/100,0,0,1,0,tv_show,reality television,United States,English,6.5/10,tt0092400,34,16.0,1,the hunt
4634,Wild About Animals,1995,16+,34/100,0,0,1,0,tv_show,documentary film,United States,English,7.4,tt0257330,34,16.0,1,wild about animals
4635,Catherine the Great,2015,16+,34/100,0,0,1,0,tv_show,"historical film, drama film",Russia,Russian,8.0,tt4231140,34,16.0,1,catherine the great
4636,Bookaboo,2016,all,34/100,0,0,1,0,tv_show,reality television,United Kingdom,English,10.0,tt1371652,34,16.0,1,bookaboo
4637,For the Love of Ray J,2009,16+,34/100,0,0,1,0,tv_show,reality television,United States,English,3.2/10,tt0092400,34,16.0,1,for the love of ray j
4638,Jessy & Nessy,2020,all,33/100,0,0,1,0,tv_show,reality television,United States,English,8.0/10,tt0092400,33,16.0,1,jessy & nessy
4639,Kids on the Edge,2016,16+,33/100,0,0,1,0,tv_show,reality television,United States,English,7.6/10,tt0092400,33,16.0,1,kids on the edge
4640,Double Your House for Half the Money,2012,16+,33/100,0,0,1,0,tv_show,reality television,United States,English,6.9/10,tt0092400,33,16.0,1,double your house for half the money
4641,Bump!,2005,16+,33/100,0,0,1,0,tv_show,LGBT-related television series,Canada,English,4.0,tt0765489,33,16.0,1,bump!
4642,"Frauen, die Geschichte machten",2013,16+,33/100,0,0,1,0,tv_show,documentary,Germany,German,7.2,tt3333802,33,16.0,1,"frauen, die geschichte machten"
4643,First Civilizations,2018,16+,33/100,0,0,1,0,tv_show,reality television,United States,English,6.8/10,tt0092400,33,16.0,1,first civilizations
4644,Wir Geiseln der SS,2015,7+,33/100,0,0,1,0,tv_show,reality television,United States,English,7.3/10,tt0092400,33,7.0,1,wir geiseln der ss
4645,Mopar or No Car,2007,16+,33/100,0,0,1,0,tv_show,reality television,United States,English,10.0,tt0092400,33,16.0,1,mopar or no car
4646,The Surgeons,2003,16+,33/100,0,0,1,0,tv_show,reality television,People's Republic of China,English,9.0,tt6810962,33,16.0,1,the surgeons
4647,Talking Tom Shorts,2014,16+,33/100,0,0,1,0,tv_show,reality television,United States,English,10.0,tt0092400,33,16.0,1,talking tom shorts
4648,Fresh Tracks,2016,16+,33/100,0,0,1,0,tv_show,reality television,United States,English,8.8/10,tt0092400,33,16.0,1,fresh tracks
4649,Flipping Boston,2012,16+,33/100,0,0,1,0,tv_show,reality television,United States,English,6.9/10,tt0092400,33,16.0,1,flipping boston
4650,American Treasures,2010,16+,33/100,0,0,1,0,tv_show,reality television,United States,English,6.5,tt1844862,33,16.0,1,american treasures
4651,Mr Swimmer,2018,16+,33/100,0,0,1,0,tv_show,reality television,United States,English,7.4/10,tt0092400,33,16.0,1,mr swimmer
4652,Flying Through Time,2004,all,33/100,0,0,1,0,tv_show,reality television,United States,English,10.0,tt0092400,33,16.0,1,flying through time
4653,Looped,2016,all,33/100,0,0,1,0,tv_show,reality television,United States,English,5.8/10,tt0092400,33,16.0,1,looped
4654,PowerNation: Engine Power,2014,all,33/100,0,0,1,0,tv_show,reality television,United States,English,7.7/10,tt0092400,33,16.0,1,powernation: engine power
4655,Pompidou,2015,16+,33/100,0,0,1,0,tv_show,comedy television series,United Kingdom,English,2.0,tt2811472,33,16.0,1,pompidou
4656,Immortalized,2013,16+,33/100,0,0,1,0,tv_show,reality television,United States,English,4.4/10,tt0092400,33,16.0,1,immortalized
4657,Hope and Wire,2014,16+,33/100,0,0,1,0,tv_show,reality television,United States,English,6.2/10,tt0092400,33,16.0,1,hope and wire
4658,Brandi and Jarrod: Married to the Job,2014,7+,33/100,0,0,1,0,tv_show,reality television,United States,English,4.2/10,tt0092400,33,7.0,1,brandi and jarrod: married to the job
4659,Anna's Wild Life,2011,all,33/100,0,0,1,0,tv_show,reality television,United States,English,8.4/10,tt0092400,33,16.0,1,anna's wild life
4660,New York Confidential,2017,16+,33/100,0,0,1,0,tv_show,drama television series,United States,English,4.9,tt0052496,33,16.0,1,new york confidential
4661,Handy Bean,2018,16+,33/100,0,0,1,0,tv_show,reality television,United States,English,6.8/10,tt0092400,33,16.0,1,handy bean
4662,Mix Master,2011,16+,33/100,0,0,1,0,tv_show,reality television,United States,English,7.9/10,tt0092400,33,16.0,1,mix master
4663,SciGirls,2010,all,33/100,0,0,1,0,tv_show,"educational television, live action/animated television series",United States,English,7.5/10,tt0092400,33,16.0,1,scigirls
4664,Today's Homeowner with Danny Lipford,1998,all,32/100,0,0,1,0,tv_show,reality television,United States,English,8.9/10,tt0092400,32,16.0,1,today's homeowner with danny lipford
4665,Gangster Empire: Rise of the Mob,2013,16+,32/100,0,0,1,0,tv_show,crime film,United States,English,3.0,tt2884504,32,16.0,1,gangster empire: rise of the mob
4666,A Path Appears,2016,16+,32/100,0,0,1,0,tv_show,reality television,United States,English,7.6/10,tt0092400,32,16.0,1,a path appears
4667,Strictly Ballet,2014,16+,32/100,0,0,1,0,tv_show,reality television,United States,English,6.5/10,tt0092400,32,16.0,1,strictly ballet
4668,Beyond the Tattoo,2017,16+,32/100,0,0,1,0,tv_show,reality television,United States,English,6.7/10,tt0092400,32,16.0,1,beyond the tattoo
4669,The Suspects: True Australian Thrillers,2010,16+,32/100,0,0,1,0,tv_show,reality television,United States,English,7.9/10,tt0092400,32,16.0,1,the suspects: true australian thrillers
4670,UQ Holder!,2017,16+,32/100,0,0,1,0,tv_show,reality television,United States,English,10.0,tt0092400,32,16.0,1,uq holder!
4671,Deals from the Dark Side,2011,16+,32/100,0,0,1,0,tv_show,reality television,United States,English,6.5/10,tt0092400,32,16.0,1,deals from the dark side
4672,Conversations in L.A.,2017,16+,32/100,0,0,1,0,tv_show,reality television,United States,English,6.7/10,tt0092400,32,16.0,1,conversations in l.a.
4673,Making It in Music City,2017,16+,32/100,0,0,1,0,tv_show,reality television,United States,English,7.3/10,tt0092400,32,16.0,1,making it in music city
4675,Infidelity,2015,16+,32/100,0,0,1,0,tv_show,reality television,United States,English,6.4/10,tt0092400,32,16.0,1,infidelity
4676,Stalkers Who Kill,2016,16+,32/100,0,0,1,0,tv_show,docudrama,United States,English,1.0,tt6963502,32,16.0,1,stalkers who kill
4677,Shelldon,2009,all,32/100,0,0,1,0,tv_show,reality television,"United States, Singapore, Thailand",English,6.7,tt1333922,32,16.0,1,shelldon
4678,Thurston,2011,16+,32/100,0,0,1,0,tv_show,reality television,United States,English,6.3/10,tt0092400,32,16.0,1,thurston
4679,Crime Inc,2010,16+,32/100,0,0,1,0,tv_show,television documentary,United Kingdom,English,8.0,tt0938980,32,16.0,1,crime inc
4680,The Irish Mob,2016,16+,32/100,0,0,1,0,tv_show,reality television,United States,English,7.5/10,tt0092400,32,16.0,1,the irish mob
4681,Buried Secrets,2005,16+,32/100,0,0,1,0,tv_show,reality television,United States,English,7.4/10,tt0092400,32,16.0,1,buried secrets
4682,Wendy,2013,7+,32/100,0,0,1,0,tv_show,reality television,United States,English,5.9/10,tt0092400,32,7.0,1,wendy
4683,Worth It: Lifestyle,2017,16+,32/100,0,0,1,0,tv_show,reality television,United States,English,7.6/10,tt0092400,32,16.0,1,worth it: lifestyle
4684,Troy the Train of Car City,2016,16+,32/100,0,0,1,0,tv_show,reality television,United States,English,7.5/10,tt0092400,32,16.0,1,troy the train of car city
4685,The Underdogs,2010,all,32/100,0,0,1,0,tv_show,reality television,United States,English,8.3/10,tt0092400,32,16.0,1,the underdogs
4686,Discovering the World,2019,16+,32/100,0,0,1,0,tv_show,reality television,United States,English,6.7/10,tt0092400,32,16.0,1,discovering the world
4687,Hitler's Propaganda Machine,2017,16+,31/100,0,0,1,0,tv_show,reality television,United States,English,8.0/10,tt0092400,31,16.0,1,hitler's propaganda machine
4688,A Desert Between Us and Them,2013,16+,31/100,0,0,1,0,tv_show,reality television,United States,English,7.5/10,tt0092400,31,16.0,1,a desert between us and them
4689,Ancient Warriors,1994,16+,31/100,0,0,1,0,tv_show,documentary film,United States,English,6.2/10,tt0092400,31,16.0,1,ancient warriors
4690,The Presidents: From Politics to Power,2014,16+,31/100,0,0,1,0,tv_show,reality television,United States,English,6.4/10,tt0092400,31,16.0,1,the presidents: from politics to power
4691,Napoleon Hill's Master Key,1993,16+,31/100,0,0,1,0,tv_show,reality television,United States,English,6.8/10,tt0092400,31,16.0,1,napoleon hill's master key
4692,Outsmarted,2017,16+,31/100,0,0,1,0,tv_show,reality television,United States,English,7.7/10,tt0092400,31,16.0,1,outsmarted
4693,WellieWishers,2016,16+,31/100,0,0,1,0,tv_show,reality television,United States,English,7.0/10,tt0092400,31,16.0,1,welliewishers
4694,Monster Hunters,2002,16+,31/100,0,0,1,0,tv_show,reality television,United States,English,4.7/10,tt0092400,31,16.0,1,monster hunters
4695,Steps to the Future,2010,16+,31/100,0,0,1,0,tv_show,reality television,United States,English,10.0,tt0092400,31,16.0,1,steps to the future
4696,edebits,2000,all,31/100,0,0,1,0,tv_show,reality television,United States,English,10.0,tt0092400,31,16.0,1,edebits
4697,Hey Qween,2018,16+,31/100,0,0,1,0,tv_show,reality television,United States,English,6.0/10,tt0092400,31,16.0,1,hey qween
4698,The Amazing Gayl Pile,2015,16+,31/100,0,0,1,0,tv_show,reality television,United States,English,4.6/10,tt0092400,31,16.0,1,the amazing gayl pile
4699,Voyage of the Continents,2012,16+,31/100,0,0,1,0,tv_show,"historical film, documentary film",France,English,3.0,tt3696480,31,16.0,1,voyage of the continents
4701,Serial Swindlers,2018,16+,31/100,0,0,1,0,tv_show,reality television,United States,English,7.2/10,tt0092400,31,16.0,1,serial swindlers
4702,Love It or Lose It,2004,16+,31/100,0,0,1,0,tv_show,reality television,United States,English,6.1/10,tt0092400,31,16.0,1,love it or lose it
4703,Wrench Wars,2017,16+,31/100,0,0,1,0,tv_show,reality television,United States,English,5.7/10,tt0092400,31,16.0,1,wrench wars
4704,Hollywood Couples,2006,16+,31/100,0,0,1,0,tv_show,reality television,United States,English,7.2/10,tt0092400,31,16.0,1,hollywood couples
4705,DoongDoong,2020,16+,31/100,0,0,1,0,tv_show,reality television,United States,English,6.8/10,tt0092400,31,16.0,1,doongdoong
4706,Gordon the Garden Gnome,2005,all,31/100,0,0,1,0,tv_show,reality television,United Kingdom,English,8.0,tt0455255,31,16.0,1,gordon the garden gnome
4707,The Weather Files,2018,16+,31/100,0,0,1,0,tv_show,reality television,United States,English,7.6/10,tt0092400,31,16.0,1,the weather files
4708,Superships,2001,all,31/100,0,0,1,0,tv_show,reality television,United States,English,7.6/10,tt0092400,31,16.0,1,superships
4709,Grand Star,2007,16+,31/100,0,0,1,0,tv_show,"science fiction television program, post-apocalyptic television series",Canada,French,7.0,tt0830161,31,16.0,1,grand star
4710,Vatican Miracle Examiner,2017,16+,30/100,0,0,1,0,tv_show,reality television,United States,English,6.5/10,tt0092400,30,16.0,1,vatican miracle examiner
4711,The Source Series,2014,16+,30/100,0,0,1,0,tv_show,reality television,United States,English,7.3/10,tt0092400,30,16.0,1,the source series
4712,The Really Big Flip,2017,16+,30/100,0,0,1,0,tv_show,reality television,United States,English,6.3/10,tt0092400,30,16.0,1,the really big flip
4713,The Urban Vegetarian,2017,16+,30/100,0,0,1,0,tv_show,reality television,United States,English,5.5/10,tt0092400,30,16.0,1,the urban vegetarian
4714,War in the Pacific,2017,16+,30/100,0,0,1,0,tv_show,reality television,United States,English,5.9/10,tt0092400,30,16.0,1,war in the pacific
4715,Iconic Characters,2018,16+,30/100,0,0,1,0,tv_show,reality television,United States,English,6.8/10,tt0092400,30,16.0,1,iconic characters
4716,The World's Funniest Moments,2008,16+,30/100,0,0,1,0,tv_show,reality television,United States,English,2.9/10,tt0092400,30,16.0,1,the world's funniest moments
4717,Museum Diaries,2014,16+,30/100,0,0,1,0,tv_show,reality television,United States,English,6.2/10,tt0092400,30,16.0,1,museum diaries
4718,Critical Rescue,2003,16+,30/100,0,0,1,0,tv_show,reality television,United States,English,6.3,tt0358809,30,16.0,1,critical rescue
4719,Vinnie Jones' Toughest Cops,2009,16+,30/100,0,0,1,0,tv_show,reality television,United States,English,7.1/10,tt0092400,30,16.0,1,vinnie jones' toughest cops
4720,St. Bears Doll's Hospital,1998,16+,30/100,0,0,1,0,tv_show,children's television series,"Canada, Australia, United States",English,6.6,tt2647766,30,16.0,1,st. bears doll's hospital
4721,Millenniums,2018,16+,30/100,0,0,1,0,tv_show,reality television,United States,English,6.2/10,tt0092400,30,16.0,1,millenniums
4722,Counting with Paula,2015,16+,30/100,0,0,1,0,tv_show,reality television,United States,English,6.1/10,tt0092400,30,16.0,1,counting with paula
4723,Very Superstitious with George Lopez,2018,16+,30/100,0,0,1,0,tv_show,reality television,United States,English,6.7/10,tt0092400,30,16.0,1,very superstitious with george lopez
4724,Fashion News Live,2004,16+,29/100,0,0,1,0,tv_show,reality television,United States,English,6.5/10,tt0092400,29,16.0,1,fashion news live
4725,Ultimate Journeys,2013,16+,29/100,0,0,1,0,tv_show,reality television,United States,English,7.5/10,tt0092400,29,16.0,1,ultimate journeys
4726,A Year to Remember,2011,16+,29/100,0,0,1,0,tv_show,reality television,Netherlands,Dutch,7.1,tt9228562,29,16.0,1,a year to remember
4727,The American Dream Project,2015,16+,29/100,0,0,1,0,tv_show,reality television,United States,English,6.8/10,tt0092400,29,16.0,1,the american dream project
4728,American Daredevils,2013,16+,29/100,0,0,1,0,tv_show,reality television,United States,English,6.2/10,tt0092400,29,16.0,1,american daredevils
4729,Ritual,2017,16+,29/100,0,0,1,0,tv_show,reality television,United States,English,7.7/10,tt0092400,29,16.0,1,ritual
4730,Mission NinetyTwo,2015,16+,29/100,0,0,1,0,tv_show,reality television,United States,English,4.6/10,tt0092400,29,16.0,1,mission ninetytwo
4731,Boing: The Play Ranger,2015,16+,29/100,0,0,1,0,tv_show,reality television,United States,English,7.3/10,tt0092400,29,16.0,1,boing: the play ranger
4732,Mario Lopez: Saved By the Baby,2010,16+,29/100,0,0,1,0,tv_show,reality television,United States,English,5.5/10,tt0092400,29,16.0,1,mario lopez: saved by the baby
4733,New York Goes to Hollywood,2008,16+,29/100,0,0,1,0,tv_show,reality television,United States,English,4.9,tt1260848,29,16.0,1,new york goes to hollywood
4734,About Him: Freshman Year,2017,16+,29/100,0,0,1,0,tv_show,reality television,United States,English,10.0,tt0092400,29,16.0,1,about him: freshman year
4735,Innovation Nation,2011,16+,29/100,0,0,1,0,tv_show,reality television,United States,English,8.0,tt4086030,29,16.0,1,innovation nation
4736,Hilarious Helmet History,2017,16+,29/100,0,0,1,0,tv_show,reality television,United States,English,6.6/10,tt0092400,29,16.0,1,hilarious helmet history
4737,NOVA Wonders,2018,all,29/100,0,0,1,0,tv_show,reality television,United States,English,7.6/10,tt0092400,29,16.0,1,nova wonders
4738,Dangerous Waters,2013,16+,29/100,0,0,1,0,tv_show,reality television,United States,English,7.0/10,tt0092400,29,16.0,1,dangerous waters
4739,One-Eyed Horse: The Series,2009,16+,29/100,0,0,1,0,tv_show,reality television,United States,English,3.9/10,tt0092400,29,16.0,1,one-eyed horse: the series
4740,Sam's Game,2001,16+,29/100,0,0,1,0,tv_show,reality television,United States,English,6.4,tt1476008,29,16.0,1,sam's game
4741,Anthony Bourdain Explains Everything,1970,16+,29/100,0,0,1,0,tv_show,reality television,United States,English,10.0,tt0092400,29,16.0,1,anthony bourdain explains everything
4742,Carl's Car Wash - Super Simple,2016,16+,29/100,0,0,1,0,tv_show,reality television,United States,English,6.2/10,tt0092400,29,16.0,1,carl's car wash - super simple
4743,Nerve Center,2012,7+,29/100,0,0,1,0,tv_show,reality television,United States,English,6.6/10,tt0092400,29,7.0,1,nerve center
4744,Main courante,2012,16+,29/100,0,0,1,0,tv_show,crime television series,France,English,6.7,tt2359700,29,16.0,1,main courante
4745,Xploration Earth 2050,2014,16+,28/100,0,0,1,0,tv_show,reality television,United States,English,7.7/10,tt0092400,28,16.0,1,xploration earth 2050
4746,MegaWorld,2008,all,28/100,0,0,1,0,tv_show,reality television,United States,English,6.8/10,tt0092400,28,16.0,1,megaworld
4747,Gnarfs,2003,16+,28/100,0,0,1,0,tv_show,reality television,United States,English,6.7,tt1351407,28,16.0,1,gnarfs
4748,Wildlife Quest,2016,16+,28/100,0,0,1,0,tv_show,reality television,United States,English,6.1/10,tt0092400,28,16.0,1,wildlife quest
4750,"The Vietnam War: Before, During, After",2017,16+,28/100,0,0,1,0,tv_show,reality television,United States,English,7.4/10,tt0092400,28,16.0,1,"the vietnam war: before, during, after"
4751,Strange Love,2005,16+,28/100,0,0,1,0,tv_show,reality television,United States,English,2.4/10,tt0092400,28,16.0,1,strange love
4752,Instruments of Death,2012,16+,28/100,0,0,1,0,tv_show,reality television,United States,English,8.0/10,tt0092400,28,16.0,1,instruments of death
4753,Fountain Of Youth,2017,16+,28/100,0,0,1,0,tv_show,reality television,United States,English,5.8/10,tt0092400,28,16.0,1,fountain of youth
4754,Yaya et Zouk,2015,16+,28/100,0,0,1,0,tv_show,reality television,United States,English,4.0/10,tt0092400,28,16.0,1,yaya et zouk
4755,Death Unexplained,2012,16+,28/100,0,0,1,0,tv_show,documentary film,United Kingdom,English,7.4/10,tt0092400,28,16.0,1,death unexplained
4756,Avoiding Apocalypse,2012,16+,27/100,0,0,1,0,tv_show,reality television,United States,English,5.6/10,tt0092400,27,16.0,1,avoiding apocalypse
4757,Could It Be A Miracle,1997,16+,27/100,0,0,1,0,tv_show,reality television,United States,English,7.2/10,tt0092400,27,16.0,1,could it be a miracle
4758,Stable Wars: Del Mar,2014,16+,27/100,0,0,1,0,tv_show,reality television,United States,English,10.0,tt0092400,27,16.0,1,stable wars: del mar
4759,Liquor House Comedy,2017,16+,27/100,0,0,1,0,tv_show,reality television,United States,English,10.0,tt0092400,27,16.0,1,liquor house comedy
4760,MegaSpeed,2014,16+,27/100,0,0,1,0,tv_show,reality television,United States,English,4.4/10,tt0092400,27,16.0,1,megaspeed
4761,ViR: The Robot Boy,2013,16+,27/100,0,0,1,0,tv_show,reality television,India,Hindi,2.8/10,tt0092400,27,16.0,1,vir: the robot boy
4762,JFK - A New World Order,2013,7+,27/100,0,0,1,0,tv_show,reality television,United States,English,7.0/10,tt0092400,27,7.0,1,jfk - a new world order
4763,"#MeToo, Now What?",2018,16+,27/100,0,0,1,0,tv_show,reality television,United States,English,1.0,tt8195496,27,16.0,1,"#metoo, now what?"
4764,Favorite Places,2012,16+,27/100,0,0,1,0,tv_show,reality television,United States,English,2.4/10,tt0092400,27,16.0,1,favorite places
4765,The Hollywood Puppet Show,2017,16+,27/100,0,0,1,0,tv_show,reality television,United States,English,6.2/10,tt0092400,27,16.0,1,the hollywood puppet show
4766,Narco Finance,2015,16+,27/100,0,0,1,0,tv_show,reality television,United States,English,7.8/10,tt0092400,27,16.0,1,narco finance
4767,Treetop Family - Super Simple,2017,16+,27/100,0,0,1,0,tv_show,reality television,United States,English,6.7/10,tt0092400,27,16.0,1,treetop family - super simple
4768,The Lifted Life,2017,16+,26/100,0,0,1,0,tv_show,reality television,United States,English,4.7/10,tt0092400,26,16.0,1,the lifted life
4769,My House of Paranormal,2017,16+,26/100,0,0,1,0,tv_show,reality television,United States,English,4.0/10,tt0092400,26,16.0,1,my house of paranormal
4770,Talking Tom and Friends Minis,2016,all,26/100,0,0,1,0,tv_show,reality television,United States,English,7.6/10,tt0092400,26,16.0,1,talking tom and friends minis
4771,Headliners,2017,16+,26/100,0,0,1,0,tv_show,reality television,United States,English,4.6/10,tt0092400,26,16.0,1,headliners
4772,Star April,2017,16+,26/100,0,0,1,0,tv_show,reality television,United States,English,8.0,tt6950542,26,16.0,1,star april
4773,How Tech Works,2012,16+,26/100,0,0,1,0,tv_show,reality television,United States,English,6.8/10,tt0092400,26,16.0,1,how tech works
4774,Rev & Roll,2019,16+,26/100,0,0,1,0,tv_show,reality television,Canada,English,1.0,tt9741332,26,16.0,1,rev & roll
4775,Ghost Cases,2010,16+,26/100,0,0,1,0,tv_show,reality television,United States,English,5.2/10,tt0092400,26,16.0,1,ghost cases
4776,Family Travel with Colleen Kelly,2013,16+,26/100,0,0,1,0,tv_show,reality television,United States,English,7.8/10,tt0092400,26,16.0,1,family travel with colleen kelly
4777,Juan Happy Love Story,2016,16+,26/100,0,0,1,0,tv_show,romantic comedy,Philippines,Filipino,6.9,tt5718960,26,16.0,1,juan happy love story
4778,Murderers and Their Mothers,2016,16+,26/100,0,0,1,0,tv_show,reality television,United States,English,4.4/10,tt0092400,26,16.0,1,murderers and their mothers
4779,House Hazards,2012,16+,25/100,0,0,1,0,tv_show,reality television,Canada,English,4.8/10,tt0092400,25,16.0,1,house hazards
4780,Paranormal Egypt,2007,all,25/100,0,0,1,0,tv_show,reality television,United States,English,3.8/10,tt0092400,25,16.0,1,paranormal egypt
4781,Makeover Wish,2007,16+,25/100,0,0,1,0,tv_show,reality television,United States,English,6.0/10,tt0092400,25,16.0,1,makeover wish
4782,Ultimate Wheels,2014,16+,25/100,0,0,1,0,tv_show,reality television,United States,English,5.1/10,tt0092400,25,16.0,1,ultimate wheels
4783,MayDay: Air Disaster Investigations,2010,16+,25/100,0,0,1,0,tv_show,reality television,United States,English,10.0,tt0092400,25,16.0,1,mayday: air disaster investigations
4784,Gok's Clothes Roadshow,2011,16+,24/100,0,0,1,0,tv_show,reality television,United States,English,6.4/10,tt0092400,24,16.0,1,gok's clothes roadshow
4785,Scandalous Overtures,2014,16+,24/100,0,0,1,0,tv_show,reality television,United States,English,5.6/10,tt0092400,24,16.0,1,scandalous overtures
4786,Ekaterina: The Rise of Catherine the Great,2014,16+,24/100,0,0,1,0,tv_show,reality television,United States,English,10.0,tt0092400,24,16.0,1,ekaterina: the rise of catherine the great
4787,David and Olivia? - Naked in Scotland,2018,16+,24/100,0,0,1,0,tv_show,reality television,United States,English,10.0,tt0092400,24,16.0,1,david and olivia? - naked in scotland
4788,Rakuen Miyoshi Kazuyoshi to meguru rakuen no tabi,2016,16+,24/100,0,0,1,0,tv_show,reality television,United States,English,4.8/10,tt0092400,24,16.0,1,rakuen miyoshi kazuyoshi to meguru rakuen no tabi
4789,State Parole,2008,16+,24/100,0,0,1,0,tv_show,reality television,United States,English,4.6/10,tt0092400,24,16.0,1,state parole
4790,Best of BabyFirst Art Music Language And More,2015,16+,24/100,0,0,1,0,tv_show,reality television,United States,English,10.0,tt0092400,24,16.0,1,best of babyfirst art music language and more
4791,Supersize Structures,2016,16+,23/100,0,0,1,0,tv_show,reality television,United States,English,4.4/10,tt0092400,23,16.0,1,supersize structures
4792,Rat-A-Tat,2015,16+,23/100,0,0,1,0,tv_show,comedy television series,"United States, India","English, Hindi",10.0,tt11836288,23,16.0,1,rat-a-tat
4793,David Hand's Animaland,1948,16+,23/100,0,0,1,0,tv_show,reality television,United States,English,10.0,tt0092400,23,16.0,1,david hand's animaland
4794,Color Inspirations: Art And Music,2011,16+,23/100,0,0,1,0,tv_show,reality television,United States,English,10.0,tt0092400,23,16.0,1,color inspirations: art and music
4795,Betty Boop,1932,all,23/100,0,0,1,0,tv_show,reality television,United States,English,10.0,tt0092400,23,16.0,1,betty boop
4796,It's A Miracle,1998,16+,22/100,0,0,1,0,tv_show,reality television,United States,English,10.0,tt0197161,22,16.0,1,it's a miracle
4797,Flint,2012,16+,22/100,0,0,1,0,tv_show,reality television,United States,English,10.0,tt0092400,22,16.0,1,flint
4798,A Century of Science Fiction,2001,16+,21/100,0,0,1,0,tv_show,reality television,United States,English,10.0,tt0092400,21,16.0,1,a century of science fiction
4799,Hidden Agenda - Real Conspiracies that Affect Our Lives Today,2017,16+,21/100,0,0,1,0,tv_show,reality television,United States,English,10.0,tt0092400,21,16.0,1,hidden agenda - real conspiracies that affect our lives today
4801,"I, Caesar: The Rise and Fall of the Roman Empire",1997,16+,21/100,0,0,1,0,tv_show,reality television,United States,English,10.0,tt0092400,21,16.0,1,"i, caesar: the rise and fall of the roman empire"
4802,Snapshots,2016,16+,21/100,0,0,1,0,tv_show,reality television,Canada,English,10.0,tt0092400,21,16.0,1,snapshots
4803,Kongsuni & Friends,2018,16+,21/100,0,0,1,0,tv_show,reality television,United States,English,10.0,tt0092400,21,16.0,1,kongsuni & friends
4804,"Sesame Street: 3,2,1 Let's Go",2010,16+,21/100,0,0,1,0,tv_show,reality television,United States,English,10.0,tt0092400,21,16.0,1,"sesame street: 3,2,1 let's go"
4805,Local Knowledge,2017,16+,20/100,0,0,1,0,tv_show,reality television,United States,English,10.0,tt0092400,20,16.0,1,local knowledge
4806,Trinity and Beyond,2018,16+,20/100,0,0,1,0,tv_show,reality television,United States,English,10.0,tt0092400,20,16.0,1,trinity and beyond
4807,The Poltergeist Diaries,2018,16+,20/100,0,0,1,0,tv_show,reality television,United States,English,10.0,tt0092400,20,16.0,1,the poltergeist diaries
4808,Let's Fall in Love -《咱们相爱吧》,2018,16+,20/100,0,0,1,0,tv_show,reality television,United States,English,10.0,tt0092400,20,16.0,1,let's fall in love -《咱们相爱吧》
4809,Room to Improve,2012,16+,20/100,0,0,1,0,tv_show,reality television,Ireland,English,8.7,tt14246436,20,16.0,1,room to improve
4810,Cleopatra,2018,16+,20/100,0,0,1,0,tv_show,reality television,United States,English,10.0,tt0092400,20,16.0,1,cleopatra
4811,City Slickers In Westworld featuring Billy Crystal,2017,16+,20/100,0,0,1,0,tv_show,reality television,United States,English,10.0,tt0092400,20,16.0,1,city slickers in westworld featuring billy crystal
4812,Dog Dynasty,2016,16+,20/100,0,0,1,0,tv_show,reality television,United States,English,10.0,tt0092400,20,16.0,1,dog dynasty
4813,Chasin the Sun,2017,16+,20/100,0,0,1,0,tv_show,reality television,United States,English,10.0,tt0092400,20,16.0,1,chasin the sun
4814,The Very Best Of Kristen Bell,2010,16+,20/100,0,0,1,0,tv_show,reality television,United States,English,10.0,tt0092400,20,16.0,1,the very best of kristen bell
4815,La Usurpadora,2019,16+,20/100,0,0,1,0,tv_show,telenovela,Mexico,Spanish,7.7,tt0211878,20,16.0,1,la usurpadora
4816,Card Sharks 86,1986,16+,20/100,0,0,1,0,tv_show,reality television,United States,English,10.0,tt0092400,20,16.0,1,card sharks 86
4817,Police Women,2010,16+,20/100,0,0,1,0,tv_show,reality television,United States,English,10.0,tt1763858,20,16.0,1,police women
4818,The Notekins,2012,16+,20/100,0,0,1,0,tv_show,reality television,United States,English,10.0,tt0092400,20,16.0,1,the notekins
4820,Crime Scene Solvers,2018,16+,19/100,0,0,1,0,tv_show,thriller television series,France,French,5.0,tt9128818,19,16.0,1,crime scene solvers
4821,Life and Fate,2012,16+,19/100,0,0,1,0,tv_show,television series based on a novel,Russia,Russian,10.0,tt2460432,19,16.0,1,life and fate
4822,Breaking Homicide,2018,16+,19/100,0,0,1,0,tv_show,reality television,United States,English,10.0,tt0092400,19,16.0,1,breaking homicide
4823,60 Second Docs,2016,16+,19/100,0,0,1,0,tv_show,reality television,United States,English,10.0,tt0092400,19,16.0,1,60 second docs
4824,14 Year Old President of the Smallest Country in the World,2017,16+,19/100,0,0,1,0,tv_show,reality television,United States,English,10.0,tt0092400,19,16.0,1,14 year old president of the smallest country in the world
4825,Clip: Lego Jurassic World Video Game Walkthrough,2017,16+,19/100,0,0,1,0,tv_show,reality television,United States,English,10.0,tt0092400,19,16.0,1,clip: lego jurassic world video game walkthrough
4826,Brooklyn Kinda Love,2011,16+,19/100,0,0,1,0,tv_show,reality television,United States,English,10.0,tt0092400,19,16.0,1,brooklyn kinda love
4827,Lego Set Builds Bionicle - Artifex,2016,16+,19/100,0,0,1,0,tv_show,reality television,United States,English,10.0,tt0092400,19,16.0,1,lego set builds bionicle - artifex
4828,Auction,2013,16+,19/100,0,0,1,0,tv_show,reality television,United States,English,10.0,tt0092400,19,16.0,1,auction
4829,Harry the Bunny,2011,16+,19/100,0,0,1,0,tv_show,reality television,United States,English,10.0,tt0092400,19,16.0,1,harry the bunny
4830,The Toque 12 Master Chefs at The Epicurean Market,2013,16+,18/100,0,0,1,0,tv_show,reality television,United States,English,10.0,tt0092400,18,16.0,1,the toque 12 master chefs at the epicurean market
4831,The Queen's Diamond Decades,2013,16+,18/100,0,0,1,0,tv_show,reality television,United States,English,10.0,tt0092400,18,16.0,1,the queen's diamond decades
4832,Dark Forest,2015,16+,18/100,0,0,1,0,tv_show,reality television,United States,English,10.0,tt0092400,18,16.0,1,dark forest
4833,Television Playhouse,1947,16+,18/100,0,0,1,0,tv_show,anthology series,United States,English,10.0,tt0127399,18,16.0,1,television playhouse
4834,Babies in Car City,2017,16+,18/100,0,0,1,0,tv_show,reality television,United States,English,10.0,tt0092400,18,16.0,1,babies in car city
4835,Angels,2017,16+,18/100,0,0,1,0,tv_show,reality television,United States,English,10.0,tt0092400,18,16.0,1,angels
4836,Power Battle Watch Car,2016,16+,18/100,0,0,1,0,tv_show,reality television,United States,English,10.0,tt0092400,18,16.0,1,power battle watch car
4837,Siege in Fog,2018,16+,18/100,0,0,1,0,tv_show,reality television,People's Republic of China,English,10.0,tt0092400,18,16.0,1,siege in fog
4838,Addy Media,2018,16+,18/100,0,0,1,0,tv_show,reality television,United States,English,10.0,tt0092400,18,16.0,1,addy media
4839,Two Legends,2014,16+,18/100,0,0,1,0,tv_show,reality television,United States,English,10.0,tt0092400,18,16.0,1,two legends
4840,Dirty Dancing,2017,16+,18/100,0,0,1,0,tv_show,drama television series,United States,English,5.8,tt0094450,18,16.0,1,dirty dancing
4841,5 Facts,2014,16+,18/100,0,0,1,0,tv_show,reality television,United States,English,10.0,tt0092400,18,16.0,1,5 facts
4842,True Nordic Crimes,2017,16+,18/100,0,0,1,0,tv_show,reality television,United States,English,10.0,tt0092400,18,16.0,1,true nordic crimes
4843,Peanuts,1965,16+,18/100,0,0,1,0,tv_show,reality television,United States,English,10.0,tt0092400,18,16.0,1,peanuts
4844,73 Questions Answered By Your Favorite Celebs,2014,16+,18/100,0,0,1,0,tv_show,reality television,United States,English,10.0,tt0092400,18,16.0,1,73 questions answered by your favorite celebs
4845,'About Joey',2017,16+,18/100,0,0,1,0,tv_show,reality television,United States,English,10.0,tt0092400,18,16.0,1,'about joey'
4846,Architects of Darkness,2014,16+,18/100,0,0,1,0,tv_show,reality television,United States,English,10.0,tt0092400,18,16.0,1,architects of darkness
4847,Hollywood's 10 Best,2017,16+,18/100,0,0,1,0,tv_show,reality television,United States,English,10.0,tt0092400,18,16.0,1,hollywood's 10 best
4848,Katsugeki/Touken Ranbu,2017,16+,17/100,0,0,1,0,tv_show,reality television,United States,English,10.0,tt0092400,17,16.0,1,katsugeki/touken ranbu
4849,Classic Popeye,1960,16+,17/100,0,0,1,0,tv_show,reality television,United States,English,10.0,tt0092400,17,16.0,1,classic popeye
4850,History of Westinghouse,1904,16+,17/100,0,0,1,0,tv_show,reality television,United States,English,10.0,tt0092400,17,16.0,1,history of westinghouse
4851,Garage Dreams,2015,16+,17/100,0,0,1,0,tv_show,reality television,United States,English,10.0,tt0092400,17,16.0,1,garage dreams
4852,Ghost Response - Haunted UK,2018,16+,17/100,0,0,1,0,tv_show,reality television,United States,English,10.0,tt0092400,17,16.0,1,ghost response - haunted uk
4854,Day of The Gun - The Series,2018,16+,17/100,0,0,1,0,tv_show,reality television,United States,English,10.0,tt0092400,17,16.0,1,day of the gun - the series
4856,Second Sight,2000,16+,17/100,0,0,1,0,tv_show,drama television series,United Kingdom,English,2.0,tt0187489,17,16.0,1,second sight
4857,Tom The Tow Truck's Paint Shop,2016,16+,17/100,0,0,1,0,tv_show,reality television,United States,English,10.0,tt0092400,17,16.0,1,tom the tow truck's paint shop
4858,Mono Mario,2016,16+,17/100,0,0,1,0,tv_show,reality television,United States,English,10.0,tt0092400,17,16.0,1,mono mario
4859,Inherited Marriage,2010,16+,17/100,0,0,1,0,tv_show,reality television,United States,English,10.0,tt0092400,17,16.0,1,inherited marriage
4860,Video Workbench: The Scale Model Show,2016,16+,17/100,0,0,1,0,tv_show,reality television,United States,English,10.0,tt0092400,17,16.0,1,video workbench: the scale model show
4861,Technological Marvels of the Ancient World,2003,16+,17/100,0,0,1,0,tv_show,reality television,United States,English,10.0,tt0092400,17,16.0,1,technological marvels of the ancient world
4862,Mickey's Farm,2009,16+,17/100,0,0,1,0,tv_show,children's television series,Canada,English,6.6,tt1833426,17,16.0,1,mickey's farm
4863,Baby Einstein's Holiday Special,2009,16+,17/100,0,0,1,0,tv_show,reality television,United States,English,10.0,tt0092400,17,16.0,1,baby einstein's holiday special
4864,The Splendor of Rome,2018,16+,17/100,0,0,1,0,tv_show,reality television,United States,English,10.0,tt0092400,17,16.0,1,the splendor of rome
4865,Saving Ghosts,2018,16+,17/100,0,0,1,0,tv_show,reality television,United States,English,10.0,tt0092400,17,16.0,1,saving ghosts
4866,Haunted France,2018,16+,17/100,0,0,1,0,tv_show,reality television,United States,English,10.0,tt0092400,17,16.0,1,haunted france
4867,Killer IQ: Lion vs. Hyena,2015,16+,17/100,0,0,1,0,tv_show,reality television,United States,English,10.0,tt0092400,17,16.0,1,killer iq: lion vs. hyena
4870,Brand New House On a Budget,2014,16+,17/100,0,0,1,0,tv_show,reality television,United States,English,10.0,tt0092400,17,16.0,1,brand new house on a budget
4871,Bounty Hamster,2003,16+,17/100,0,0,1,0,tv_show,children's television series,United Kingdom,English,10.0,tt1145491,17,16.0,1,bounty hamster
4872,Adam & Eve,2016,16+,17/100,0,0,1,0,tv_show,reality television,United States,English,10.0,tt0092400,17,16.0,1,adam & eve
4873,Graham Kerr's Kitchen,1992,16+,16/100,0,0,1,0,tv_show,reality television,United States,English,10.0,tt0092400,16,16.0,1,graham kerr's kitchen
4874,Somewhere South,2020,16+,16/100,0,0,1,0,tv_show,reality television,United States,English,10.0,tt0092400,16,16.0,1,somewhere south
4875,300 Million Years,2015,16+,16/100,0,0,1,0,tv_show,reality television,United States,English,10.0,tt0092400,16,16.0,1,300 million years
4876,Roblox Funny Moments (PairOfDucks),2017,16+,16/100,0,0,1,0,tv_show,reality television,United States,English,10.0,tt0092400,16,16.0,1,roblox funny moments (pairofducks)
4877,Space Mistakes,2016,16+,16/100,0,0,1,0,tv_show,reality television,United States,English,10.0,tt0092400,16,16.0,1,space mistakes
4879,Running Man,2016,16+,16/100,0,0,1,0,tv_show,reality television,South Korea,Korean,10.0,tt2185037,16,16.0,1,running man
4880,Spring 1986 TV Line-Up,2012,16+,16/100,0,0,1,0,tv_show,reality television,United States,English,10.0,tt0092400,16,16.0,1,spring 1986 tv line-up
4881,The Complete Story of Hitler and the Nazis,2017,16+,16/100,0,0,1,0,tv_show,reality television,United States,English,10.0,tt12582850,16,16.0,1,the complete story of hitler and the nazis
4882,Ancient Civilizations of North America,2008,16+,16/100,0,0,1,0,tv_show,reality television,United States,English,10.0,tt0092400,16,16.0,1,ancient civilizations of north america
4884,Lego Pirates of the Caribbean Playthrough,2017,16+,16/100,0,0,1,0,tv_show,reality television,United States,English,10.0,tt0092400,16,16.0,1,lego pirates of the caribbean playthrough
4885,Whitney Bjerken Gymnastics Level 9 Competitions,2017,16+,16/100,0,0,1,0,tv_show,reality television,United States,English,10.0,tt0092400,16,16.0,1,whitney bjerken gymnastics level 9 competitions
4886,The Amazing World of Aviation,2013,16+,16/100,0,0,1,0,tv_show,reality television,United States,English,10.0,tt0092400,16,16.0,1,the amazing world of aviation
4887,Strictly Dumpling,2017,16+,16/100,0,0,1,0,tv_show,reality television,United States,English,10.0,tt0092400,16,16.0,1,strictly dumpling
4888,Gardens of the World,2007,16+,16/100,0,0,1,0,tv_show,television documentary,United States,English,10.0,tt0221199,16,16.0,1,gardens of the world
4889,1Life,2016,16+,16/100,0,0,1,0,tv_show,reality television,United States,English,10.0,tt0092400,16,16.0,1,1life
4890,Life on Mar's: The Home Makeover Show,2015,16+,16/100,0,0,1,0,tv_show,reality television,United States,English,10.0,tt0092400,16,16.0,1,life on mar's: the home makeover show
4891,Tomorrow's World,1995,16+,16/100,0,0,1,0,tv_show,reality television,United Kingdom,English,6.7,tt0299402,16,16.0,1,tomorrow's world
4892,Try Guys,2017,16+,16/100,0,0,1,0,tv_show,reality television,United States,English,10.0,tt0092400,16,16.0,1,try guys
4893,Make48,2017,16+,16/100,0,0,1,0,tv_show,reality television,United States,English,10.0,tt0092400,16,16.0,1,make48
4894,I've Got a Secret,1961,16+,16/100,0,0,1,0,tv_show,panel game,"United States, Australia",English,7.9,tt0044270,16,16.0,1,i've got a secret
4896,The Order of Victory,2016,16+,16/100,0,0,1,0,tv_show,reality television,United States,English,10.0,tt0092400,16,16.0,1,the order of victory
4897,Morning Glory,2013,16+,16/100,0,1,1,0,tv_show,reality television,United States,English,10.0,tt0092400,16,16.0,1,morning glory
4898,Where I'd Rather Be,2017,16+,16/100,0,0,1,0,tv_show,reality television,United States,English,10.0,tt0092400,16,16.0,1,where i'd rather be
4899,Hotel Sacher,2016,16+,16/100,0,0,1,0,tv_show,reality television,United States,English,10.0,tt0092400,16,16.0,1,hotel sacher
4900,In Search of Hidden Holy Sites,2013,16+,16/100,0,0,1,0,tv_show,reality television,United States,English,10.0,tt0092400,16,16.0,1,in search of hidden holy sites
4901,Deals in the Desert,2018,16+,16/100,0,0,1,0,tv_show,reality television,United States,English,10.0,tt0092400,16,16.0,1,deals in the desert
4902,She Is Beautiful,2018,16+,16/100,0,0,1,0,tv_show,drama film,People's Republic of China,Putonghua,5.9,tt10380340,16,16.0,1,she is beautiful
4903,"Miracle of Faith: 2,000 Years of Christianity in the Holy Land",2000,16+,16/100,0,0,1,0,tv_show,reality television,United States,English,10.0,tt0092400,16,16.0,1,"miracle of faith: 2,000 years of christianity in the holy land"
4904,Dinosaurs Inside and Out,1996,16+,16/100,0,0,1,0,tv_show,reality television,United States,English,10.0,tt0092400,16,16.0,1,dinosaurs inside and out
4905,The Wackiest Works of Tex Avery,1945,16+,16/100,0,0,1,0,tv_show,reality television,United States,English,10.0,tt0092400,16,16.0,1,the wackiest works of tex avery
4906,The Family Blend!,2016,16+,16/100,0,0,1,0,tv_show,reality television,United States,English,10.0,tt0092400,16,16.0,1,the family blend!
4907,Focal Point,2019,16+,16/100,0,0,1,0,tv_show,reality television,United States,English,10.0,tt0092400,16,16.0,1,focal point
4908,"Mysteries, Magic and Miracles",1994,16+,14/100,0,0,1,0,tv_show,reality television,United States,English,10.0,tt0092400,14,16.0,1,"mysteries, magic and miracles"
4909,Amber the Ambulance,2017,16+,14/100,0,0,1,0,tv_show,reality television,United States,English,10.0,tt0092400,14,16.0,1,amber the ambulance
4910,Kings in Grass Castles,1998,16+,14/100,0,0,1,0,tv_show,reality television,United States,English,10.0,tt0092400,14,16.0,1,kings in grass castles
4911,Review: Gun Stock Reviews,2017,16+,14/100,0,0,1,0,tv_show,reality television,United States,English,10.0,tt0092400,14,16.0,1,review: gun stock reviews
4912,I'm a Creepy Crawly,2018,16+,14/100,0,0,1,0,tv_show,reality television,United States,English,10.0,tt0092400,14,16.0,1,i'm a creepy crawly
4913,Inside Things,2017,16+,14/100,0,0,1,0,tv_show,reality television,United States,English,10.0,tt0092400,14,16.0,1,inside things
4914,Crew,1970,16+,14/100,0,0,1,0,tv_show,reality television,United States,English,10.0,tt0092400,14,16.0,1,crew
4915,An Unknown Enemy,2018,16+,14/100,0,0,1,0,tv_show,reality television,Mexico,Spanish,10.0,tt8946436,14,16.0,1,an unknown enemy
4916,Easy Living,2010,16+,14/100,0,0,1,0,tv_show,crime television series,Hungary,Hungarian,9.0,tt5099020,14,16.0,1,easy living
4917,How Does That Work?,2007,16+,14/100,0,0,1,0,tv_show,reality television,United States,English,10.0,tt0092400,14,16.0,1,how does that work?
4918,Tank Biathlon,2017,16+,14/100,0,0,1,0,tv_show,reality television,United States,English,10.0,tt0092400,14,16.0,1,tank biathlon
4919,Celebrity Poker Gala,2018,16+,14/100,0,0,1,0,tv_show,reality television,United States,English,10.0,tt0092400,14,16.0,1,celebrity poker gala
4920,Actually Me,2017,16+,14/100,0,0,1,0,tv_show,reality television,United States,English,10.0,tt0092400,14,16.0,1,actually me
4921,Microsoft Outlook 2016 - Training,2017,16+,14/100,0,0,1,0,tv_show,reality television,United States,English,10.0,tt0092400,14,16.0,1,microsoft outlook 2016 - training
4922,Fluffy Gardens,2007,16+,14/100,0,0,1,0,tv_show,reality television,United States,English,10.0,tt0092400,14,16.0,1,fluffy gardens
4923,Changelings: cambions,2014,16+,14/100,0,0,1,0,tv_show,reality television,United States,English,10.0,tt0092400,14,16.0,1,changelings: cambions
4924,Blippi - Videos for Kids,2016,16+,14/100,0,0,1,0,tv_show,reality television,United States,English,10.0,tt0092400,14,16.0,1,blippi - videos for kids
4925,Under The Sea: The Great Barrier Reef,2017,16+,14/100,0,0,1,0,tv_show,reality television,United States,English,10.0,tt0092400,14,16.0,1,under the sea: the great barrier reef
4926,Backcountry Fly Fishing,2014,16+,14/100,0,0,1,0,tv_show,reality television,United States,English,10.0,tt0092400,14,16.0,1,backcountry fly fishing
4927,MANE,2018,16+,14/100,0,0,1,0,tv_show,reality television,United States,English,10.0,tt0092400,14,16.0,1,mane
4928,True Ghost Stories,2017,16+,14/100,0,0,1,0,tv_show,reality television,United States,English,10.0,tt0092400,14,16.0,1,true ghost stories
4930,Wild & Crazy,2008,16+,14/100,0,0,1,0,tv_show,reality television,United States,English,9.0,tt0121967,14,16.0,1,wild & crazy
4931,"YTF: Yesterday, Today, Forever",2012,16+,14/100,0,0,1,0,tv_show,reality television,United States,English,10.0,tt0092400,14,16.0,1,"ytf: yesterday, today, forever"
4932,Van Der Week,2011,16+,14/100,0,0,1,0,tv_show,reality television,United States,English,10.0,tt0092400,14,16.0,1,van der week
4934,Getting Doug with High,2017,16+,14/100,0,0,1,0,tv_show,comedy podcast,United States,English,10.0,tt0092400,14,16.0,1,getting doug with high
4935,Always and Forever,2003,16+,14/100,0,0,1,0,tv_show,reality television,United States,English,10.0,tt0092400,14,16.0,1,always and forever
4936,GayTerns,2016,16+,14/100,0,0,1,0,tv_show,reality television,United States,English,10.0,tt0092400,14,16.0,1,gayterns
4937,Altair: A Record of Battles,2017,16+,14/100,0,0,1,0,tv_show,reality television,United States,English,10.0,tt0092400,14,16.0,1,altair: a record of battles
4938,"Review: Build A Bear, Tsum Tsum and Disney Plushie Toy Reviews",2017,16+,14/100,0,0,1,0,tv_show,reality television,United States,English,10.0,tt0092400,14,16.0,1,"review: build a bear, tsum tsum and disney plushie toy reviews"
4939,Can You Even Sport?,2011,16+,14/100,0,0,1,0,tv_show,reality television,United States,English,10.0,tt0092400,14,16.0,1,can you even sport?
4940,Mafia Undercover,2016,16+,14/100,0,0,1,0,tv_show,reality television,United States,English,10.0,tt0092400,14,16.0,1,mafia undercover
4941,Super Mario 64 Playthrough,2017,16+,14/100,0,0,1,0,tv_show,reality television,United States,English,10.0,tt0092400,14,16.0,1,super mario 64 playthrough
4943,Mix Master: Final Force,2011,16+,14/100,0,0,1,0,tv_show,reality television,United States,English,10.0,tt0092400,14,16.0,1,mix master: final force
4944,Serial Killer Culture TV,2017,16+,14/100,0,0,1,0,tv_show,reality television,United States,English,10.0,tt0092400,14,16.0,1,serial killer culture tv
4945,"Myths, Magic & Monsters",2007,16+,14/100,0,0,1,0,tv_show,reality television,United States,English,10.0,tt0092400,14,16.0,1,"myths, magic & monsters"
4946,Animal Favorites,2002,16+,14/100,0,0,1,0,tv_show,reality television,United States,English,10.0,tt0092400,14,16.0,1,animal favorites
4947,Sea Power,2005,16+,14/100,0,0,1,0,tv_show,reality television,United States,English,10.0,tt0092400,14,16.0,1,sea power
4948,Crimes that Made History,2017,16+,14/100,0,0,1,0,tv_show,reality television,United States,English,10.0,tt0092400,14,16.0,1,crimes that made history
4949,Woodwalkers,2017,16+,14/100,0,0,1,0,tv_show,reality television,United States,English,10.0,tt0092400,14,16.0,1,woodwalkers
4950,Wolfpack,2013,16+,14/100,0,0,1,0,tv_show,reality television,United States,English,10.0,tt0092400,14,16.0,1,wolfpack
4951,Uncharted Waters with Peter Miller,2019,16+,14/100,0,0,1,0,tv_show,reality television,United States,English,10.0,tt0092400,14,16.0,1,uncharted waters with peter miller
4953,The Magical Adventures of Quasimodo,1996,16+,14/100,0,0,1,0,tv_show,reality television,United States,English,10.0,tt0092400,14,16.0,1,the magical adventures of quasimodo
4954,"Cars, Cops & Criminals",2008,16+,14/100,0,0,1,0,tv_show,reality television,United States,English,10.0,tt0092400,14,16.0,1,"cars, cops & criminals"
4955,The Complete History of the Second World War,2017,16+,14/100,0,0,1,0,tv_show,reality television,United States,English,10.0,tt0092400,14,16.0,1,the complete history of the second world war
4956,The Red Booth,2017,16+,14/100,0,0,1,0,tv_show,reality television,United States,English,10.0,tt0092400,14,16.0,1,the red booth
4957,Desperate Love,2012,16+,14/100,0,0,1,0,tv_show,romance television series,United States,English,8.4,tt6352844,14,16.0,1,desperate love
4959,Tales of the Living Dead,2000,16+,14/100,0,0,1,0,tv_show,reality television,United States,English,10.0,tt0092400,14,16.0,1,tales of the living dead
4960,"Monsters, Madness and Mayhem",2003,16+,14/100,0,0,1,0,tv_show,reality television,United States,English,10.0,tt0092400,14,16.0,1,"monsters, madness and mayhem"
4961,PRIME JAPAN,2016,16+,14/100,0,0,1,0,tv_show,reality television,United States,English,10.0,tt0092400,14,16.0,1,prime japan
4962,Heart to Heart,2015,16+,14/100,0,0,1,0,tv_show,"romance film, medical drama, comedy film",South Korea,Korean,10.0,tt4342564,14,16.0,1,heart to heart
4963,Hitler's Lost Battles,2017,16+,14/100,0,0,1,0,tv_show,reality television,United States,English,10.0,tt0092400,14,16.0,1,hitler's lost battles
4964,Countdown to Victory: World War II - The Ultimate Timeline,2009,16+,14/100,0,0,1,0,tv_show,reality television,United States,English,10.0,tt0092400,14,16.0,1,countdown to victory: world war ii - the ultimate timeline
4965,Lockout,2016,16+,14/100,0,0,1,0,tv_show,reality television,United States,English,10.0,tt0092400,14,16.0,1,lockout
4966,Working 24 Hours At...,2015,16+,14/100,0,0,1,0,tv_show,reality television,United States,English,10.0,tt0092400,14,16.0,1,working 24 hours at...
4967,Dinosaur Britain,2015,16+,14/100,0,0,1,0,tv_show,reality television,United Kingdom,English,8.0,tt8488330,14,16.0,1,dinosaur britain
4968,F'd,2015,16+,14/100,0,0,1,0,tv_show,reality television,United States,English,10.0,tt0092400,14,16.0,1,f'd
4969,Tea Time with Tayla,2011,16+,13/100,0,0,1,0,tv_show,reality television,United States,English,10.0,tt0092400,13,16.0,1,tea time with tayla
4970,Wildest Middle East,2015,16+,13/100,0,0,1,0,tv_show,reality television,United States,English,10.0,tt0092400,13,16.0,1,wildest middle east
4971,Mafia Queens,2018,16+,13/100,0,0,1,0,tv_show,reality television,United States,English,10.0,tt0092400,13,16.0,1,mafia queens
4972,Home Remedy,2017,16+,13/100,0,0,1,0,tv_show,reality television,United States,English,10.0,tt0092400,13,16.0,1,home remedy
4973,Food Hacks,2017,16+,13/100,0,0,1,0,tv_show,reality television,United States,English,10.0,tt0092400,13,16.0,1,food hacks
4974,The Prince of Han Dynasty 1,2001,16+,13/100,0,0,1,0,tv_show,reality television,United States,English,10.0,tt0092400,13,16.0,1,the prince of han dynasty 1
4975,Feed Famous,2018,16+,13/100,0,0,1,0,tv_show,reality television,United States,English,10.0,tt0092400,13,16.0,1,feed famous
4976,Dermot Bannon's Luxury Homes,2018,16+,13/100,0,0,1,0,tv_show,reality television,United States,English,10.0,tt0092400,13,16.0,1,dermot bannon's luxury homes
4977,Blake Griffin's Internship,2011,16+,13/100,0,0,1,0,tv_show,reality television,United States,English,10.0,tt0092400,13,16.0,1,blake griffin's internship
4978,Learn with Ethan The Dump Truck,2016,16+,13/100,0,0,1,0,tv_show,reality television,United States,English,10.0,tt0092400,13,16.0,1,learn with ethan the dump truck
4979,Titipo Titipo,2017,16+,13/100,0,0,1,0,tv_show,reality television,United States,English,10.0,tt0092400,13,16.0,1,titipo titipo
4980,On The Bank,2017,16+,13/100,0,0,1,0,tv_show,reality television,United States,English,10.0,tt0092400,13,16.0,1,on the bank
4981,Paper Mario Color Splash Playthrough,2016,16+,13/100,0,0,1,0,tv_show,reality television,United States,English,10.0,tt0092400,13,16.0,1,paper mario color splash playthrough
4982,Oh My General,2017,16+,13/100,0,0,1,0,tv_show,reality television,People's Republic of China,English,10.0,tt0092400,13,16.0,1,oh my general
4983,Egotastic FunTime!,2017,16+,13/100,0,0,1,0,tv_show,reality television,United States,English,10.0,tt0092400,13,16.0,1,egotastic funtime!
4984,Backline,2017,16+,13/100,0,0,1,0,tv_show,reality television,United States,English,10.0,tt0092400,13,16.0,1,backline
4985,Victorious Living with Kenneth Copeland,2016,16+,13/100,0,0,1,0,tv_show,reality television,United States,English,10.0,tt0092400,13,16.0,1,victorious living with kenneth copeland
4986,Partners in Crime,2011,16+,13/100,0,0,1,0,tv_show,television series based on a novel,United Kingdom,English,6.0,tt3574152,13,16.0,1,partners in crime
4987,From Beyond,2017,16+,13/100,0,0,1,0,tv_show,reality television,United States,English,10.0,tt0092400,13,16.0,1,from beyond
4988,Space Curiosities,2017,16+,13/100,0,0,1,0,tv_show,reality television,United States,English,10.0,tt0092400,13,16.0,1,space curiosities
4989,Beginnings,2016,16+,13/100,0,0,1,0,tv_show,reality television,United States,English,10.0,tt0092400,13,16.0,1,beginnings
4990,Revival Radio TV,2017,16+,13/100,0,0,1,0,tv_show,reality television,United States,English,10.0,tt0092400,13,16.0,1,revival radio tv
4991,The Lost Tales of Egypt,2018,16+,13/100,0,0,1,0,tv_show,reality television,United States,English,10.0,tt0092400,13,16.0,1,the lost tales of egypt
4992,"Yoga For Back Pain, Neck Pain & Stress Relief - Lindsey Samper",2017,16+,13/100,0,0,1,0,tv_show,reality television,United States,English,10.0,tt0092400,13,16.0,1,"yoga for back pain, neck pain & stress relief - lindsey samper"
4993,Lego Set Builds Spongebob Squarepants - Artifex,2017,16+,13/100,0,0,1,0,tv_show,reality television,United States,English,10.0,tt0092400,13,16.0,1,lego set builds spongebob squarepants - artifex
4994,Spectre Analysis,2017,16+,13/100,0,0,1,0,tv_show,reality television,United States,English,10.0,tt0092400,13,16.0,1,spectre analysis
4995,I Declare War: The Series,2016,16+,13/100,0,0,1,0,tv_show,reality television,United States,English,10.0,tt0092400,13,16.0,1,i declare war: the series
4996,The Bomber: Behind Nazi Lines,2012,16+,13/100,0,0,1,0,tv_show,reality television,United States,English,10.0,tt0092400,13,16.0,1,the bomber: behind nazi lines
4997,Blood and Water,2015,16+,13/100,0,0,1,0,tv_show,reality television,Canada,English,4.0,tt4474750,13,16.0,1,blood and water
4998,Watch Around the Clock B&W,2017,16+,13/100,0,0,1,0,tv_show,reality television,United States,English,10.0,tt0092400,13,16.0,1,watch around the clock b&w
4999,Luxury Travel Show,2018,16+,13/100,0,0,1,0,tv_show,reality television,United States,English,10.0,tt0092400,13,16.0,1,luxury travel show
5000,America's Monsters,2013,16+,13/100,0,0,1,0,tv_show,reality television,United States,English,10.0,tt0092400,13,16.0,1,america's monsters
5001,The Evolution of Us,2016,16+,13/100,0,0,1,0,tv_show,reality television,United States,English,10.0,tt0092400,13,16.0,1,the evolution of us
5002,How-To,2015,16+,13/100,0,0,1,0,tv_show,drama film,Germany,German,8.0,tt9184994,13,16.0,1,how-to
5003,Besties,2013,16+,13/100,0,0,1,0,tv_show,reality television,United States,English,10.0,tt0092400,13,16.0,1,besties
5004,Full Body Flexibility Beginners Yoga Workouts - Krystin Scott,2017,16+,13/100,0,0,1,0,tv_show,reality television,United States,English,10.0,tt0092400,13,16.0,1,full body flexibility beginners yoga workouts - krystin scott
5005,The Sweet Spot: A Treasury of Baseball Stories,2016,16+,13/100,0,0,1,0,tv_show,reality television,United States,English,10.0,tt0092400,13,16.0,1,the sweet spot: a treasury of baseball stories
5006,Treasure Houses of Britain,2011,16+,13/100,0,0,1,0,tv_show,reality television,United Kingdom,English,10.0,tt0092400,13,16.0,1,treasure houses of britain
5007,Homebuddies,2017,16+,13/100,0,0,1,0,tv_show,reality television,United States,English,10.0,tt0092400,13,16.0,1,homebuddies
5008,Cosmic Kids Yoga Adventures,2012,16+,13/100,0,0,1,0,tv_show,reality television,United States,English,10.0,tt0092400,13,16.0,1,cosmic kids yoga adventures
5009,Iria: Zeiram The Bounty Hunter,1994,16+,13/100,0,0,1,0,tv_show,reality television,United States,English,10.0,tt0092400,13,16.0,1,iria: zeiram the bounty hunter
5010,The Ridge: Origins,2016,16+,13/100,0,0,1,0,tv_show,reality television,United States,English,10.0,tt0092400,13,16.0,1,the ridge: origins
5011,SharkBites TV,2017,16+,13/100,0,0,1,0,tv_show,reality television,United States,English,10.0,tt0092400,13,16.0,1,sharkbites tv
5012,My First INBA Fitness Model Competition,2017,16+,13/100,0,0,1,0,tv_show,reality television,United States,English,10.0,tt0092400,13,16.0,1,my first inba fitness model competition
5013,Hitler's Holocaust,2001,16+,13/100,0,0,1,0,tv_show,reality television,United States,English,10.0,tt0092400,13,16.0,1,hitler's holocaust
5014,A Century of Lionel Legendary Trains,2005,16+,13/100,0,0,1,0,tv_show,reality television,United States,English,10.0,tt0092400,13,16.0,1,a century of lionel legendary trains
5015,Lucas el Camioncito,2016,16+,13/100,0,0,1,0,tv_show,reality television,United States,English,10.0,tt0092400,13,16.0,1,lucas el camioncito
5016,Subzero,2018,16+,13/100,0,0,1,0,tv_show,reality television,United States,English,10.0,tt0092400,13,16.0,1,subzero
5017,Human Nature,2013,16+,13/100,1,0,1,0,tv_show,reality television,United States,English,10.0,tt0092400,13,16.0,1,human nature
5018,Aerial Adventures,2010,16+,13/100,0,0,1,0,tv_show,reality television,United States,English,10.0,tt0092400,13,16.0,1,aerial adventures
5019,Esovision Relaxation,2007,16+,13/100,0,0,1,0,tv_show,reality television,United States,English,10.0,tt0092400,13,16.0,1,esovision relaxation
5020,Tasty's Made By Hand,2018,16+,13/100,0,0,1,0,tv_show,reality television,United States,English,10.0,tt0092400,13,16.0,1,tasty's made by hand
5021,Logan's Adventures,2015,16+,13/100,0,0,1,0,tv_show,reality television,United States,English,10.0,tt0092400,13,16.0,1,logan's adventures
5022,"In Sanity, Florida",2017,16+,13/100,0,0,1,0,tv_show,reality television,United States,English,10.0,tt0092400,13,16.0,1,"in sanity, florida"
5023,Frenemies with Eliza Coupe,2012,16+,13/100,0,0,1,0,tv_show,reality television,United States,English,10.0,tt0092400,13,16.0,1,frenemies with eliza coupe
5024,Philipp Shorts,1998,16+,13/100,0,0,1,0,tv_show,reality television,United States,English,10.0,tt0092400,13,16.0,1,philipp shorts
5025,Honolulu P.D.,2003,16+,13/100,0,0,1,0,tv_show,reality television,United States,English,10.0,tt0092400,13,16.0,1,honolulu p.d.
5026,Food Stories,2017,16+,13/100,0,0,1,0,tv_show,reality television,United States,English,10.0,tt0092400,13,16.0,1,food stories
5027,Fish Mavericks,2017,16+,13/100,0,0,1,0,tv_show,reality television,United States,English,10.0,tt0092400,13,16.0,1,fish mavericks
5028,NHL Road to the Outdoor Classics,2016,16+,13/100,0,0,1,0,tv_show,reality television,United States,English,10.0,tt0092400,13,16.0,1,nhl road to the outdoor classics
5029,Troy in Train Town,2016,16+,13/100,0,0,1,0,tv_show,reality television,United States,English,10.0,tt0092400,13,16.0,1,troy in train town
5030,Tried + True,2017,16+,13/100,0,0,1,0,tv_show,reality television,United States,English,10.0,tt0092400,13,16.0,1,tried + true
5031,Legend of the Fist: Chen Zhen,2008,16+,13/100,0,0,1,0,tv_show,reality television,United States,English,10.0,tt0092400,13,16.0,1,legend of the fist: chen zhen
5032,Minecraft Life,2017,16+,13/100,0,0,1,0,tv_show,reality television,United States,English,10.0,tt0092400,13,16.0,1,minecraft life
5033,Tiny Trucks,2018,16+,13/100,0,0,1,0,tv_show,reality television,United States,English,10.0,tt0092400,13,16.0,1,tiny trucks
5034,Wonder Balls,2015,16+,13/100,0,0,1,0,tv_show,reality television,United States,English,10.0,tt0092400,13,16.0,1,wonder balls
5035,Game Changers,2012,16+,13/100,0,0,1,0,tv_show,reality television,United States,English,10.0,tt0092400,13,16.0,1,game changers
5036,"Montréal: My Love, My Story",2018,16+,13/100,0,0,1,0,tv_show,reality television,United States,English,10.0,tt0092400,13,16.0,1,"montréal: my love, my story"
5037,My Dream Derelict Home,2014,16+,13/100,0,0,1,0,tv_show,reality television,United States,English,10.0,tt0092400,13,16.0,1,my dream derelict home
5038,Blue Realm,2017,16+,13/100,0,0,1,0,tv_show,reality television,United States,English,10.0,tt0092400,13,16.0,1,blue realm
5039,Master Lin in Seoul,2012,16+,13/100,0,0,1,0,tv_show,reality television,United States,English,10.0,tt0092400,13,16.0,1,master lin in seoul
5040,Kingdoms of Sumeria,2018,16+,13/100,0,0,1,0,tv_show,reality television,United States,English,10.0,tt0092400,13,16.0,1,kingdoms of sumeria
5041,Ruining History,2017,16+,13/100,0,0,1,0,tv_show,reality television,United States,English,10.0,tt0092400,13,16.0,1,ruining history
5042,Carl Transform of Car City,2016,16+,13/100,0,0,1,0,tv_show,reality television,United States,English,10.0,tt0092400,13,16.0,1,carl transform of car city
5043,pocket.watch Challenge Squad,2018,16+,13/100,0,0,1,0,tv_show,reality television,United States,English,10.0,tt0092400,13,16.0,1,pocket.watch challenge squad
5044,Cosmo Queens,2017,16+,13/100,0,0,1,0,tv_show,reality television,United States,English,10.0,tt0092400,13,16.0,1,cosmo queens
5045,In the Dream to Find the Answer,2015,16+,13/100,0,0,1,0,tv_show,reality television,United States,English,10.0,tt0092400,13,16.0,1,in the dream to find the answer
5046,South Bend's Lunkerville,2017,16+,13/100,0,0,1,0,tv_show,reality television,United States,English,10.0,tt0092400,13,16.0,1,south bend's lunkerville
5047,The Adventure Series,2016,16+,13/100,0,0,1,0,tv_show,reality television,United States,English,10.0,tt0092400,13,16.0,1,the adventure series
5048,Hardly Working,2008,16+,13/100,0,0,1,0,tv_show,reality television,United States,English,10.0,tt0092400,13,16.0,1,hardly working
5049,"Abu, The Little Dinosaur",2015,16+,13/100,0,0,1,0,tv_show,reality television,United States,English,10.0,tt0092400,13,16.0,1,"abu, the little dinosaur"
5050,Price Points,2017,16+,13/100,0,0,1,0,tv_show,reality television,United States,English,10.0,tt0092400,13,16.0,1,price points
5051,Pinkfong! Dinosaur Musical Stories,2017,16+,13/100,0,0,1,0,tv_show,reality television,United States,English,10.0,tt0092400,13,16.0,1,pinkfong! dinosaur musical stories
5053,Warbirds Over the Trenches,2014,16+,13/100,0,0,1,0,tv_show,reality television,United States,English,10.0,tt0092400,13,16.0,1,warbirds over the trenches
5054,You Colored My World,2017,16+,13/100,0,0,1,0,tv_show,reality television,United States,English,10.0,tt0092400,13,16.0,1,you colored my world
5055,Last Thing On My Phone,2016,16+,13/100,0,0,1,0,tv_show,reality television,United States,English,10.0,tt0092400,13,16.0,1,last thing on my phone
5056,X-Files History,2018,16+,13/100,0,0,1,0,tv_show,reality television,United States,English,10.0,tt0092400,13,16.0,1,x-files history
5057,HowStuffWorks NOW,2015,16+,13/100,0,0,1,0,tv_show,reality television,United States,English,10.0,tt0092400,13,16.0,1,howstuffworks now
5058,BabyFirst Halloween Special,2017,16+,13/100,0,0,1,0,tv_show,reality television,United States,English,10.0,tt0092400,13,16.0,1,babyfirst halloween special
5059,Lego Set Builds Nexo Knights - Artifex,2016,16+,13/100,0,0,1,0,tv_show,reality television,United States,English,10.0,tt0092400,13,16.0,1,lego set builds nexo knights - artifex
5060,The Crusaders,2005,16+,13/100,0,0,1,0,tv_show,reality television,United States,English,10.0,tt0092400,13,16.0,1,the crusaders
5061,World War II Diaries - The Complete War Report,2017,16+,13/100,0,0,1,0,tv_show,reality television,United States,English,10.0,tt0092400,13,16.0,1,world war ii diaries - the complete war report
5062,Fred Dinenage Murder Casebook,2010,16+,13/100,0,0,1,0,tv_show,reality television,United States,English,10.0,tt0092400,13,16.0,1,fred dinenage murder casebook
5063,I Survived Real Estate,2017,16+,13/100,0,0,1,0,tv_show,reality television,United States,English,10.0,tt0092400,13,16.0,1,i survived real estate
5064,Double Dare 76 & 77,1977,16+,13/100,0,0,1,0,tv_show,reality television,United States,English,10.0,tt0092400,13,16.0,1,double dare 76 & 77
5066,Learning with Lizzy the Dog!,2015,16+,13/100,0,0,1,0,tv_show,reality television,United States,English,10.0,tt0092400,13,16.0,1,learning with lizzy the dog!
5067,Local Hauntings,2018,16+,13/100,0,0,1,0,tv_show,reality television,United States,English,10.0,tt0092400,13,16.0,1,local hauntings
5068,The War at Sea,2015,16+,13/100,0,0,1,0,tv_show,reality television,United States,English,10.0,tt0092400,13,16.0,1,the war at sea
5069,My Battalion,2014,16+,13/100,0,0,1,0,tv_show,reality television,United States,English,10.0,tt0092400,13,16.0,1,my battalion
5070,DIY Destinations Budget Travel Show,2017,16+,13/100,0,0,1,0,tv_show,reality television,United States,English,10.0,tt0092400,13,16.0,1,diy destinations budget travel show
5071,Nordic Wild,2011,16+,13/100,0,0,1,0,tv_show,reality television,United States,English,10.0,tt0092400,13,16.0,1,nordic wild
5072,S.O.S! Winter,2003,16+,13/100,0,0,1,0,tv_show,reality television,United States,English,10.0,tt0092400,13,16.0,1,s.o.s! winter
5073,Shorts in Minecraft,2014,16+,13/100,0,0,1,0,tv_show,reality television,United States,English,10.0,tt0092400,13,16.0,1,shorts in minecraft
5074,Lie Detector Test,2018,16+,13/100,0,0,1,0,tv_show,reality television,United States,English,10.0,tt0092400,13,16.0,1,lie detector test
5075,Review: Pullip Doll Reviews,2017,16+,13/100,0,0,1,0,tv_show,reality television,United States,English,10.0,tt0092400,13,16.0,1,review: pullip doll reviews
5076,Life of Jesus,2017,16+,13/100,0,0,1,0,tv_show,reality television,United States,English,10.0,tt0092400,13,16.0,1,life of jesus
5077,Microsoft Excel 2016 - Training,2016,16+,13/100,0,0,1,0,tv_show,reality television,United States,English,10.0,tt0092400,13,16.0,1,microsoft excel 2016 - training
5078,The World's Best Chefs - The Toque 12,2013,16+,13/100,0,0,1,0,tv_show,reality television,United States,English,10.0,tt0092400,13,16.0,1,the world's best chefs - the toque 12
5079,Kenneth Copeland Ministries,2016,16+,13/100,0,0,1,0,tv_show,reality television,United States,English,10.0,tt0092400,13,16.0,1,kenneth copeland ministries
5080,Zumba Awesome Legs & Booty System,2014,16+,13/100,0,0,1,0,tv_show,reality television,United States,English,10.0,tt0092400,13,16.0,1,zumba awesome legs & booty system
5081,SMOSH Babies,2013,16+,13/100,0,0,1,0,tv_show,reality television,United States,English,10.0,tt0092400,13,16.0,1,smosh babies
5082,Pinkfong! Animal Songs,2017,16+,13/100,0,0,1,0,tv_show,reality television,United States,English,10.0,tt0092400,13,16.0,1,pinkfong! animal songs
5083,Flip Flap,2017,16+,13/100,0,0,1,0,tv_show,reality television,United States,English,10.0,tt0092400,13,16.0,1,flip flap
5084,Geometry,2017,16+,13/100,0,0,1,0,tv_show,reality television,United States,English,10.0,tt0092400,13,16.0,1,geometry
5085,Impossible Peace,2017,16+,13/100,0,0,1,0,tv_show,reality television,United States,English,10.0,tt0092400,13,16.0,1,impossible peace
5086,The Duke Of Mount Deer,2014,16+,13/100,0,0,1,0,tv_show,drama television series,Hong Kong,Cantonese,8.0,tt0449734,13,16.0,1,the duke of mount deer
5087,See Deng,2017,16+,13/100,0,0,1,0,tv_show,reality television,United States,English,10.0,tt0092400,13,16.0,1,see deng
5088,Faaail!,2016,16+,13/100,0,0,1,0,tv_show,reality television,United States,English,10.0,tt0092400,13,16.0,1,faaail!
5089,Curious?,2017,16+,13/100,0,0,1,0,tv_show,reality television,United States,English,10.0,tt0092400,13,16.0,1,curious?
5090,Tesla Road Trip,2017,16+,13/100,0,0,1,0,tv_show,reality television,United States,English,10.0,tt0092400,13,16.0,1,tesla road trip
5091,Bigger Questions,2017,16+,13/100,0,0,1,0,tv_show,reality television,United States,English,10.0,tt0092400,13,16.0,1,bigger questions
5092,Fifi: Cat Therapist,2014,16+,13/100,0,0,1,0,tv_show,reality television,United States,English,10.0,tt0092400,13,16.0,1,fifi: cat therapist
5093,Gym Class Science,2015,16+,13/100,0,0,1,0,tv_show,reality television,United States,English,10.0,tt0092400,13,16.0,1,gym class science
5094,This Is Your Brain & Body When...,2016,16+,13/100,0,0,1,0,tv_show,reality television,United States,English,10.0,tt0092400,13,16.0,1,this is your brain & body when...
5095,Pinkfong! Dinosaur Songs,2014,16+,13/100,0,0,1,0,tv_show,reality television,United States,English,10.0,tt0092400,13,16.0,1,pinkfong! dinosaur songs
5096,Pro-Semitism with Elon Gold,2011,16+,13/100,0,0,1,0,tv_show,reality television,United States,English,10.0,tt0092400,13,16.0,1,pro-semitism with elon gold
5098,All Your History Are Belong To Us,2012,16+,13/100,0,0,1,0,tv_show,reality television,United States,English,10.0,tt0092400,13,16.0,1,all your history are belong to us
5099,Best Motorcycle Movies (Biker Documentary Anthology),2017,16+,13/100,0,0,1,0,tv_show,reality television,United States,English,10.0,tt0092400,13,16.0,1,best motorcycle movies (biker documentary anthology)
5100,3 Rabbits,2017,16+,13/100,0,0,1,0,tv_show,reality television,United States,English,10.0,tt0092400,13,16.0,1,3 rabbits
5101,Inside Scotland Yard with Trevor McDonald,2016,16+,13/100,0,0,1,0,tv_show,reality television,United States,English,10.0,tt0092400,13,16.0,1,inside scotland yard with trevor mcdonald
5102,Love in Memory,2013,16+,13/100,0,0,1,0,tv_show,reality television,United States,English,10.0,tt0092400,13,16.0,1,love in memory
5103,Memorization: The Art of The Technique,2017,16+,13/100,0,0,1,0,tv_show,reality television,United States,English,10.0,tt0092400,13,16.0,1,memorization: the art of the technique
5104,Piux XII,2017,16+,13/100,0,0,1,0,tv_show,reality television,United States,English,10.0,tt0092400,13,16.0,1,piux xii
5105,The Hunters Club,2014,16+,10/100,0,0,1,0,tv_show,reality television,United States,English,10.0,tt0092400,10,16.0,1,the hunters club
5106,Travel the Road,2016,16+,10/100,0,0,1,0,tv_show,reality television,United States,English,10.0,tt0092400,10,16.0,1,travel the road
5107,Pinkfong! Bedtime Lullabies,2015,16+,10/100,0,0,1,0,tv_show,reality television,United States,English,10.0,tt0092400,10,16.0,1,pinkfong! bedtime lullabies
5108,The Union Series,2016,16+,10/100,0,0,1,0,tv_show,reality television,United States,English,10.0,tt0092400,10,16.0,1,the union series
5109,Another Dirty Room,2016,16+,10/100,0,0,1,0,tv_show,reality television,United States,English,10.0,tt0092400,10,16.0,1,another dirty room
5110,Christmas in Car City,2017,16+,10/100,0,0,1,0,tv_show,reality television,United States,English,10.0,tt0092400,10,16.0,1,christmas in car city
5111,Please Tell Me I'm Adopted!,2017,16+,10/100,0,0,1,0,tv_show,reality television,United States,English,10.0,tt0092400,10,16.0,1,please tell me i'm adopted!
5112,Pinkfong! Puppet Show,2017,16+,10/100,0,0,1,0,tv_show,reality television,United States,English,10.0,tt0092400,10,16.0,1,pinkfong! puppet show
5113,Chronicle Of Love,2015,16+,10/100,0,0,1,0,tv_show,reality television,United States,English,10.0,tt0092400,10,16.0,1,chronicle of love
5114,Underworld Wrestling,2018,16+,10/100,0,0,1,0,tv_show,reality television,United States,English,10.0,tt0092400,10,16.0,1,underworld wrestling
5115,Best Laid Plans,2010,16+,10/100,0,0,1,0,tv_show,reality television,United States,English,10.0,tt0092400,10,16.0,1,best laid plans
5116,Mob Squad,2012,16+,10/100,0,0,1,0,tv_show,reality television,United States,English,10.0,tt0092400,10,16.0,1,mob squad
5117,Designer Guys,2018,16+,10/100,0,0,1,0,tv_show,reality television,Canada,English,10.0,tt0092400,10,16.0,1,designer guys
5118,Learn with Ted The Train,2016,16+,10/100,0,0,1,0,tv_show,reality television,United States,English,10.0,tt0092400,10,16.0,1,learn with ted the train
5119,Night In/Night Out,2018,16+,10/100,0,0,1,0,tv_show,reality television,United States,English,10.0,tt0092400,10,16.0,1,night in/night out
5120,Tasting Our Roots,2017,16+,10/100,0,0,1,0,tv_show,reality television,United States,English,10.0,tt0092400,10,16.0,1,tasting our roots
5121,FUNnel Vision: Challenges,2018,16+,10/100,0,0,1,0,tv_show,reality television,United States,English,10.0,tt0092400,10,16.0,1,funnel vision: challenges
5122,The Flavors of France,2013,16+,10/100,0,0,1,0,tv_show,reality television,United States,English,10.0,tt0092400,10,16.0,1,the flavors of france
5123,Earth Shocks: Our Hyperactive Planet,2007,16+,10/100,0,0,1,0,tv_show,reality television,United States,English,10.0,tt0092400,10,16.0,1,earth shocks: our hyperactive planet
5124,Board AF,2016,16+,10/100,0,0,1,0,tv_show,reality television,United States,English,10.0,tt0092400,10,16.0,1,board af
5125,The Wild Life,2014,16+,10/100,0,0,1,0,tv_show,reality television,United States,English,10.0,tt0092400,10,16.0,1,the wild life
5126,Great Taste No Money,2017,16+,10/100,0,0,1,0,tv_show,reality television,United States,English,10.0,tt0092400,10,16.0,1,great taste no money
5127,Foundations of Freedom with Historian David Barton,2015,16+,10/100,0,0,1,0,tv_show,reality television,United States,English,10.0,tt0092400,10,16.0,1,foundations of freedom with historian david barton
5128,Alba's Cuban Kitchen,2017,16+,10/100,0,0,1,0,tv_show,reality television,United States,English,10.0,tt0092400,10,16.0,1,alba's cuban kitchen
5129,Aprender con los Mini Constructores,2016,16+,10/100,0,0,1,0,tv_show,reality television,United States,English,10.0,tt0092400,10,16.0,1,aprender con los mini constructores
5130,Behind Bars: The World's Toughest Prisons,2016,16+,10/100,0,0,1,0,tv_show,reality television,United States,English,10.0,tt0092400,10,16.0,1,behind bars: the world's toughest prisons
5131,Ghosts of The Caribbean,2017,16+,10/100,0,0,1,0,tv_show,reality television,United States,English,10.0,tt0092400,10,16.0,1,ghosts of the caribbean
5132,The Story of Furong,2015,16+,10/100,0,0,1,0,tv_show,reality television,United States,English,10.0,tt0092400,10,16.0,1,the story of furong
5133,Waterways: The Royal Canal,2013,16+,10/100,0,0,1,0,tv_show,reality television,United States,English,10.0,tt0092400,10,16.0,1,waterways: the royal canal
5134,End of the Big Cats,2012,16+,10/100,0,0,1,0,tv_show,reality television,United States,English,10.0,tt0092400,10,16.0,1,end of the big cats
5135,Leo the Truck,2015,16+,10/100,0,0,1,0,tv_show,reality television,United States,English,10.0,tt0092400,10,16.0,1,leo the truck
5136,Celtic Myths,2001,16+,10/100,0,0,1,0,tv_show,reality television,United States,English,10.0,tt0092400,10,16.0,1,celtic myths
5137,US Bounty Hunters,2014,16+,10/100,0,0,1,0,tv_show,reality television,United States,English,10.0,tt0092400,10,16.0,1,us bounty hunters
5138,SAS Rogue Warriors,2017,16+,10/100,0,0,1,0,tv_show,reality television,United States,English,10.0,tt0092400,10,16.0,1,sas rogue warriors
5139,Concepto de Vida Plena,2016,16+,10/100,0,0,1,0,tv_show,reality television,United States,English,10.0,tt0092400,10,16.0,1,concepto de vida plena
5140,The Fish Guyz,2017,16+,10/100,0,0,1,0,tv_show,reality television,United States,English,10.0,tt0092400,10,16.0,1,the fish guyz
5141,Field of Stars,2017,16+,10/100,0,0,1,0,tv_show,reality television,United States,English,10.0,tt0092400,10,16.0,1,field of stars
5142,All the Pizza,2016,16+,10/100,0,0,1,0,tv_show,reality television,United States,English,10.0,tt0092400,10,16.0,1,all the pizza
5143,Python for Everybody,2016,16+,10/100,0,0,1,0,tv_show,reality television,United States,English,10.0,tt0092400,10,16.0,1,python for everybody
5144,I Pranked My Parents,2014,16+,10/100,0,0,1,0,tv_show,reality television,United States,English,10.0,tt0092400,10,16.0,1,i pranked my parents
5145,Mad Fabricators Society,2015,16+,10/100,0,0,1,0,tv_show,reality television,United States,English,10.0,tt0092400,10,16.0,1,mad fabricators society
5146,You Sang My Song,2017,16+,10/100,0,0,1,0,tv_show,reality television,United States,English,10.0,tt0092400,10,16.0,1,you sang my song
5147,Road to the Games 2016,2016,16+,10/100,0,0,1,0,tv_show,reality television,United States,English,10.0,tt0092400,10,16.0,1,road to the games 2016
5148,Have Steam Engine Will Travel,2013,16+,10/100,0,0,1,0,tv_show,reality television,United States,English,10.0,tt0092400,10,16.0,1,have steam engine will travel
5149,Clip: Adventures of Buttman (Annoying Orange Grand Theft Auto V Gaming),2017,16+,10/100,0,0,1,0,tv_show,reality television,United States,English,10.0,tt0092400,10,16.0,1,clip: adventures of buttman (annoying orange grand theft auto v gaming)
5150,Gold War,2016,16+,10/100,0,0,1,0,tv_show,reality television,United States,English,10.0,tt0092400,10,16.0,1,gold war
5151,Fin Chasers,2017,16+,10/100,0,0,1,0,tv_show,reality television,United States,English,10.0,tt0092400,10,16.0,1,fin chasers
5152,The F.B.I. Files Specials,2002,16+,10/100,0,0,1,0,tv_show,reality television,United States,English,10.0,tt0092400,10,16.0,1,the f.b.i. files specials
5153,Flannery's Porch,2016,16+,10/100,0,0,1,0,tv_show,reality television,United States,English,10.0,tt0092400,10,16.0,1,flannery's porch
5154,USWA Memphis Wrestling,1989,16+,10/100,0,0,1,0,tv_show,reality television,United States,English,10.0,tt0092400,10,16.0,1,uswa memphis wrestling
5155,Behind the Scenes,2010,16+,10/100,0,0,1,0,tv_show,reality television,United States,English,10.0,tt0092400,10,16.0,1,behind the scenes
5156,Tales of the Unexplained,2004,16+,10/100,0,0,1,0,tv_show,reality television,United States,English,10.0,tt0092400,10,16.0,1,tales of the unexplained
5157,America Unveiled,2018,16+,10/100,0,0,1,0,tv_show,reality television,United States,English,10.0,tt0092400,10,16.0,1,america unveiled
5158,Snowdonia 1890,2010,16+,10/100,0,0,1,0,tv_show,reality television,United States,English,10.0,tt0092400,10,16.0,1,snowdonia 1890
5159,Jesse James Austin Speed Shop,2012,16+,10/100,0,0,1,0,tv_show,reality television,United States,English,10.0,tt0092400,10,16.0,1,jesse james austin speed shop
5160,Project Restoration,2016,16+,10/100,0,0,1,0,tv_show,reality television,United States,English,10.0,tt0092400,10,16.0,1,project restoration
5161,Lego Set Builds City - Artifex,2016,16+,10/100,0,0,1,0,tv_show,reality television,United States,English,10.0,tt0092400,10,16.0,1,lego set builds city - artifex
5162,Tanks aren't afraid of mud,2009,16+,10/100,0,0,1,0,tv_show,reality television,United States,English,10.0,tt0092400,10,16.0,1,tanks aren't afraid of mud
5163,Cosmic Journeys,2009,16+,10/100,0,0,1,0,tv_show,reality television,United States,English,10.0,tt0092400,10,16.0,1,cosmic journeys
5164,Ghost Stories Of Scotland,2017,16+,10/100,0,0,1,0,tv_show,reality television,United States,English,10.0,tt0092400,10,16.0,1,ghost stories of scotland
5165,Pinkfong! Christmas Carols,2016,16+,10/100,0,0,1,0,tv_show,reality television,United States,English,10.0,tt0092400,10,16.0,1,pinkfong! christmas carols
5166,Can We Cure,2018,16+,10/100,0,0,1,0,tv_show,reality television,United States,English,10.0,tt0092400,10,16.0,1,can we cure
5167,Socially Awkward,2017,16+,10/100,0,0,1,0,tv_show,reality television,United States,English,10.0,tt0092400,10,16.0,1,socially awkward
5168,L.A. Cops,1998,16+,10/100,0,0,1,0,tv_show,reality television,United States,English,10.0,tt0092400,10,16.0,1,l.a. cops
5169,Smoke & Steam,1990,16+,10/100,0,0,1,0,tv_show,reality television,United States,English,10.0,tt0092400,10,16.0,1,smoke & steam
5170,"Cars, Cars",2017,16+,10/100,0,0,1,0,tv_show,reality television,United States,English,10.0,tt0092400,10,16.0,1,"cars, cars"
5171,Grace for Beginners,2014,16+,10/100,0,0,1,0,tv_show,reality television,United States,English,10.0,tt0092400,10,16.0,1,grace for beginners
5172,Raised Hunting,2015,16+,10/100,0,0,1,0,tv_show,reality television,United States,English,10.0,tt0092400,10,16.0,1,raised hunting
5173,K2: The Italian Mountain,2012,16+,10/100,0,0,1,0,tv_show,reality television,United States,English,10.0,tt0092400,10,16.0,1,k2: the italian mountain
5174,ANGRY ALIENS,2016,16+,10/100,0,0,1,0,tv_show,reality television,United States,English,10.0,tt0092400,10,16.0,1,angry aliens
5175,The Crack!,2011,16+,10/100,0,0,1,0,tv_show,reality television,United States,English,10.0,tt0092400,10,16.0,1,the crack!
5176,Pet Medics: New Zealand,2016,16+,10/100,0,0,1,0,tv_show,reality television,United States,English,10.0,tt0092400,10,16.0,1,pet medics: new zealand
5177,How2: How to do Amazing Things! (with Annoying Orange & Pear!),2016,16+,10/100,0,0,1,0,tv_show,reality television,United States,English,10.0,tt0092400,10,16.0,1,how2: how to do amazing things! (with annoying orange & pear!)
5178,My Animal Friends,2018,16+,10/100,0,0,1,0,tv_show,"documentary film, family film","Czech Republic, Australia, United Kingdom",English,10.0,tt6764176,10,16.0,1,my animal friends
5179,Citizens of the World,2010,16+,10/100,0,0,1,0,tv_show,reality television,United States,English,10.0,tt0092400,10,16.0,1,citizens of the world
5180,Roomies & Friends,2013,16+,10/100,0,0,1,0,tv_show,reality television,United States,English,10.0,tt0092400,10,16.0,1,roomies & friends
5181,Lego Set Builds Star Wars - Artifex,2016,16+,10/100,0,0,1,0,tv_show,reality television,United States,English,10.0,tt0092400,10,16.0,1,lego set builds star wars - artifex
5182,Equipo Constructor en Auto City,2016,16+,10/100,0,0,1,0,tv_show,reality television,United States,English,10.0,tt0092400,10,16.0,1,equipo constructor en auto city
5183,Premier Guitar Rig Rundown,2016,16+,10/100,0,0,1,0,tv_show,reality television,United States,English,10.0,tt0092400,10,16.0,1,premier guitar rig rundown
5184,The Most Ridiculous Things From The Walking Dead,2017,16+,10/100,0,0,1,0,tv_show,reality television,United States,English,10.0,tt0092400,10,16.0,1,the most ridiculous things from the walking dead
5185,An Egg's Guide to Minecraft,2012,16+,10/100,0,0,1,0,tv_show,reality television,United States,English,10.0,tt0092400,10,16.0,1,an egg's guide to minecraft
5186,The Flavors of Italy,2013,16+,10/100,0,0,1,0,tv_show,reality television,United States,English,10.0,tt0092400,10,16.0,1,the flavors of italy
5187,Lego Set Builds Minecraft - Artifex,2017,16+,10/100,0,0,1,0,tv_show,reality television,United States,English,10.0,tt0092400,10,16.0,1,lego set builds minecraft - artifex
5188,The Best Markets On Earth,2017,16+,10/100,0,0,1,0,tv_show,reality television,United States,English,10.0,tt0092400,10,16.0,1,the best markets on earth
5189,Quark Science,2018,16+,10/100,0,0,1,0,tv_show,reality television,United States,English,10.0,tt0092400,10,16.0,1,quark science
5190,Bobby Ashley's Repercussions,2014,16+,10/100,0,0,1,0,tv_show,reality television,United States,English,10.0,tt0092400,10,16.0,1,bobby ashley's repercussions
5191,Life Beyond Earth,2018,16+,10/100,0,0,1,0,tv_show,reality television,United States,English,10.0,tt0092400,10,16.0,1,life beyond earth
5192,Moving Machines For Kids,2017,16+,10/100,0,0,1,0,tv_show,reality television,United States,English,10.0,tt0092400,10,16.0,1,moving machines for kids
5193,Best Arrangement,2017,16+,10/100,0,0,1,0,tv_show,reality television,United States,English,10.0,tt0092400,10,16.0,1,best arrangement
5194,Baking with Toddlers,2017,16+,10/100,0,0,1,0,tv_show,reality television,United States,English,10.0,tt0092400,10,16.0,1,baking with toddlers
5195,Halloween of Car City,2018,16+,10/100,0,0,1,0,tv_show,reality television,United States,English,10.0,tt0092400,10,16.0,1,halloween of car city
5196,Pinkfong! Healthy Habit Songs,2017,16+,10/100,0,0,1,0,tv_show,reality television,United States,English,10.0,tt0092400,10,16.0,1,pinkfong! healthy habit songs
5197,Pinkfong! Princess Songs,2017,16+,10/100,0,0,1,0,tv_show,reality television,United States,English,10.0,tt0092400,10,16.0,1,pinkfong! princess songs
5198,Switzerland's Amazing Train Rides,2014,16+,10/100,0,0,1,0,tv_show,reality television,United States,English,10.0,tt0092400,10,16.0,1,switzerland's amazing train rides
5199,All About My Siblings,2014,16+,10/100,0,0,1,0,tv_show,reality television,United States,English,10.0,tt0092400,10,16.0,1,all about my siblings
5200,Tatiana's Night,2015,16+,10/100,0,0,1,0,tv_show,reality television,United States,English,10.0,tt0092400,10,16.0,1,tatiana's night
5201,Barn Find Hunter,2016,16+,10/100,0,0,1,0,tv_show,reality television,United States,English,10.0,tt0092400,10,16.0,1,barn find hunter
5202,Holy Wars,2004,16+,10/100,0,0,1,0,tv_show,reality television,United States,English,10.0,tt0092400,10,16.0,1,holy wars
5203,Learning Shapes and Colours in Creative Lesson - Education Video for Children,2018,16+,10/100,0,0,1,0,tv_show,reality television,United States,English,10.0,tt0092400,10,16.0,1,learning shapes and colours in creative lesson - education video for children
5204,World Changers Television,2017,16+,10/100,0,0,1,0,tv_show,reality television,United States,English,10.0,tt0092400,10,16.0,1,world changers television
5205,Love Tribulations,2009,16+,10/100,0,0,1,0,tv_show,reality television,People's Republic of China,English,10.0,tt0092400,10,16.0,1,love tribulations
5206,Gourmet Makes,2018,16+,10/100,0,0,1,0,tv_show,reality television,United States,English,9.2,tt10162630,10,16.0,1,gourmet makes
5207,Analyse,2017,16+,10/100,0,0,1,0,tv_show,reality television,United States,English,10.0,tt0092400,10,16.0,1,analyse
5208,Road Kings,2016,16+,10/100,0,0,1,0,tv_show,reality television,United States,English,10.0,tt0092400,10,16.0,1,road kings
5209,Pinkfing! Time Songs,2017,16+,10/100,0,0,1,0,tv_show,reality television,United States,English,10.0,tt0092400,10,16.0,1,pinkfing! time songs
5210,OMG!,2016,16+,10/100,0,0,1,0,tv_show,television news magazine,United States,English,3.0,tt0430836,10,16.0,1,omg!
5211,Car Patrol: The Adventures of Matt the Police Car and Frank the Firetruck,2016,16+,10/100,0,0,1,0,tv_show,reality television,United States,English,10.0,tt0092400,10,16.0,1,car patrol: the adventures of matt the police car and frank the firetruck
5212,Uchimura Summers,2016,16+,10/100,0,0,1,0,tv_show,reality television,United States,English,10.0,tt0092400,10,16.0,1,uchimura summers
5213,Finley's Factory - Super Simple,2016,16+,10/100,0,0,1,0,tv_show,reality television,United States,English,10.0,tt0092400,10,16.0,1,finley's factory - super simple
5214,Royal Watch,2017,16+,10/100,0,0,1,0,tv_show,reality television,United States,English,10.0,tt0092400,10,16.0,1,royal watch
5215,The Bacca Chronicles,2015,16+,10/100,0,0,1,0,tv_show,reality television,United States,English,10.0,tt0092400,10,16.0,1,the bacca chronicles
5216,Warriors of the Night,1998,16+,10/100,0,0,1,0,tv_show,reality television,United States,English,10.0,tt0092400,10,16.0,1,warriors of the night
5217,Bogus Beauty,2017,16+,10/100,0,0,1,0,tv_show,reality television,United States,English,10.0,tt0092400,10,16.0,1,bogus beauty
5218,ReCore Video Gameplay,2017,16+,10/100,0,0,1,0,tv_show,reality television,United States,English,10.0,tt0092400,10,16.0,1,recore video gameplay
5219,The History Of Ford Trucks,2016,16+,10/100,0,0,1,0,tv_show,reality television,United States,English,10.0,tt0092400,10,16.0,1,the history of ford trucks
5220,Car Collectors,2013,16+,10/100,0,0,1,0,tv_show,reality television,United States,English,10.0,tt0092400,10,16.0,1,car collectors
5221,Bana: Heart of Darkness,2017,16+,10/100,0,0,1,0,tv_show,reality television,United States,English,10.0,tt0092400,10,16.0,1,bana: heart of darkness
5222,Grandma's Cats (Are Trying To Kill Her!),2015,16+,10/100,0,0,1,0,tv_show,reality television,United States,English,10.0,tt0092400,10,16.0,1,grandma's cats (are trying to kill her!)
5223,Minecraft - Survival Madness Adventures,2016,16+,10/100,0,0,1,0,tv_show,reality television,United States,English,10.0,tt0092400,10,16.0,1,minecraft - survival madness adventures
5224,Empires Of Stone,2010,16+,10/100,0,0,1,0,tv_show,reality television,United States,English,10.0,tt0092400,10,16.0,1,empires of stone
5225,Beyond Invention,2004,16+,10/100,0,0,1,0,tv_show,television documentary,Canada,English,10.0,tt0429315,10,16.0,1,beyond invention
5226,Railway Roundup,2010,16+,10/100,0,0,1,0,tv_show,reality television,United States,English,10.0,tt0092400,10,16.0,1,railway roundup
5227,Review: Disney Toy Review,2017,16+,10/100,0,0,1,0,tv_show,reality television,United States,English,10.0,tt0092400,10,16.0,1,review: disney toy review
5228,Delinquent Hamsters,2013,16+,10/100,0,0,1,0,tv_show,reality television,United States,English,10.0,tt0092400,10,16.0,1,delinquent hamsters
5229,"Review: Cool Collectibles Dolls, Toys and Vinyl Figures Reviews",2017,16+,10/100,0,0,1,0,tv_show,reality television,United States,English,10.0,tt0092400,10,16.0,1,"review: cool collectibles dolls, toys and vinyl figures reviews"
5230,Planet Wild,2007,16+,10/100,0,0,1,0,tv_show,reality television,United States,English,10.0,tt0092400,10,16.0,1,planet wild
5231,Genius of Nature,2012,16+,10/100,0,0,1,0,tv_show,reality television,United States,English,10.0,tt0092400,10,16.0,1,genius of nature
5232,Julie Nolke,2015,16+,10/100,0,0,1,0,tv_show,reality television,United States,English,10.0,tt0092400,10,16.0,1,julie nolke
5233,Speaker Meeting,2017,16+,10/100,0,0,1,0,tv_show,reality television,United States,English,10.0,tt0092400,10,16.0,1,speaker meeting
5234,Saints & Sinners: The History of the Popes,2013,16+,10/100,0,0,1,0,tv_show,reality television,United States,English,10.0,tt0092400,10,16.0,1,saints & sinners: the history of the popes
5235,The Lazy Chef,2011,16+,10/100,0,0,1,0,tv_show,reality television,United States,English,10.0,tt0092400,10,16.0,1,the lazy chef
5236,Livin' 'Neath The Law with Jack McBrayer,2007,16+,10/100,0,0,1,0,tv_show,reality television,United States,English,10.0,tt0092400,10,16.0,1,livin' 'neath the law with jack mcbrayer
5237,Fishstick & Honeybear,2014,16+,10/100,0,0,1,0,tv_show,reality television,United States,English,10.0,tt0092400,10,16.0,1,fishstick & honeybear
5238,BigDo2 - Random Hair,2016,16+,10/100,0,0,1,0,tv_show,reality television,United States,English,10.0,tt0092400,10,16.0,1,bigdo2 - random hair
5239,Car Patrol of Car City,2017,16+,10/100,0,0,1,0,tv_show,reality television,United States,English,10.0,tt0092400,10,16.0,1,car patrol of car city
5240,Inside Series,2011,16+,10/100,0,0,1,0,tv_show,television documentary,United States,English,10.0,tt0092400,10,16.0,1,inside series
5241,Eori,2016,16+,10/100,0,0,1,0,tv_show,reality television,United States,English,10.0,tt0092400,10,16.0,1,eori
5242,Desperate Widows,2016,16+,10/100,0,0,1,0,tv_show,reality television,United States,English,10.0,tt0092400,10,16.0,1,desperate widows
5243,Uncaged: The Animated Series,2017,16+,10/100,0,0,1,0,tv_show,reality television,United States,English,10.0,tt0092400,10,16.0,1,uncaged: the animated series
5244,Innovations of War,2014,16+,10/100,0,0,1,0,tv_show,reality television,United States,English,10.0,tt0092400,10,16.0,1,innovations of war
5245,Jimmy Blue Shorts,2014,16+,10/100,0,0,1,0,tv_show,reality television,United States,English,10.0,tt0092400,10,16.0,1,jimmy blue shorts
5246,Love In Han Yuan,2018,16+,10/100,0,0,1,0,tv_show,reality television,United States,English,10.0,tt0092400,10,16.0,1,love in han yuan
5247,Review: Shopkins Shoppies Doll Reviews,2017,16+,10/100,0,0,1,0,tv_show,reality television,United States,English,10.0,tt0092400,10,16.0,1,review: shopkins shoppies doll reviews
5248,Review: Blind Bags and Surprise Toy Reviews,2017,16+,10/100,0,0,1,0,tv_show,reality television,United States,English,10.0,tt0092400,10,16.0,1,review: blind bags and surprise toy reviews
5249,Pinkfong! Baby Shark & Halloween Songs,2018,16+,10/100,0,0,1,0,tv_show,reality television,United States,English,10.0,tt0092400,10,16.0,1,pinkfong! baby shark & halloween songs
5250,Astrid Strudelman The Unicorn Whisperer,2014,16+,10/100,0,0,1,0,tv_show,reality television,United States,English,10.0,tt0092400,10,16.0,1,astrid strudelman the unicorn whisperer
5251,History's Biggest Secrets,2013,16+,10/100,0,0,1,0,tv_show,reality television,United States,English,10.0,tt0092400,10,16.0,1,history's biggest secrets
5252,My Prom Makeover,2014,16+,10/100,0,0,1,0,tv_show,reality television,United States,English,10.0,tt0092400,10,16.0,1,my prom makeover
5253,Image Essence,2013,16+,10/100,0,0,1,0,tv_show,reality television,United States,English,10.0,tt0092400,10,16.0,1,image essence
5254,How To Self-Publish,2017,16+,10/100,0,0,1,0,tv_show,reality television,United States,English,10.0,tt0092400,10,16.0,1,how to self-publish
5255,Bryanboy Goes to College,2014,16+,10/100,0,0,1,0,tv_show,reality television,United States,English,10.0,tt0092400,10,16.0,1,bryanboy goes to college
5256,The Coeds,2015,16+,10/100,0,0,1,0,tv_show,reality television,United States,English,10.0,tt0092400,10,16.0,1,the coeds
5257,Awesome Hot Rods,2017,16+,10/100,0,0,1,0,tv_show,reality television,United States,English,10.0,tt0092400,10,16.0,1,awesome hot rods
5258,Troy el Tren en Auto City,2016,16+,10/100,0,0,1,0,tv_show,reality television,United States,English,10.0,tt0092400,10,16.0,1,troy el tren en auto city
5259,Kickstart or Die,2013,16+,10/100,0,0,1,0,tv_show,reality television,United States,English,10.0,tt0092400,10,16.0,1,kickstart or die
5260,Chasing November,2016,16+,10/100,0,0,1,0,tv_show,reality television,United States,English,10.0,tt0092400,10,16.0,1,chasing november
5261,Quick Bites,2017,16+,10/100,0,0,1,0,tv_show,reality television,United States,English,5.6,tt1858520,10,16.0,1,quick bites
5262,Happy Bear Kid Andrea,2016,16+,10/100,0,0,1,0,tv_show,reality television,United States,English,10.0,tt0092400,10,16.0,1,happy bear kid andrea
5263,Totally Real Movies Coming Soon,2010,16+,10/100,0,0,1,0,tv_show,reality television,United States,English,10.0,tt0092400,10,16.0,1,totally real movies coming soon
5264,Air Wars,2000,16+,10/100,0,0,1,0,tv_show,reality television,United States,English,10.0,tt0092400,10,16.0,1,air wars
5265,Operation Shadow,2017,16+,10/100,0,0,1,0,tv_show,reality television,United States,English,10.0,tt0092400,10,16.0,1,operation shadow
5266,The Special Needs Hotel,2015,16+,10/100,0,0,1,0,tv_show,reality television,United States,English,10.0,tt0092400,10,16.0,1,the special needs hotel
5267,World War I,2014,16+,10/100,0,0,1,0,tv_show,reality television,United States,English,10.0,tt0092400,10,16.0,1,world war i
5268,Clip: Lego Set Builds Minifgures - Artifex,2016,16+,10/100,0,0,1,0,tv_show,reality television,United States,English,10.0,tt0092400,10,16.0,1,clip: lego set builds minifgures - artifex
5269,High Blood Pressure,2016,16+,10/100,0,0,1,0,tv_show,reality television,United States,English,10.0,tt0092400,10,16.0,1,high blood pressure
5270,Supernova,2005,16+,10/100,0,1,1,0,tv_show,reality television,United States,English,10.0,tt0092400,10,16.0,1,supernova
5271,Mu Guiying Takes Command,2012,16+,10/100,0,0,1,0,tv_show,reality television,People's Republic of China,English,10.0,tt0092400,10,16.0,1,mu guiying takes command
5272,Nordic Road Trip 2018,2018,16+,10/100,0,0,1,0,tv_show,reality television,United States,English,10.0,tt0092400,10,16.0,1,nordic road trip 2018
5273,LEGO Dimensions Gameplay,2017,16+,10/100,0,0,1,0,tv_show,reality television,United States,English,10.0,tt0092400,10,16.0,1,lego dimensions gameplay
5274,Learning with Vehicles,2015,16+,10/100,0,0,1,0,tv_show,reality television,United States,English,10.0,tt0092400,10,16.0,1,learning with vehicles
5275,Celebrity Snackdown,2017,16+,10/100,0,0,1,0,tv_show,reality television,United States,English,10.0,tt0092400,10,16.0,1,celebrity snackdown
5276,Eat Yourself Sexy,2009,16+,10/100,0,0,1,0,tv_show,reality television,United States,English,10.0,tt0092400,10,16.0,1,eat yourself sexy
5277,Second War Diary - The War Day by Day,2014,16+,10/100,0,0,1,0,tv_show,reality television,United States,English,10.0,tt0092400,10,16.0,1,second war diary - the war day by day
5278,Warning Men Thinking,2015,16+,10/100,0,0,1,0,tv_show,reality television,United States,English,10.0,tt0092400,10,16.0,1,warning men thinking
5279,Space Adventure Legend Quest,2013,16+,10/100,0,0,1,0,tv_show,reality television,United States,English,10.0,tt0092400,10,16.0,1,space adventure legend quest
5280,This Is My City,2013,16+,10/100,0,0,1,0,tv_show,reality television,United States,English,10.0,tt0092400,10,16.0,1,this is my city
5281,Eyewitness Weather Disasters,2012,16+,10/100,0,0,1,0,tv_show,reality television,United States,English,10.0,tt0092400,10,16.0,1,eyewitness weather disasters
5282,Health Issues: Alzheimer's,2010,16+,10/100,0,0,1,0,tv_show,reality television,United States,English,10.0,tt0092400,10,16.0,1,health issues: alzheimer's
5283,Kids Try,2016,16+,10/100,0,0,1,0,tv_show,reality television,United States,English,10.0,tt0092400,10,16.0,1,kids try
5284,The Hunting Public,2017,16+,10/100,0,0,1,0,tv_show,reality television,United States,English,10.0,tt0092400,10,16.0,1,the hunting public
5285,Dream Town,2015,16+,10/100,0,0,1,0,tv_show,reality television,United States,English,10.0,tt0092400,10,16.0,1,dream town
5286,From the Test Kitchen,2017,16+,10/100,0,0,1,0,tv_show,reality television,United States,English,10.0,tt0092400,10,16.0,1,from the test kitchen
5287,Killing The Fat Man,2017,16+,10/100,0,0,1,0,tv_show,reality television,United States,English,10.0,tt0092400,10,16.0,1,killing the fat man
5288,Game Bang,2013,16+,10/100,0,0,1,0,tv_show,reality television,United States,English,10.0,tt0092400,10,16.0,1,game bang
5289,Invisivle TOKYO,2016,16+,10/100,0,0,1,0,tv_show,reality television,United States,English,10.0,tt0092400,10,16.0,1,invisivle tokyo
5290,PINKFONG!,2017,16+,10/100,0,0,1,0,tv_show,reality television,United States,English,10.0,tt0092400,10,16.0,1,pinkfong!
5291,Pinkfong! Body Songs,2017,16+,10/100,0,0,1,0,tv_show,reality television,United States,English,10.0,tt0092400,10,16.0,1,pinkfong! body songs
5292,Dr. Qin,2018,16+,10/100,0,0,1,0,tv_show,reality television,United States,English,10.0,tt0092400,10,16.0,1,dr. qin
5293,Sirenetta & the Second Star,2017,16+,10/100,0,0,1,0,tv_show,reality television,United States,English,10.0,tt0092400,10,16.0,1,sirenetta & the second star
5294,Dibo the Gift Dragon,2012,16+,10/100,0,0,1,0,tv_show,reality television,United States,English,10.0,tt0092400,10,16.0,1,dibo the gift dragon
5295,Everyday Elevated With Sharone Hakman,2017,16+,10/100,0,0,1,0,tv_show,reality television,United States,English,10.0,tt0092400,10,16.0,1,everyday elevated with sharone hakman
5296,Wide World of Kids,2013,16+,10/100,0,0,1,0,tv_show,reality television,United States,English,10.0,tt0092400,10,16.0,1,wide world of kids
5297,Tom the Tow Truck,2016,16+,10/100,0,0,1,0,tv_show,reality television,United States,English,10.0,tt0092400,10,16.0,1,tom the tow truck
5298,Yoga Class for Beginners with Irini Res,2017,16+,10/100,0,0,1,0,tv_show,reality television,United States,English,10.0,tt0092400,10,16.0,1,yoga class for beginners with irini res
5299,Trains,2016,16+,10/100,0,0,1,0,tv_show,reality television,United States,English,10.0,tt0092400,10,16.0,1,trains
5300,Finding the Future,2017,16+,10/100,0,0,1,0,tv_show,reality television,United States,English,10.0,tt0092400,10,16.0,1,finding the future
5301,Puppy Prep,2018,16+,10/100,0,0,1,0,tv_show,reality television,United States,English,10.0,tt0092400,10,16.0,1,puppy prep
5302,Video Wallpaper,2017,16+,10/100,0,0,1,0,tv_show,reality television,United States,English,10.0,tt0092400,10,16.0,1,video wallpaper
5303,Five Minute Fairy Tales,2017,16+,10/100,0,0,1,0,tv_show,reality television,United States,English,10.0,tt0092400,10,16.0,1,five minute fairy tales
5304,Gamer Next Door,2015,16+,10/100,0,0,1,0,tv_show,reality television,United States,English,10.0,tt0092400,10,16.0,1,gamer next door
5305,Crazy TV Pranks. Funny Surprises,2013,16+,10/100,0,0,1,0,tv_show,reality television,United States,English,10.0,tt0092400,10,16.0,1,crazy tv pranks. funny surprises
5306,Haus of Schreck,2018,16+,10/100,0,0,1,0,tv_show,reality television,United States,English,10.0,tt0092400,10,16.0,1,haus of schreck
5307,The Kingdom and End Times,2016,16+,10/100,0,0,1,0,tv_show,reality television,United States,English,10.0,tt0092400,10,16.0,1,the kingdom and end times
5308,Dombey and Son,1983,16+,10/100,0,0,1,0,tv_show,reality television,United States,English,10.0,tt0092400,10,16.0,1,dombey and son
5309,Drunken Movie Geeks,2017,16+,10/100,0,0,1,0,tv_show,reality television,United States,English,10.0,tt0092400,10,16.0,1,drunken movie geeks
5310,The GCN Show,2016,16+,10/100,0,0,1,0,tv_show,reality television,United States,English,10.0,tt0092400,10,16.0,1,the gcn show
5311,Gloriavale,2014,16+,10/100,0,0,1,0,tv_show,reality television,United States,English,10.0,tt0092400,10,16.0,1,gloriavale
5312,The Laura Show,2017,16+,10/100,0,0,1,0,tv_show,reality television,United States,English,10.0,tt0092400,10,16.0,1,the laura show
5313,Fonko: Contemporary Africa Through Its Urban Music,2017,16+,10/100,0,0,1,0,tv_show,reality television,United States,English,10.0,tt0092400,10,16.0,1,fonko: contemporary africa through its urban music
5314,Cream,2017,16+,10/100,0,0,1,0,tv_show,reality television,United States,English,10.0,tt0092400,10,16.0,1,cream
5315,Tanks!,2005,16+,10/100,0,0,1,0,tv_show,reality television,United States,English,10.0,tt0092400,10,16.0,1,tanks!
5316,Missy Mila Twisted Tales,2015,16+,10/100,0,0,1,0,tv_show,reality television,United States,English,10.0,tt0092400,10,16.0,1,missy mila twisted tales
5317,The Big Flip,2009,16+,10/100,0,0,1,0,tv_show,reality television,United States,English,10.0,tt0092400,10,16.0,1,the big flip
5318,Reelin' in the Keys,2017,16+,10/100,0,0,1,0,tv_show,reality television,United States,English,10.0,tt0092400,10,16.0,1,reelin' in the keys
5319,Pinkfong! Baby Shark Special,2017,16+,10/100,0,0,1,0,tv_show,reality television,United States,English,10.0,tt0092400,10,16.0,1,pinkfong! baby shark special
5320,Model Diaries,2017,16+,10/100,0,0,1,0,tv_show,reality television,United States,English,10.0,tt0092400,10,16.0,1,model diaries
5321,Dyches Fam 2016,2016,16+,10/100,0,0,1,0,tv_show,reality television,United States,English,10.0,tt0092400,10,16.0,1,dyches fam 2016
5322,Open Space,2011,16+,10/100,0,0,1,0,tv_show,reality television,United Kingdom,English,10.0,tt1589839,10,16.0,1,open space
5323,Strange Curiosity,2016,16+,10/100,0,0,1,0,tv_show,reality television,United States,English,10.0,tt0092400,10,16.0,1,strange curiosity
5324,Deep Rest: Guided Meditations with Christine Wushke,2017,16+,10/100,0,0,1,0,tv_show,reality television,United States,English,10.0,tt0092400,10,16.0,1,deep rest: guided meditations with christine wushke
5325,Tales of Morrissa,2017,16+,10/100,0,0,1,0,tv_show,reality television,United States,English,10.0,tt0092400,10,16.0,1,tales of morrissa
5326,The Golden Age of Toy Trains,2012,16+,10/100,0,0,1,0,tv_show,reality television,United States,English,10.0,tt0092400,10,16.0,1,the golden age of toy trains
5327,Meditations on Love,2017,16+,10/100,0,0,1,0,tv_show,reality television,United States,English,10.0,tt0092400,10,16.0,1,meditations on love
5328,The Rise of Mankind,2018,16+,10/100,0,0,1,0,tv_show,reality television,United States,English,10.0,tt0092400,10,16.0,1,the rise of mankind
5329,Little Big Awesome,2016,16+,10/100,0,0,1,0,tv_show,reality television,United States,English,9.0,tt5615874,10,16.0,1,little big awesome
5330,Men with Sword 2,2016,16+,10/100,0,0,1,0,tv_show,reality television,United States,English,10.0,tt0092400,10,16.0,1,men with sword 2
5331,Best of Ellen's Scares,2012,16+,10/100,0,0,1,0,tv_show,reality television,United States,English,10.0,tt0092400,10,16.0,1,best of ellen's scares
5332,Drawing PS4 Spider-Man,2018,16+,10/100,0,0,1,0,tv_show,reality television,United States,English,10.0,tt0092400,10,16.0,1,drawing ps4 spider-man
5333,Tales of The Wild West,2017,16+,10/100,0,0,1,0,tv_show,reality television,United States,English,10.0,tt0092400,10,16.0,1,tales of the wild west
5334,Jump Start Your Photography,2011,16+,10/100,0,0,1,0,tv_show,reality television,United States,English,10.0,tt0092400,10,16.0,1,jump start your photography
5335,Laver Cup 2018,2018,16+,10/100,0,0,1,0,tv_show,reality television,United States,English,10.0,tt0092400,10,16.0,1,laver cup 2018
5336,My Sister-in-Law,2015,16+,10/100,0,0,1,0,tv_show,reality television,United States,English,10.0,tt0092400,10,16.0,1,my sister-in-law
5337,Take On The World Conference 2017,2017,16+,10/100,0,0,1,0,tv_show,reality television,United States,English,10.0,tt0092400,10,16.0,1,take on the world conference 2017
5338,Dropping the Soap,2017,16+,10/100,0,0,1,0,tv_show,reality television,United States,English,10.0,tt0092400,10,16.0,1,dropping the soap
5339,Onyx Kids,2016,16+,10/100,0,0,1,0,tv_show,reality television,United States,English,10.0,tt0092400,10,16.0,1,onyx kids
5340,Chickenwatch,2018,16+,10/100,0,0,1,0,tv_show,reality television,United States,English,10.0,tt0092400,10,16.0,1,chickenwatch
5341,Minecraft Survival with Brick Show Brian!,2016,16+,10/100,0,0,1,0,tv_show,reality television,United States,English,10.0,tt0092400,10,16.0,1,minecraft survival with brick show brian!
5342,Jelly Jam,2011,16+,10/100,0,0,1,0,tv_show,reality television,United States,English,10.0,tt0092400,10,16.0,1,jelly jam
5343,Tanlines,2011,16+,10/100,0,0,1,0,tv_show,reality television,United States,English,10.0,tt0092400,10,16.0,1,tanlines
5344,Looi,2014,16+,10/100,0,0,1,0,tv_show,reality television,United States,English,10.0,tt0092400,10,16.0,1,looi
5345,Reading Egg's The Eggsperts,2014,16+,10/100,0,0,1,0,tv_show,reality television,United States,English,10.0,tt0092400,10,16.0,1,reading egg's the eggsperts
5346,Lots & Lots of Fire Trucks,2010,16+,10/100,0,0,1,0,tv_show,reality television,United States,English,10.0,tt0092400,10,16.0,1,lots & lots of fire trucks
5347,Hop Up TV,2016,16+,10/100,0,0,1,0,tv_show,reality television,United States,English,10.0,tt0092400,10,16.0,1,hop up tv
5348,The GiggleBellies - Monster Truck Learning,2017,16+,10/100,0,0,1,0,tv_show,reality television,United States,English,10.0,tt0092400,10,16.0,1,the gigglebellies - monster truck learning
5349,The Contract Terms,2011,16+,10/100,0,0,1,0,tv_show,reality television,United States,English,10.0,tt0092400,10,16.0,1,the contract terms
5350,Designing Ireland,2015,16+,10/100,0,0,1,0,tv_show,reality television,United States,English,10.0,tt0092400,10,16.0,1,designing ireland
5351,Red Dust,2013,16+,10/100,0,0,1,0,tv_show,reality television,United States,English,10.0,tt0092400,10,16.0,1,red dust
5352,Great Indian Wars,2009,16+,10/100,0,0,1,0,tv_show,reality television,United States,English,10.0,tt0092400,10,16.0,1,great indian wars
5353,Can I Catch It,2018,16+,10/100,0,0,1,0,tv_show,reality television,United States,English,10.0,tt0092400,10,16.0,1,can i catch it
5354,Blue City,2015,16+,10/100,0,0,1,0,tv_show,reality television,United States,English,10.0,tt0092400,10,16.0,1,blue city
5355,Kintoons,2018,16+,10/100,0,0,1,0,tv_show,reality television,United States,English,10.0,tt0092400,10,16.0,1,kintoons
5356,Wedding Season,2017,16+,10/100,0,0,1,0,tv_show,reality television,United Kingdom,English,8.0,tt15114768,10,16.0,1,wedding season
5357,The Fall and Rise of Britain's Railways,2008,16+,10/100,0,0,1,0,tv_show,reality television,United States,English,10.0,tt0092400,10,16.0,1,the fall and rise of britain's railways
5358,Flood,2008,16+,10/100,0,0,1,0,tv_show,reality television,United States,English,10.0,tt0092400,10,16.0,1,flood
5359,Our American Family,2012,16+,10/100,0,0,1,0,tv_show,reality television,United States,English,10.0,tt0092400,10,16.0,1,our american family
5360,Back to Back Chef,2017,16+,10/100,0,0,1,0,tv_show,reality television,United States,English,10.0,tt0092400,10,16.0,1,back to back chef
5361,True War Stories,2015,16+,10/100,0,0,1,0,tv_show,reality television,United States,English,10.0,tt0092400,10,16.0,1,true war stories
5362,Top 30 Wonderful Rhymes,2013,16+,10/100,0,0,1,0,tv_show,reality television,United States,English,10.0,tt0092400,10,16.0,1,top 30 wonderful rhymes
5363,Inside Hitler's Killing Machine,2016,16+,10/100,0,0,1,0,tv_show,reality television,United States,English,10.0,tt0092400,10,16.0,1,inside hitler's killing machine
5364,Dowry,2015,16+,10/100,0,0,1,0,tv_show,reality television,Taiwan,English,10.0,tt0092400,10,16.0,1,dowry
5365,Tales To Get Scared To,2016,16+,10/100,0,0,1,0,tv_show,reality television,United States,English,10.0,tt0092400,10,16.0,1,tales to get scared to
5366,Review: Mega Construx Dinotrux Reviews,2017,16+,10/100,0,0,1,0,tv_show,reality television,United States,English,10.0,tt0092400,10,16.0,1,review: mega construx dinotrux reviews
5367,What's Up In Space: The Solar System For Kids Series,2010,16+,10/100,0,0,1,0,tv_show,reality television,United States,English,10.0,tt0092400,10,16.0,1,what's up in space: the solar system for kids series
5368,Nursery Rhymes Time,2017,16+,10/100,0,0,1,0,tv_show,reality television,United States,English,10.0,tt0092400,10,16.0,1,nursery rhymes time
5369,Home to Flip,2009,16+,10/100,0,0,1,0,tv_show,reality television,United States,English,10.0,tt0092400,10,16.0,1,home to flip
5370,Nature Adventures with Terri and Todd,2018,16+,10/100,0,0,1,0,tv_show,reality television,United States,English,10.0,tt0092400,10,16.0,1,nature adventures with terri and todd
5371,Breakfast with Bevan,2013,16+,10/100,0,0,1,0,tv_show,reality television,United States,English,10.0,tt0092400,10,16.0,1,breakfast with bevan
5372,"Gas, Grub, and Ghosts",2017,16+,10/100,0,0,1,0,tv_show,reality television,United States,English,10.0,tt0092400,10,16.0,1,"gas, grub, and ghosts"
5373,Extreme Constructions,2017,16+,10/100,0,0,1,0,tv_show,reality television,United States,English,10.0,tt0092400,10,16.0,1,extreme constructions
5374,Nature's Treasure Islands,2014,16+,10/100,0,0,1,0,tv_show,reality television,United States,English,10.0,tt0092400,10,16.0,1,nature's treasure islands
5375,Lego Set Builds Chima - Artifex,2017,16+,10/100,0,0,1,0,tv_show,reality television,United States,English,10.0,tt0092400,10,16.0,1,lego set builds chima - artifex
5376,Loki,2021,16+,95/100,0,0,0,1,tv_show,"fantasy television series, adventure television series, action television series, superhero television program",United States,English,8.0,tt9140554,95,16.0,1,loki
5377,The Mandalorian,2019,16+,94/100,0,0,0,1,tv_show,"science fiction television program, space Western, adventure television series",United States,English,9.0,tt8111088,94,16.0,1,the mandalorian
5379,WandaVision,2021,16+,89/100,0,0,0,1,tv_show,"fantasy television series, superhero television program, adventure television series, drama television series",United States,English,7.0,tt9140560,89,16.0,1,wandavision
5381,The Falcon and the Winter Soldier,2021,16+,86/100,0,0,0,1,tv_show,"drama television series, superhero television program, buddy film",United States,English,8.0,tt9208876,86,16.0,1,the falcon and the winter soldier
5382,Star Wars: The Clone Wars,2008,7+,85/100,0,0,0,1,tv_show,reality television,United States,English,8.3/10,tt0092400,85,7.0,1,star wars: the clone wars
5383,Once Upon a Time,2011,7+,83/100,0,0,0,1,tv_show,"fantasy television series, adventure television series, drama television series, romance television series",United States,English,7.7,tt1843230,83,7.0,1,once upon a time
5384,Marvel's Agent Carter,2015,7+,82/100,0,0,0,1,tv_show,"drama television series, science fiction television program, detective fiction",United States,English,8.0,tt3475734,82,7.0,1,marvel's agent carter
5385,The Bad Batch,2021,7+,82/100,1,0,0,1,tv_show,reality television,United States,English,8.2/10,tt0092400,82,7.0,1,the bad batch
5387,Star Wars Rebels,2014,7+,79/100,0,0,0,1,tv_show,reality television,United States,English,8.0/10,tt0092400,79,7.0,1,star wars rebels
5388,The Owl House,2020,7+,78/100,0,0,0,1,tv_show,reality television,United States,English,8.1/10,tt0092400,78,7.0,1,the owl house
5390,The Muppet Show,1976,all,78/100,0,0,0,1,tv_show,"comedy television series, puppetry, sketch comedy, variety show","United States, United Kingdom",English,8.4,tt0074028,78,16.0,1,the muppet show
5391,The Mysterious Benedict Society,2021,7+,76/100,0,0,0,1,tv_show,"fantasy television series, adventure television series, television series based on a novel",United States,English,8.0,tt11875316,76,7.0,1,the mysterious benedict society
5393,Monsters at Work,2021,all,75/100,0,0,0,1,tv_show,reality television,United States,English,7.2/10,tt0092400,75,16.0,1,monsters at work
5394,One Strange Rock,2018,all,74/100,0,0,0,1,tv_show,documentary film,United States,English,7.0,tt7651892,74,16.0,1,one strange rock
5395,High School Musical: The Musical: The Series,2019,7+,73/100,0,0,0,1,tv_show,"LGBT-related television series, teen drama television, mockumentary",United States,English,8.0,tt8510382,73,7.0,1,high school musical: the musical: the series
5396,Dinosaurs,1991,7+,73/100,0,0,0,1,tv_show,sitcom,United States,English,7.5,tt0101081,73,7.0,1,dinosaurs
5397,Boy Meets World,1993,all,72/100,0,0,0,1,tv_show,"teen sitcom, comedy drama",United States,English,8.1,tt0105958,72,16.0,1,boy meets world
5398,Big Shot,2021,7+,71/100,0,0,0,1,tv_show,sport film,United States,English,9.0,tt11238096,71,7.0,1,big shot
5399,Disney Gallery / Star Wars: The Mandalorian,2020,7+,71/100,0,0,0,1,tv_show,reality television,United States,English,9.0,tt12162902,71,7.0,1,disney gallery / star wars: the mandalorian
5400,Phineas and Ferb,2007,all,71/100,0,0,0,1,tv_show,reality television,United States,English,8.0/10,tt0092400,71,16.0,1,phineas and ferb
5401,Bluey,2018,all,71/100,0,0,0,1,tv_show,drama television series,Australia,English,8.0,tt0073966,71,16.0,1,bluey
5402,Spider-Man,1994,all,70/100,0,0,0,1,tv_show,reality television,United States,English,8.4/10,tt0092400,70,16.0,1,spider-man
5403,The Imagineering Story,2019,7+,69/100,0,0,0,1,tv_show,reality television,United States,English,9.0/10,tt0092400,69,7.0,1,the imagineering story
5404,DuckTales,1987,7+,69/100,0,0,0,1,tv_show,reality television,United States,English,8.1/10,tt0092400,69,7.0,1,ducktales
5406,Wizards of Waverly Place,2007,all,68/100,0,0,0,1,tv_show,"teen sitcom, fantasy television series",United States,English,7.0,tt0799922,68,16.0,1,wizards of waverly place
5407,Star Wars: Clone Wars,2003,7+,68/100,0,0,0,1,tv_show,reality television,United States,English,7.8/10,tt0092400,68,7.0,1,star wars: clone wars
5408,Wolverine and the X-Men,2009,7+,68/100,0,0,0,1,tv_show,reality television,United States,English,8.0/10,tt0092400,68,7.0,1,wolverine and the x-men
5410,Marvel Studios: Assembled,2021,7+,66/100,0,0,0,1,tv_show,television documentary,United States,English,8.0,tt14094206,66,7.0,1,marvel studios: assembled
5411,Kim Possible,2002,all,66/100,0,0,0,1,tv_show,reality television,United States,English,7.2/10,tt0092400,66,16.0,1,kim possible
5412,Once Upon a Time in Wonderland,2013,7+,66/100,0,0,0,1,tv_show,fantasy television series,United States,English,6.0,tt2802008,66,7.0,1,once upon a time in wonderland
5414,Marvel Studios: Legends,2021,16+,66/100,0,0,0,1,tv_show,"action film, superhero film, television documentary, superhero fiction",United States,English,6.5,tt13650480,66,16.0,1,marvel studios: legends
5415,Girl Meets World,2014,all,65/100,0,0,0,1,tv_show,comedy television series,United States,American English,7.0,tt2543796,65,16.0,1,girl meets world
5416,The Avengers: Earth's Mightiest Heroes,2010,7+,65/100,0,0,0,1,tv_show,reality television,United States,English,8.3/10,tt0092400,65,7.0,1,the avengers: earth's mightiest heroes
5417,The World According to Jeff Goldblum,2019,7+,65/100,0,0,0,1,tv_show,non-fiction,United States,English,8.0,tt10196390,65,7.0,1,the world according to jeff goldblum
5418,Marvel's Ultimate Spider-Man,2012,7+,65/100,0,0,0,1,tv_show,reality television,United States,English,7.2/10,tt0092400,65,7.0,1,marvel's ultimate spider-man
5420,Amphibia,2019,7+,65/100,0,0,0,1,tv_show,reality television,United States,English,8.1/10,tt0092400,65,7.0,1,amphibia
5421,Gargoyles,1994,7+,64/100,0,0,0,1,tv_show,reality television,United States,English,8.1/10,tt0092400,64,7.0,1,gargoyles
5422,The Suite Life of Zack & Cody,2005,all,64/100,0,0,0,1,tv_show,teen sitcom,United States,English,7.0,tt0426371,64,16.0,1,the suite life of zack & cody
5423,Darkwing Duck,1991,7+,64/100,0,0,0,1,tv_show,reality television,United States,English,7.6/10,tt0092400,64,7.0,1,darkwing duck
5424,The Right Stuff,2020,16+,64/100,0,0,0,1,tv_show,"historical drama, anthology series",United States,English,6.0,tt7423322,64,16.0,1,the right stuff
5425,The Muppets,2015,7+,64/100,1,0,0,1,tv_show,sitcom,United States,English,7.0,tt4651824,64,7.0,1,the muppets
5426,TRON: Uprising,2012,7+,64/100,0,0,0,1,tv_show,reality television,United States,English,8.2/10,tt0092400,64,7.0,1,tron: uprising
5427,The Mighty Ducks: Game Changers,2021,7+,63/100,0,0,0,1,tv_show,comedy drama,United States,English,10.0,tt7939768,63,7.0,1,the mighty ducks: game changers
5428,Marvel's Avengers Assemble,2013,7+,63/100,0,0,0,1,tv_show,reality television,United States,English,7.0/10,tt0092400,63,7.0,1,marvel's avengers assemble
5429,Recess,1997,7+,63/100,0,0,0,1,tv_show,reality television,United States,English,7.8/10,tt0092400,63,7.0,1,recess
5430,Chip 'n' Dale Rescue Rangers,1989,all,63/100,0,0,0,1,tv_show,reality television,United States,English,7.6/10,tt0092400,63,16.0,1,chip 'n' dale rescue rangers
5431,Doug,1991,7+,63/100,0,0,0,1,tv_show,reality television,United States,English,7.4/10,tt0092400,63,7.0,1,doug
5432,I am Luna,2016,16+,62/100,0,0,0,1,tv_show,reality television,United States,English,6.8/10,tt0092400,62,16.0,1,i am luna
5434,Lizzie McGuire,2001,all,62/100,0,0,0,1,tv_show,teen sitcom,United States,English,10.0,tt0273366,62,16.0,1,lizzie mcguire
5435,Cosmos: Possible Worlds,2020,7+,62/100,0,0,0,1,tv_show,"television documentary, documentary film, popular science",United States,English,10.0,tt11170862,62,7.0,1,cosmos: possible worlds
5436,The Suite Life on Deck,2008,all,62/100,0,0,0,1,tv_show,teen sitcom,United States,English,8.0,tt1181917,62,16.0,1,the suite life on deck
5437,Hannah Montana,2006,all,61/100,0,0,0,1,tv_show,"teen sitcom, music television",United States,English,9.0,tt0493093,61,16.0,1,hannah montana
5438,Jessie,2011,all,61/100,0,0,0,1,tv_show,"comedy television series, children's television series",United States,English,8.0,tt1865769,61,16.0,1,jessie
5439,Marvel's Inhumans,2017,7+,61/100,0,0,0,1,tv_show,"action television series, science fiction television program, superhero television program",United States,English,5.0,tt4154858,61,7.0,1,marvel's inhumans
5440,Gordon Ramsay: Uncharted,2019,16+,61/100,0,0,0,1,tv_show,reality television,United States,English,7.7,tt9165706,61,16.0,1,gordon ramsay: uncharted
5441,Disney's Adventures of the Gummi Bears,1985,all,61/100,0,0,0,1,tv_show,reality television,United States,English,7.5/10,tt0092400,61,16.0,1,disney's adventures of the gummi bears
5442,Star Wars Resistance,2018,7+,60/100,0,0,0,1,tv_show,reality television,United States,English,5.0/10,tt0092400,60,7.0,1,star wars resistance
5443,That's So Raven,2003,all,60/100,0,0,0,1,tv_show,"fantasy television series, teen sitcom",United States,English,7.0,tt0300865,60,16.0,1,that's so raven
5444,Turner & Hooch,2021,7+,60/100,0,0,0,1,tv_show,comedy film,United States,English,8.0,tt11547014,60,7.0,1,turner & hooch
5445,TaleSpin,1990,all,60/100,0,0,0,1,tv_show,reality television,United States,English,7.6/10,tt0092400,60,16.0,1,talespin
5447,Mickey Mouse Clubhouse,2006,all,60/100,0,0,0,1,tv_show,reality television,United States,English,5.7/10,tt0092400,60,16.0,1,mickey mouse clubhouse
5448,Even Stevens,2000,all,60/100,0,0,0,1,tv_show,teen sitcom,United States,English,7.6,tt0206511,60,16.0,1,even stevens
5450,Andi Mack,2017,all,60/100,0,0,0,1,tv_show,"comedy drama, LGBT-related television series",United States,English,7.0,tt5195114,60,16.0,1,andi mack
5451,Behind the Attraction,2021,7+,59/100,0,0,0,1,tv_show,reality television,United States,English,8.0,tt11069436,59,7.0,1,behind the attraction
5452,Secrets of Sulphur Springs,2021,7+,59/100,0,0,0,1,tv_show,"drama television series, mystery television series",United States,English,10.0,tt10329642,59,7.0,1,secrets of sulphur springs
5453,Liv and Maddie,2013,all,59/100,0,0,0,1,tv_show,"comedy television series, children's television series",United States,English,8.0,tt2794380,59,16.0,1,liv and maddie
5454,Milo Murphy's Law,2016,all,59/100,0,0,0,1,tv_show,reality television,United States,English,7.6/10,tt0092400,59,16.0,1,milo murphy's law
5456,Lab Rats,2012,7+,59/100,0,0,0,1,tv_show,"science fiction television program, teen sitcom, American television sitcom",United States,English,8.0,tt1991564,59,7.0,1,lab rats
5457,Lilo & Stitch: The Series,2003,all,59/100,0,0,0,1,tv_show,reality television,United States,English,6.8/10,tt0092400,59,16.0,1,lilo & stitch: the series
5458,So Weird,1999,7+,59/100,0,0,0,1,tv_show,"neo-noir, science fiction television program, children's television series",United States,English,8.3,tt0169247,59,7.0,1,so weird
5459,Austin & Ally,2011,all,59/100,0,0,0,1,tv_show,"comedy television series, romance television series, music television, youth series",United States,English,7.0,tt1830491,59,16.0,1,austin & ally
5460,The New Adventures of Winnie the Pooh,1988,all,59/100,0,0,0,1,tv_show,reality television,United States,English,7.7/10,tt0092400,59,16.0,1,the new adventures of winnie the pooh
5461,Raven's Home,2017,all,59/100,0,0,0,1,tv_show,comedy television series,United States,English,8.0,tt6311972,59,16.0,1,raven's home
5463,Kickin' It,2011,all,58/100,0,0,0,1,tv_show,"comedy television series, children's television series",United States,English,7.0,tt1765622,58,16.0,1,kickin' it
5464,Brain Games,2011,7+,58/100,0,0,0,1,tv_show,documentary film,United States,English,8.0,tt2078690,58,7.0,1,brain games
5465,Schoolhouse Rock,1973,7+,58/100,0,0,0,1,tv_show,reality television,United States,English,3.0,tt26231144,58,7.0,1,schoolhouse rock
5466,Dog Whisperer,2004,all,58/100,0,0,0,1,tv_show,reality television,United States,English,9.0,tt0423642,58,16.0,1,dog whisperer
5467,The Proud Family,2001,all,58/100,0,0,0,1,tv_show,reality television,United States,English,6.4/10,tt0092400,58,16.0,1,the proud family
5468,Sonny with a Chance,2009,all,58/100,0,0,0,1,tv_show,teen sitcom,United States,"English, French, Spanish",7.0,tt1252374,58,16.0,1,sonny with a chance
5469,Violetta,2012,all,58/100,0,0,0,1,tv_show,"telenovela, youth series",Argentina,Spanish,5.0,tt2171665,58,16.0,1,violetta
5470,The Lion King's Timon & Pumbaa,1995,all,58/100,0,0,0,1,tv_show,reality television,United States,English,7.1/10,tt0092400,58,16.0,1,the lion king's timon & pumbaa
5471,Phil of the Future,2004,7+,57/100,0,0,0,1,tv_show,"science fiction television program, teen sitcom",United States,English,6.9,tt0340281,57,7.0,1,phil of the future
5472,Little Einsteins,2005,all,57/100,0,0,0,1,tv_show,reality television,United States,English,6.3/10,tt0092400,57,16.0,1,little einsteins
5473,Shake It Up,2010,all,57/100,0,0,0,1,tv_show,reality television,People's Republic of China,English,4.9/10,tt0092400,57,16.0,1,shake it up
5474,Hercules,1998,all,57/100,0,0,0,1,tv_show,reality television,United States,English,6.6/10,tt0092400,57,16.0,1,hercules
5475,Rapunzel's Tangled Adventure,2017,all,56/100,0,0,0,1,tv_show,reality television,United States,English,7.7/10,tt0092400,56,16.0,1,rapunzel's tangled adventure
5476,Marvel's Guardians of the Galaxy,2015,7+,56/100,0,0,0,1,tv_show,reality television,United States,English,7.3/10,tt0092400,56,7.0,1,marvel's guardians of the galaxy
5477,Smart Guy,1997,all,56/100,0,0,0,1,tv_show,"sitcom, youth series",United States,English,9.0,tt0118466,56,16.0,1,smart guy
5478,American Dragon: Jake Long,2005,all,56/100,0,0,0,1,tv_show,reality television,United States,English,6.6/10,tt0092400,56,16.0,1,american dragon: jake long
5479,Encore!,2019,7+,56/100,0,0,0,1,tv_show,television documentary,United States,English,10.0,tt7759016,56,7.0,1,encore!
5480,Mickey Mouse,2013,all,56/100,0,0,0,1,tv_show,reality television,United States,English,8.1/10,tt0092400,56,16.0,1,mickey mouse
5481,Marvel's Spider-Man,2017,7+,56/100,0,0,0,1,tv_show,reality television,United States,English,6.1/10,tt0092400,56,7.0,1,marvel's spider-man
5482,Diary of a Future President,2020,7+,56/100,0,0,0,1,tv_show,comedy,United States,English,8.0,tt9695266,56,7.0,1,diary of a future president
5483,Spider-Man and His Amazing Friends,1981,7+,56/100,0,0,0,1,tv_show,reality television,United States,English,7.2/10,tt0092400,56,7.0,1,spider-man and his amazing friends
5484,Goof Troop,1992,all,55/100,0,0,0,1,tv_show,reality television,United States,English,6.8/10,tt0092400,55,16.0,1,goof troop
5485,Spider-Man Unlimited,1999,7+,55/100,0,0,0,1,tv_show,reality television,United States,English,6.4/10,tt0092400,55,7.0,1,spider-man unlimited
5486,The Little Mermaid,1992,all,55/100,0,0,0,1,tv_show,reality television,United States,English,6.8/10,tt0092400,55,16.0,1,the little mermaid
5488,Big City Greens,2018,7+,55/100,0,0,0,1,tv_show,reality television,United States,English,7.2/10,tt0092400,55,7.0,1,big city greens
5489,Zenimation,2020,all,55/100,0,0,0,1,tv_show,reality television,United States,English,7.4/10,tt0092400,55,16.0,1,zenimation
5490,Wicked Tuna,2012,16+,55/100,0,0,0,1,tv_show,reality television,United States,English,2.0,tt2191567,55,16.0,1,wicked tuna
5492,Big Hero 6 The Series,2017,7+,54/100,0,0,0,1,tv_show,reality television,United States,English,7.1/10,tt0092400,54,7.0,1,big hero 6 the series
5493,Inside Pixar,2020,all,54/100,0,0,0,1,tv_show,reality television,United States,English,7.3/10,tt0092400,54,16.0,1,inside pixar
5494,Iron Man: Armored Adventures,2009,7+,54/100,0,0,0,1,tv_show,reality television,United States,English,6.5/10,tt0092400,54,7.0,1,iron man: armored adventures
5495,Pair of Kings,2010,7+,54/100,0,0,0,1,tv_show,"teen sitcom, American television sitcom",United States,English,10.0,tt1571313,54,7.0,1,pair of kings
5496,Mighty Med,2013,7+,54/100,0,0,0,1,tv_show,"science fiction television program, medical drama, American television sitcom",United States,English,6.6,tt2573338,54,7.0,1,mighty med
5497,Special Agent Oso,2009,all,54/100,0,0,0,1,tv_show,reality television,United States,English,5.2/10,tt0092400,54,16.0,1,special agent oso
5498,Imagination Movers,2008,all,54/100,0,0,0,1,tv_show,children's television series,United States,English,10.0,tt1101237,54,16.0,1,imagination movers
5500,Secrets of the Whales,2021,7+,54/100,0,0,0,1,tv_show,reality television,United States,English,10.0,tt12824750,54,7.0,1,secrets of the whales
5501,Stuck in the Middle,2016,all,53/100,0,0,0,1,tv_show,comedy television series,United States,English,7.0,tt4488724,53,16.0,1,stuck in the middle
5503,Jonas,2009,16+,53/100,0,0,0,1,tv_show,reality television,United States,English,4.7/10,tt0092400,53,16.0,1,jonas
5504,MECH-X4,2016,all,53/100,0,0,0,1,tv_show,action television series,United States,English,10.0,tt5568740,53,16.0,1,mech-x4
5505,The Wonderful World of Mickey Mouse,2020,all,53/100,0,0,0,1,tv_show,reality television,United States,English,7.8/10,tt0092400,53,16.0,1,the wonderful world of mickey mouse
5507,The Emperor's New School,2006,all,53/100,0,0,0,1,tv_show,reality television,United States,English,6.6/10,tt0092400,53,16.0,1,the emperor's new school
5508,Hostile Planet,2019,7+,53/100,0,0,0,1,tv_show,reality television,United States,English,8.3/10,tt0092400,53,7.0,1,hostile planet
5509,Puppy Dog Pals,2017,all,53/100,0,0,0,1,tv_show,reality television,United States,English,7.0/10,tt0092400,53,16.0,1,puppy dog pals
5511,Fantastic Four,1994,7+,52/100,0,0,0,1,tv_show,reality television,United States,English,6.5/10,tt0092400,52,7.0,1,fantastic four
5512,I Didn't Do It,2014,all,52/100,0,0,0,1,tv_show,"teen sitcom, American television sitcom",United States,English,6.0,tt2996052,52,16.0,1,i didn't do it
5514,The Lion Guard,2016,all,52/100,0,0,0,1,tv_show,reality television,United States,English,6.4/10,tt0092400,52,16.0,1,the lion guard
5515,Pixar Popcorn,2021,7+,52/100,0,0,0,1,tv_show,reality television,United States,English,6.6/10,tt0092400,52,7.0,1,pixar popcorn
5516,Lab Rats: Elite Force,2016,7+,52/100,0,0,0,1,tv_show,"science fiction comedy, sitcom",United States,English,8.0,tt5118450,52,7.0,1,lab rats: elite force
5517,A.N.T. Farm,2011,all,52/100,0,0,0,1,tv_show,"sitcom, teen sitcom, teen film, action television series",United States,English,4.0,tt1772752,52,16.0,1,a.n.t. farm
5518,Silver Surfer,1998,7+,52/100,0,0,0,1,tv_show,reality television,United States,English,7.1/10,tt0092400,52,7.0,1,silver surfer
5519,Muppets Now,2020,7+,52/100,0,0,0,1,tv_show,reality television,United States,English,4.0,tt10857210,52,7.0,1,muppets now
5520,Car S.O.S.,2013,16+,52/100,0,0,0,1,tv_show,variety show,United Kingdom,English,10.0,tt3110590,52,16.0,1,car s.o.s.
5521,Sydney to the Max,2019,all,52/100,0,0,0,1,tv_show,sitcom,United States,English,9.0,tt8959856,52,16.0,1,sydney to the max
5522,Vampirina,2017,all,52/100,0,0,0,1,tv_show,reality television,United States,English,6.2,tt34385400,52,16.0,1,vampirina
5523,Earth to Ned,2020,7+,51/100,0,0,0,1,tv_show,reality television,United States,English,6.6,tt11176048,51,7.0,1,earth to ned
5524,Best Friends Whenever,2015,all,51/100,0,0,0,1,tv_show,"sitcom, science fiction television program, comedy television series",United States,English,7.0,tt4507442,51,16.0,1,best friends whenever
5525,Into the Unknown: Making Frozen II,2020,7+,51/100,0,0,0,1,tv_show,reality television,United States,English,10.0,tt10196382,51,7.0,1,into the unknown: making frozen ii
5526,Elena of Avalor,2016,all,51/100,0,0,0,1,tv_show,reality television,United States,English,6.4/10,tt0092400,51,16.0,1,elena of avalor
5527,Prop Culture,2020,7+,51/100,0,0,0,1,tv_show,reality television,United States,English,9.0,tt10162496,51,7.0,1,prop culture
5528,Fantastic Four: World's Greatest Heroes,2006,7+,51/100,0,0,0,1,tv_show,reality television,United States,English,6.7/10,tt0092400,51,7.0,1,fantastic four: world's greatest heroes
5529,Jake and the Never Land Pirates,2011,all,51/100,0,0,0,1,tv_show,reality television,United States,English,5.6/10,tt0092400,51,16.0,1,jake and the never land pirates
5530,Fish Hooks,2010,all,51/100,0,0,0,1,tv_show,reality television,United States,English,4.8/10,tt0092400,51,16.0,1,fish hooks
5531,Drain the Oceans,2018,7+,51/100,0,0,0,1,tv_show,television documentary,Australia,English,2.0,tt8676618,51,7.0,1,drain the oceans
5532,The Replacements,2006,7+,51/100,0,0,0,1,tv_show,reality television,United States,English,5.9/10,tt0092400,51,7.0,1,the replacements
5533,Port Protection Alaska,2015,16+,51/100,0,0,0,1,tv_show,reality television,United States,English,8.4/10,tt0092400,51,16.0,1,port protection alaska
5534,"Dr. Oakley, Yukon Vet",2014,all,51/100,0,0,0,1,tv_show,reality television,United States,English,10.0,tt3593456,51,16.0,1,"dr. oakley, yukon vet"
5535,Ice Road Rescue,2015,16+,50/100,0,0,0,1,tv_show,docu-soap,United Kingdom,English,9.0,tt5270356,50,16.0,1,ice road rescue
5536,Marvel’s Hulk and the Agents of S.M.A.S.H,2013,7+,50/100,0,0,0,1,tv_show,reality television,United States,English,6.1/10,tt0092400,50,7.0,1,marvel’s hulk and the agents of s.m.a.s.h
5537,Super Robot Monkey Team Hyperforce Go!,2004,7+,50/100,0,0,0,1,tv_show,reality television,United States,English,6.2/10,tt0092400,50,7.0,1,super robot monkey team hyperforce go!
5538,Quack Pack,1996,7+,50/100,0,0,0,1,tv_show,reality television,United States,English,6.8/10,tt0092400,50,7.0,1,quack pack
5539,Descendants: Wicked World,2015,all,50/100,0,0,0,1,tv_show,reality television,United States,English,6.6/10,tt0092400,50,16.0,1,descendants: wicked world
5540,Muppet Babies,2018,all,50/100,0,0,0,1,tv_show,reality television,United States,English,6.9/10,tt0092400,50,16.0,1,muppet babies
5541,T.O.T.S.,2019,all,50/100,0,0,0,1,tv_show,reality television,United States,English,6.9/10,tt0092400,50,16.0,1,t.o.t.s.
5542,One Day at Disney,2019,all,50/100,0,0,0,1,tv_show,documentary film,United States,English,9.0,tt10854760,50,16.0,1,one day at disney
5543,Pixar in Real Life,2019,all,50/100,0,0,0,1,tv_show,reality television,United States,English,2.0,tt11199558,50,16.0,1,pixar in real life
5544,Mighty Ducks: The Animated Series,1996,7+,50/100,0,0,0,1,tv_show,reality television,United States,English,6.5/10,tt0092400,50,7.0,1,mighty ducks: the animated series
5545,Star Wars: Ewoks,1985,all,49/100,0,0,0,1,tv_show,reality television,United States,English,6.1/10,tt0092400,49,16.0,1,star wars: ewoks
5546,101 Dalmatians: The Series,1997,all,49/100,0,0,0,1,tv_show,reality television,United States,English,6.2/10,tt0092400,49,16.0,1,101 dalmatians: the series
5548,"Heartland Docs, DVM",2020,16+,49/100,0,0,0,1,tv_show,reality television,United States,English,9.1/10,tt0092400,49,16.0,1,"heartland docs, dvm"
5549,BIA,2019,all,49/100,0,0,0,1,tv_show,reality television,United States,English,6.7/10,tt0092400,49,16.0,1,bia
5550,Marvel's Hero Project,2019,7+,49/100,0,0,0,1,tv_show,reality television,United States,English,7.0,tt10163846,49,7.0,1,marvel's hero project
5551,Iron Man,1994,7+,49/100,0,0,0,1,tv_show,reality television,United States,English,6.7/10,tt0092400,49,7.0,1,iron man
5552,Coop & Cami Ask The World,2018,all,49/100,0,0,0,1,tv_show,"sitcom, comedy television series",United States,English,6.0,tt8381724,49,16.0,1,coop & cami ask the world
5553,Marvel Rising: Initiation,2018,16+,49/100,0,0,0,1,tv_show,reality television,United States,English,7.0,tt9073722,49,16.0,1,marvel rising: initiation
5554,My Friends Tigger & Pooh,2007,all,48/100,0,0,0,1,tv_show,reality television,United States,English,5.7/10,tt0092400,48,16.0,1,my friends tigger & pooh
5555,Secrets of the Zoo,2018,16+,48/100,0,0,0,1,tv_show,documentary film,United States,English,8.2,tt14948806,48,16.0,1,secrets of the zoo
5556,Bizaardvark,2016,all,48/100,0,0,0,1,tv_show,comedy television series,United States,English,6.0,tt4800624,48,16.0,1,bizaardvark
5558,The Mickey Mouse Club,1955,all,48/100,0,0,0,1,tv_show,"children's television series, music program",United States,English,7.0,tt0047757,48,16.0,1,the mickey mouse club
5559,Marvel's 616,2020,16+,48/100,0,0,0,1,tv_show,"documentary, anthology series",United States,English,7.0,tt10162586,48,16.0,1,marvel's 616
5560,Turning the Tables with Robin Roberts,2021,16+,48/100,0,0,0,1,tv_show,reality television,United States,English,10.0,tt0092400,48,16.0,1,turning the tables with robin roberts
5561,On Pointe,2020,7+,48/100,0,0,0,1,tv_show,reality television,United States,English,10.0,tt11097576,48,7.0,1,on pointe
5562,Race to the Center of the Earth,2021,16+,48/100,0,0,0,1,tv_show,reality television,United States,English,4.0,tt10370752,48,16.0,1,race to the center of the earth
5563,Out of the Box,1998,all,48/100,0,0,0,1,tv_show,reality television,United States,English,10.0,tt0277514,48,16.0,1,out of the box
5564,Gabby Duran and the Unsittables,2019,all,48/100,0,0,0,1,tv_show,reality television,United States,English,5.5/10,tt0092400,48,16.0,1,gabby duran and the unsittables
5565,Dr. Ks Exotic Animal ER,2014,7+,48/100,0,0,0,1,tv_show,reality television,United States,English,8.1/10,tt0092400,48,7.0,1,dr. ks exotic animal er
5566,Spin and Marty,1955,all,47/100,0,0,0,1,tv_show,reality television,United States,English,8.0,tt0047775,47,16.0,1,spin and marty
5567,Higglytown Heroes,2004,all,47/100,0,0,0,1,tv_show,reality television,United States,English,5.0/10,tt0092400,47,16.0,1,higglytown heroes
5568,Bonkers,1993,all,47/100,0,0,0,1,tv_show,reality television,United Kingdom,English,7.0,tt0884765,47,16.0,1,bonkers
5569,Crash & Bernstein,2012,all,47/100,0,0,0,1,tv_show,teen sitcom,United States,English,10.0,tt2273734,47,16.0,1,crash & bernstein
5571,Lego Star Wars: The Freemaker Adventures,2016,16+,47/100,0,0,0,1,tv_show,reality television,United States,English,7.4/10,tt0092400,47,16.0,1,lego star wars: the freemaker adventures
5573,Star Wars Vehicle Flythroughs,2021,16+,47/100,0,0,0,1,tv_show,reality television,United States,English,6.3/10,tt0092400,47,16.0,1,star wars vehicle flythroughs
5574,Randy Cunningham: Ninja Total,2012,all,47/100,0,0,0,1,tv_show,reality television,United States,English,6.7/10,tt0092400,47,16.0,1,randy cunningham: ninja total
5575,Pick of the Litter,2019,7+,47/100,1,1,0,1,tv_show,reality television,United States,English,9.0,tt10855726,47,7.0,1,pick of the litter
5576,Lost Cities with Albert Lin,2019,16+,47/100,0,0,0,1,tv_show,reality television,United States,English,7.8/10,tt0092400,47,16.0,1,lost cities with albert lin
5577,Earth Moods,2021,16+,47/100,0,0,0,1,tv_show,reality television,United States,American English,7.0,tt14260676,47,16.0,1,earth moods
5578,Mickey and the Roadster Racers,2017,all,47/100,0,0,0,1,tv_show,reality television,United States,English,6.1/10,tt0092400,47,16.0,1,mickey and the roadster racers
5579,Star Wars: Forces of Destiny,2017,all,47/100,0,0,0,1,tv_show,reality television,United States,English,5.0/10,tt0092400,47,16.0,1,star wars: forces of destiny
5580,Magic of Disney's Animal Kingdom,2020,7+,47/100,0,0,0,1,tv_show,reality television,United States,English,8.3/10,tt0092400,47,7.0,1,magic of disney's animal kingdom
5581,Goldie & Bear,2015,all,47/100,0,0,0,1,tv_show,reality television,United States,English,6.4/10,tt0092400,47,16.0,1,goldie & bear
5582,Evermoor,2014,16+,46/100,0,0,0,1,tv_show,drama,United Kingdom,English,7.0,tt3602560,46,16.0,1,evermoor
5583,Europe From Above,2019,16+,46/100,0,0,0,1,tv_show,television documentary,United States,English,10.0,tt11003514,46,16.0,1,europe from above
5584,Dog: Impossible,2019,16+,46/100,0,0,0,1,tv_show,reality television,United States,English,8.2/10,tt0092400,46,16.0,1,dog: impossible
5585,Marvel's Ant-Man,2017,16+,46/100,0,0,0,1,tv_show,reality television,United States,English,6.6/10,tt0092400,46,16.0,1,marvel's ant-man
5586,Adventures in Wonderland,1992,7+,46/100,0,0,0,1,tv_show,fantasy television series,United States,English,9.0,tt0088473,46,7.0,1,adventures in wonderland
5587,The Super Hero Squad Show,2009,7+,46/100,0,0,0,1,tv_show,reality television,United States,English,6.1/10,tt0092400,46,7.0,1,the super hero squad show
5588,Critter Fixers: Country Vets,2020,16+,46/100,0,0,0,1,tv_show,reality television,United States,English,9.0/10,tt0092400,46,16.0,1,critter fixers: country vets
5589,Great Migrations,2010,all,46/100,0,0,0,1,tv_show,nature documentary,United States,English,9.0,tt1769803,46,16.0,1,great migrations
5590,Origins: The Journey of Humankind,2017,16+,46/100,0,0,0,1,tv_show,reality television,United States,English,2.0,tt6091694,46,16.0,1,origins: the journey of humankind
5591,The Lodge,2016,16+,46/100,0,1,0,1,tv_show,drama,United Kingdom,English,10.0,tt6176812,46,16.0,1,the lodge
5592,LEGO Star Wars: Droid Tales,2015,7+,46/100,0,0,0,1,tv_show,reality television,United States,English,7.5/10,tt0092400,46,7.0,1,lego star wars: droid tales
5593,Minnie's Bow-Toons,2011,all,45/100,0,0,0,1,tv_show,reality television,United States,English,6.2/10,tt0092400,45,16.0,1,minnie's bow-toons
5594,Chip 'n' Dale: Park Life,2021,all,45/100,0,0,0,1,tv_show,reality television,United States,English,6.9/10,tt0092400,45,16.0,1,chip 'n' dale: park life
5595,The Book of Pooh,2001,all,45/100,0,0,0,1,tv_show,reality television,United States,English,6.5/10,tt0092400,45,16.0,1,the book of pooh
5596,Shark Attack Files,2021,16+,45/100,0,0,0,1,tv_show,reality television,United States,English,10.0,tt0092400,45,16.0,1,shark attack files
5597,The Avengers: United They Stand,1999,7+,45/100,0,0,0,1,tv_show,reality television,United States,English,5.5/10,tt0092400,45,7.0,1,the avengers: united they stand
5598,Walt Disney Animation Studios: Short Circuit Experimental Films,2020,all,45/100,0,0,0,1,tv_show,reality television,United States,English,7.6/10,tt0092400,45,16.0,1,walt disney animation studios: short circuit experimental films
5599,"Mira, Royal Detective",2020,all,45/100,0,0,0,1,tv_show,reality television,United States,English,6.5/10,tt0092400,45,16.0,1,"mira, royal detective"
5601,Legend of the Three Caballeros,2018,all,45/100,0,0,0,1,tv_show,reality television,United States,English,7.8/10,tt0092400,45,16.0,1,legend of the three caballeros
5602,The Greeks,2016,16+,44/100,0,0,0,1,tv_show,reality television,United States,English,1.0,tt5848928,44,16.0,1,the greeks
5603,Marvel's Future Avengers,2017,7+,44/100,0,0,0,1,tv_show,reality television,United States,English,5.7/10,tt0092400,44,7.0,1,marvel's future avengers
5604,Just Roll With It,2019,7+,44/100,0,0,0,1,tv_show,comedy television program,United States,English,5.2,tt9181662,44,7.0,1,just roll with it
5605,101 Dalmatian Street,2019,7+,44/100,0,0,0,1,tv_show,reality television,United States,English,6.3/10,tt0092400,44,7.0,1,101 dalmatian street
5606,Spider-Woman,1979,all,44/100,0,0,0,1,tv_show,reality television,United States,English,5.8/10,tt0092400,44,16.0,1,spider-woman
5607,Primal Survivor,2016,16+,44/100,0,0,0,1,tv_show,reality television,United States,English,8.3/10,tt0092400,44,16.0,1,primal survivor
5608,Secrets of the Zoo: Tampa,2020,16+,43/100,0,0,0,1,tv_show,reality television,United States,English,8.6/10,tt0092400,43,16.0,1,secrets of the zoo: tampa
5609,Disney's Doug,1996,16+,43/100,0,0,0,1,tv_show,reality television,United States,English,8.0,tt0122815,43,16.0,1,disney's doug
5610,Year Million,2017,16+,43/100,0,0,0,1,tv_show,reality television,United States,English,7.4/10,tt0092400,43,16.0,1,year million
5611,Rogue Trip,2020,7+,43/100,0,0,0,1,tv_show,reality television,United States,English,7.2/10,tt0092400,43,7.0,1,rogue trip
5612,Fancy Nancy,2018,all,43/100,0,0,0,1,tv_show,reality television,United States,English,5.5/10,tt0092400,43,16.0,1,fancy nancy
5613,America's National Parks,2015,all,43/100,0,0,0,1,tv_show,reality television,United States,English,7.7/10,tt0092400,43,16.0,1,america's national parks
5614,Wild Hawaii,2014,16+,43/100,0,0,0,1,tv_show,reality television,United States,English,7.2/10,tt0092400,43,16.0,1,wild hawaii
5615,Lego Frozen Northern Lights,2016,all,42/100,0,0,0,1,tv_show,reality television,United States,English,5.7/10,tt0092400,42,16.0,1,lego frozen northern lights
5616,Dino Ranch,2021,all,42/100,0,0,0,1,tv_show,reality television,United States,English,8.1/10,tt0092400,42,16.0,1,dino ranch
5618,Disney's Fairy Tale Weddings,2017,7+,42/100,0,0,0,1,tv_show,reality television,United States,English,6.7,tt6974848,42,7.0,1,disney's fairy tale weddings
5619,Kingdom of the Polar Bears,2021,16+,42/100,0,0,0,1,tv_show,reality television,United States,English,10.0,tt0092400,42,16.0,1,kingdom of the polar bears
5620,Teacher's Pet,2000,all,42/100,0,0,0,1,tv_show,reality television,United States,English,6.3/10,tt0092400,42,16.0,1,teacher's pet
5621,Henry Hugglemonster,2013,all,42/100,0,0,0,1,tv_show,reality television,United States,English,5.3/10,tt0092400,42,16.0,1,henry hugglemonster
5622,Shop Class,2020,all,42/100,0,0,0,1,tv_show,"game show, reality television",United States,English,10.0,tt10225108,42,16.0,1,shop class
5623,Alaska Animal Rescue,2020,16+,42/100,0,0,0,1,tv_show,reality television,United States,English,10.0,tt12188528,42,16.0,1,alaska animal rescue
5624,The Rocketeer,2019,all,42/100,0,0,0,1,tv_show,reality television,United States,English,6.3/10,tt0092400,42,16.0,1,the rocketeer
5626,Fast Layne,2019,all,41/100,0,0,0,1,tv_show,reality television,United States,English,5.6/10,tt0092400,41,16.0,1,fast layne
5627,Weird But True!,2016,all,41/100,0,0,0,1,tv_show,reality television,United States,English,10.0,tt6057106,41,16.0,1,weird but true!
5628,Continent 7: Antarctica,2016,7+,41/100,0,0,0,1,tv_show,reality television,United States,English,7.0,tt6244108,41,7.0,1,continent 7: antarctica
5629,Marvel's Rocket & Groot,2017,7+,41/100,0,0,0,1,tv_show,reality television,United States,English,6.8/10,tt0092400,41,7.0,1,marvel's rocket & groot
5630,Take Two with Phineas and Ferb,2010,7+,41/100,0,0,0,1,tv_show,reality television,United States,English,6.5/10,tt0092400,41,7.0,1,take two with phineas and ferb
5631,Be our Chef,2020,all,40/100,0,0,0,1,tv_show,reality television,United States,English,6.3/10,tt0092400,40,16.0,1,be our chef
5632,Japan: Between Earth & Sky,2018,16+,40/100,0,0,0,1,tv_show,reality television,United States,English,7.6/10,tt0092400,40,16.0,1,japan: between earth & sky
5633,India from Above,2020,16+,40/100,0,0,0,1,tv_show,reality television,United States,English,7.7/10,tt0092400,40,16.0,1,india from above
5634,Prairie Dog Manor,2019,16+,39/100,0,0,0,1,tv_show,reality television,United States,English,10.0,tt8316986,39,16.0,1,prairie dog manor
5635,Marvel Super Hero Adventures,2017,all,39/100,0,0,0,1,tv_show,reality television,United States,English,6.3/10,tt0092400,39,16.0,1,marvel super hero adventures
5636,Wild Yellowstone,2015,16+,39/100,0,0,0,1,tv_show,reality television,United States,English,6.0,tt3803728,39,16.0,1,wild yellowstone
5637,Tut's Treasures: Hidden Secrets,2018,16+,39/100,0,0,0,1,tv_show,reality television,United States,English,7.0,tt8174114,39,16.0,1,tut's treasures: hidden secrets
5638,Secrets of the Zoo: Down Under,2020,16+,39/100,0,0,0,1,tv_show,documentary film,United States,English,8.2,tt14948806,39,16.0,1,secrets of the zoo: down under
5639,Disney Channel Games 2008,2008,16+,39/100,0,0,0,1,tv_show,reality television,United States,English,6.7,tt1229903,39,16.0,1,disney channel games 2008
5640,UFOs: The Untold Stories,2012,16+,39/100,0,0,0,1,tv_show,reality television,United States,English,10.0,tt0092400,39,16.0,1,ufos: the untold stories
5641,Animal ER,2016,16+,39/100,0,0,0,1,tv_show,reality television,United States,English,7.0,tt6208226,39,16.0,1,animal er
5642,Fury Files,2017,16+,38/100,0,0,0,1,tv_show,reality television,United States,English,10.0,tt0092400,38,16.0,1,fury files
5643,Disney Parks Sunrise,2020,16+,38/100,0,0,0,1,tv_show,"slow television, television documentary",United States,English,10.0,tt0092400,38,16.0,1,disney parks sunrise
5644,Marvel Funko Shorts,2016,all,38/100,0,0,0,1,tv_show,reality television,United States,English,10.0,tt0092400,38,16.0,1,marvel funko shorts
5645,Marvel Video Comics,2016,all,38/100,0,0,0,1,tv_show,reality television,United States,English,6.6/10,tt0092400,38,16.0,1,marvel video comics
5646,Secrets of Wild India,2012,16+,38/100,0,0,0,1,tv_show,reality television,United States,English,8.1/10,tt0092400,38,16.0,1,secrets of wild india
5647,Buried Secrets of the Bible with Albert Lin,2019,16+,38/100,0,0,0,1,tv_show,reality television,United States,English,7.1/10,tt0092400,38,16.0,1,buried secrets of the bible with albert lin
5648,Supercar Megabuild,2016,16+,38/100,0,0,0,1,tv_show,reality television,United States,English,1.0,tt12535708,38,16.0,1,supercar megabuild
5649,Kirby Buckets,2014,7+,38/100,0,0,0,1,tv_show,sitcom,United States,English,10.0,tt3544772,38,7.0,1,kirby buckets
5650,Becoming,2020,16+,38/100,1,0,0,1,tv_show,reality television,United States,English,6.8/10,tt0092400,38,16.0,1,becoming
5652,Kingdom of the White Wolf,2019,16+,37/100,0,0,0,1,tv_show,reality television,United States,English,8.1/10,tt0092400,37,16.0,1,kingdom of the white wolf
5653,Mickey Mouse Funhouse,2021,all,37/100,0,0,0,1,tv_show,reality television,United States,English,5.6/10,tt0092400,37,16.0,1,mickey mouse funhouse
5654,Disney Junior Music Lullabies,2019,16+,37/100,0,0,0,1,tv_show,reality television,United States,English,10.0,tt0092400,37,16.0,1,disney junior music lullabies
5655,Wild Congo,2014,16+,37/100,0,0,0,1,tv_show,reality television,United States,English,10.0,tt0092400,37,16.0,1,wild congo
5656,Walk the Prank,2016,7+,37/100,0,0,0,1,tv_show,reality television,United States,English,2.0,tt5486088,37,7.0,1,walk the prank
5657,Meet the Chimps,2020,16+,37/100,0,0,0,1,tv_show,reality television,United States,English,8.5/10,tt0092400,37,16.0,1,meet the chimps
5658,X-Ray Earth,2020,16+,37/100,0,0,0,1,tv_show,reality television,United States,English,6.1/10,tt0092400,37,16.0,1,x-ray earth
5659,It's a Dog's Life with Bill Farmer,2020,7+,37/100,0,0,0,1,tv_show,television documentary,United States,English,10.0,tt12105232,37,7.0,1,it's a dog's life with bill farmer
5660,Unlikely Animal Friends,2012,16+,36/100,0,0,0,1,tv_show,reality television,United States,English,7.6/10,tt0092400,36,16.0,1,unlikely animal friends
5661,Kingdom of the Mummies,2020,16+,36/100,0,0,0,1,tv_show,reality television,United States,English,7.4/10,tt0092400,36,16.0,1,kingdom of the mummies
5662,Wild Sri Lanka,2015,7+,36/100,0,0,0,1,tv_show,reality television,United States,English,8.6/10,tt0092400,36,7.0,1,wild sri lanka
5663,LEGO Star Wars: The Resistance Rises,2016,16+,36/100,0,0,0,1,tv_show,reality television,United States,English,6.1/10,tt0092400,36,16.0,1,lego star wars: the resistance rises
5664,Marvel Battleworld: Mystery of the Thanostones,2020,16+,36/100,0,0,0,1,tv_show,reality television,United States,English,5.9/10,tt0092400,36,16.0,1,marvel battleworld: mystery of the thanostones
5665,"Dr. T, Lone Star Vet",2019,16+,35/100,0,0,0,1,tv_show,reality television,United States,English,8.4/10,tt0092400,35,16.0,1,"dr. t, lone star vet"
5666,Made in A Day,2020,16+,35/100,0,0,0,1,tv_show,reality television,United States,English,7.6/10,tt0092400,35,16.0,1,made in a day
5667,Bug Juice: My Adventures at Camp,2018,16+,35/100,0,0,0,1,tv_show,reality television,United States,English,7.0,tt8693362,35,16.0,1,bug juice: my adventures at camp
5668,Chip 'n Dale's Nutty Tales,2017,16+,35/100,0,0,0,1,tv_show,reality television,United States,English,7.0/10,tt0092400,35,16.0,1,chip 'n dale's nutty tales
5669,Ancient China from Above,2020,16+,35/100,0,0,0,1,tv_show,reality television,United States,English,7.3/10,tt0092400,35,16.0,1,ancient china from above
5670,Wild Cats of India,2020,16+,35/100,0,0,0,1,tv_show,reality television,United States,English,7.6/10,tt0092400,35,16.0,1,wild cats of india
5671,Lost Treasures of the Maya,2019,16+,35/100,0,0,0,1,tv_show,reality television,United States,English,3.0,tt10276578,35,16.0,1,lost treasures of the maya
5672,Star Wars Blips,2017,16+,34/100,0,0,0,1,tv_show,reality television,United States,English,6.1/10,tt0092400,34,16.0,1,star wars blips
5673,Birth of Europe,2012,all,34/100,0,0,0,1,tv_show,reality television,United States,English,7.1/10,tt0092400,34,16.0,1,birth of europe
5674,Alaska's Grizzly Gauntlet,2018,7+,34/100,0,0,0,1,tv_show,reality television,United States,English,6.6/10,tt0092400,34,7.0,1,alaska's grizzly gauntlet
5675,Muppet Moments,2015,16+,34/100,0,0,0,1,tv_show,reality television,United States,English,6.0,tt4555736,34,16.0,1,muppet moments
5676,Billy Dilley's Super-Duper Subterranean Summer,2017,7+,34/100,0,0,0,1,tv_show,reality television,United States,English,4.4/10,tt0092400,34,7.0,1,billy dilley's super-duper subterranean summer
5677,Mickey Go Local,2019,16+,34/100,0,0,0,1,tv_show,reality television,United States,English,6.0/10,tt0092400,34,16.0,1,mickey go local
5678,Gathering Storm,2020,16+,33/100,0,0,0,1,tv_show,reality television,United States,English,10.0,tt0092400,33,16.0,1,gathering storm
5679,Disney Fam Jam,2020,all,33/100,0,0,0,1,tv_show,reality television,United States,English,6.5,tt11138524,33,16.0,1,disney fam jam
5680,LEGO Star Wars: All-Stars,2018,7+,33/100,0,0,0,1,tv_show,reality television,United States,English,7.0,tt9297164,33,7.0,1,lego star wars: all-stars
5681,Out There with Jack Randall,2019,16+,33/100,0,0,0,1,tv_show,reality television,United States,English,7.0/10,tt0092400,33,16.0,1,out there with jack randall
5682,Disney Junior Music Nursery Rhymes,2017,all,32/100,0,0,0,1,tv_show,reality television,United States,English,6.3,tt9277788,32,16.0,1,disney junior music nursery rhymes
5683,United States of Animals,2016,16+,32/100,0,0,0,1,tv_show,reality television,United States,English,6.3/10,tt0092400,32,16.0,1,united states of animals
5684,Disney Family Sundays,2019,all,31/100,0,0,0,1,tv_show,reality television,United States,English,6.4,tt11199552,31,16.0,1,disney family sundays
5685,Rocky Mountain Animal Rescue,2018,16+,30/100,0,0,0,1,tv_show,reality television,United States,English,10.0,tt9395780,30,16.0,1,rocky mountain animal rescue
5686,Wild Nordic,2019,16+,30/100,0,0,0,1,tv_show,reality television,United States,English,6.0/10,tt0092400,30,16.0,1,wild nordic
5687,Wild Chile,2018,7+,30/100,0,0,0,1,tv_show,reality television,United States,English,7.5/10,tt0092400,30,7.0,1,wild chile
5688,Howie Mandel's Animals Doing Things,2018,all,30/100,0,0,0,1,tv_show,reality television,United States,English,3.2/10,tt0092400,30,16.0,1,howie mandel's animals doing things
5690,The Big Fib,2020,all,29/100,0,0,0,1,tv_show,reality television,United States,English,6.0,tt11241096,29,16.0,1,the big fib
5691,Vampirina: Ghoul Girls Rock!,2018,all,28/100,0,0,0,1,tv_show,reality television,United States,English,7.7/10,tt0092400,28,16.0,1,vampirina: ghoul girls rock!
5692,Jungle Animal Rescue,2020,16+,28/100,0,0,0,1,tv_show,reality television,United States,English,6.4/10,tt0092400,28,16.0,1,jungle animal rescue
5693,Disney Insider,2012,16+,23/100,0,0,0,1,tv_show,non-fiction,United States,English,10.0,tt11998854,23,16.0,1,disney insider
5694,First Class Chefs: Family Style,2016,16+,23/100,0,0,0,1,tv_show,reality television,United States,English,10.0,tt0092400,23,16.0,1,first class chefs: family style
5695,101 Dalmatians,1997,16+,21/100,0,0,0,1,tv_show,reality television,United States,English,10.0,tt0092400,21,16.0,1,101 dalmatians
5696,Spaced Out,2019,16+,20/100,0,0,0,1,tv_show,reality television,United States,English,10.0,tt0092400,20,16.0,1,spaced out
5697,Party Animals,2016,all,19/100,0,0,0,1,tv_show,reality television,United Kingdom,English,10.0,tt0847147,19,16.0,1,party animals
5698,Nature Boom Time,2016,16+,18/100,0,0,0,1,tv_show,reality television,United States,English,10.0,tt0092400,18,16.0,1,nature boom time
5699,Lost Treasures of Egypt,2019,16+,16/100,0,0,0,1,tv_show,documentary film,United Kingdom,English,9.0,tt10115054,16,16.0,1,lost treasures of egypt
5700,What Sam Sees,2018,16+,16/100,0,0,0,1,tv_show,reality television,United States,English,10.0,tt0092400,16,16.0,1,what sam sees
5701,Scuba Sam's World,2018,16+,14/100,0,0,0,1,tv_show,reality television,United States,English,10.0,tt0092400,14,16.0,1,scuba sam's world
5702,Calling All T.O.T.S.,2020,16+,14/100,0,0,0,1,tv_show,reality television,United States,English,10.0,tt0092400,14,16.0,1,calling all t.o.t.s.
5703,Destination: World,2018,16+,14/100,0,0,0,1,tv_show,reality television,United States,English,10.0,tt0092400,14,16.0,1,destination: world
5704,Sam's Zookeeper Challenge,2019,16+,14/100,0,0,0,1,tv_show,reality television,United States,English,10.0,tt0092400,14,16.0,1,sam's zookeeper challenge
5705,Marvel Funko,2017,16+,14/100,0,0,0,1,tv_show,reality television,United States,English,10.0,tt0092400,14,16.0,1,marvel funko
5706,"Weirdest, Bestest, Truest",2018,all,14/100,0,0,0,1,tv_show,reality television,United States,English,10.0,tt0092400,14,16.0,1,"weirdest, bestest, truest"
5707,Roll it Back,2019,16+,14/100,0,0,0,1,tv_show,reality television,United States,English,10.0,tt0092400,14,16.0,1,roll it back
5709,Animal Showdown,2018,16+,13/100,0,0,0,1,tv_show,reality television,United States,English,10.0,tt0092400,13,16.0,1,animal showdown
5710,Love & Vets,2017,16+,13/100,0,0,0,1,tv_show,reality television,United States,English,10.0,tt0092400,13,16.0,1,love & vets
5711,Awesome Animals,2020,16+,13/100,0,0,0,1,tv_show,reality television,United States,English,10.0,tt0092400,13,16.0,1,awesome animals
5712,Best Job Ever,2018,16+,10/100,0,0,0,1,tv_show,reality television,United States,English,10.0,tt0092400,10,16.0,1,best job ever
5713,Paradise Islands,2017,16+,10/100,0,0,0,1,tv_show,reality television,United States,English,10.0,tt0092400,10,16.0,1,paradise islands
5714,Mexico Untamed,2018,16+,10/100,0,0,0,1,tv_show,reality television,United States,English,10.0,tt0092400,10,16.0,1,mexico untamed
5715,Wild Centeral America,2020,16+,10/100,0,0,0,1,tv_show,reality television,United States,English,10.0,tt0092400,10,16.0,1,wild centeral america
5716,Wild Russia,2018,16+,10/100,0,0,0,1,tv_show,reality television,United States,English,10.0,tt1489868,10,16.0,1,wild russia
5717,Fearless Adventures with Jack Randall,2018,16+,10/100,0,0,0,1,tv_show,reality television,United States,English,10.0,tt0092400,10,16.0,1,fearless adventures with jack randall
